真实房价 / Actual price (万元人民币 / 10k RMB),预测房价 / Predicted price (万元人民币 / 10k RMB),预测误差 / Error (万元人民币 / 10k RMB),真实房价原始值 / Raw actual (十万美元 / 100k USD),预测房价原始值 / Raw prediction (十万美元 / 100k USD)
31.481999999999996,33.38577716848581,1.9037771684858136,0.477,0.5058451086134215
30.227999999999998,45.694715925212535,15.466715925212537,0.458,0.6923441806850384
330.00066,323.8129758503472,-6.187684149652796,5.00001,4.906257209853746
144.27599999999998,171.9962008673913,27.720200867391327,2.186,2.606003043445323
183.47999999999996,152.12134048653203,-31.358659513467927,2.78,2.304868795250486
104.74199999999999,108.64086378983122,3.898863789831225,1.587,1.6460736937853215
130.81199999999998,154.26998832619117,23.457988326191185,1.982,2.337424065548351
103.94999999999999,109.30246653550851,5.352466535508526,1.575,1.6560979778107352
224.39999999999998,172.96228536373542,-51.43771463626456,3.4,2.620640687329325
294.75600000000003,320.6103568482391,25.854356848239092,4.466,4.857732679518774
81.312,84.57489382874289,3.2628938287428895,1.232,1.281437785283983
167.57399999999998,134.8096689434924,-32.76433105650759,2.539,2.0425707415680665
141.96599999999998,107.4128399448562,-34.55316005514378,2.151,1.6274672718917607
145.53,119.09424913441704,-26.43575086558296,2.205,1.80445832021844
145.06799999999998,160.052857570726,14.984857570726007,2.198,2.4250432965261512
89.892,106.31043024414478,16.418430244144787,1.362,1.6107640946082544
117.744,133.30617738329153,15.562177383291527,1.784,2.019790566413508
123.75,123.88182902471662,0.13182902471662317,1.875,1.8769974094654036
92.26799999999999,97.28243762148907,5.01443762148908,1.398,1.4739763275983193
90.75,58.05602627796428,-32.69397372203572,1.375,0.8796367617873375
280.5,250.17686538611778,-30.323134613882218,4.25,3.7905585664563306
267.696,243.87106259299418,-23.824937407005848,4.056,3.6950160998938513
91.60799999999999,98.46618652380957,6.858186523809579,1.388,1.4919119170274178
330.00066,259.56220530619174,-70.43845469380824,5.00001,3.9327606864574514
106.986,117.07379824136788,10.087798241367878,1.621,1.7738454278995135
33.924,36.41230588354705,2.4883058835470493,0.514,0.5517016042961674
99.85799999999999,115.0604467142289,15.202446714228913,1.513,1.743340101730741
62.568,72.37132038582742,9.80332038582742,0.948,1.0965351573610216
134.706,106.28941866335643,-28.41658133664356,2.041,1.6104457373235825
238.59000000000003,248.43829147297507,9.848291472975035,3.615,3.764216537469319
56.166,65.85552815796095,9.68952815796095,0.851,0.9978110326963782
91.344,86.1937856153746,-5.1502143846254,1.384,1.3059664487177969
90.75,131.48395366071438,40.73395366071438,1.375,1.9921811160714298
306.9,260.68879466666664,-46.21120533333334,4.65,3.9498302222222224
179.38799999999998,185.59745793154772,6.209457931547746,2.718,2.812082695932541
158.004,167.02275770384378,9.01875770384379,2.394,2.530647843997633
224.99399999999997,210.87793742131555,-14.11606257868442,3.409,3.1951202639593266
99.264,105.19284199214886,5.928841992148861,1.504,1.5938309392749828
84.54599999999999,84.57854363944007,0.03254363944007821,1.281,1.2814930854460616
102.96000000000001,99.27000854833055,-3.6899914516694565,1.56,1.504091038611069
170.34599999999998,202.29374771773465,31.94774771773467,2.581,3.0650567836020404
59.730000000000004,63.97790673735363,4.247906737353624,0.905,0.9693622232932368
47.058,65.56235760534666,18.504357605346662,0.713,0.9933690546264646
145.00199999999998,136.28435989906447,-8.717640100935512,2.197,2.0649145439252194
99.66,100.06945377981009,0.409453779810093,1.51,1.5162038451486377
191.46599999999998,139.72121155804044,-51.74478844195954,2.901,2.1169880539097035
93.71999999999998,86.14653976056869,-7.573460239431299,1.42,1.305250602432859
192.39,112.34766327581669,-80.0423367241833,2.915,1.702237322360859
168.564,157.77724225682755,-10.786757743172444,2.554,2.3905642766185995
64.746,72.48725217612046,7.741252176120469,0.981,1.0982916996381888
166.254,162.27551662891443,-3.9784833710855594,2.519,2.4587199489229463
106.986,133.37355060259176,26.38755060259176,1.621,2.020811372766542
85.40400000000001,115.50342167960139,30.099421679601377,1.294,1.7500518436303243
59.00399999999999,49.66154219052902,-9.342457809470972,0.894,0.7524476089474095
99.32999999999998,93.69086049206867,-5.6391395079313185,1.505,1.4195584923040707
88.308,122.7734281908485,34.4654281908485,1.338,1.8602034574370987
53.064,51.85283100204894,-1.211168997951063,0.804,0.7856489545764991
139.32600000000002,142.80093039246236,3.4749303924623405,2.111,2.163650460491854
168.696,133.3269815238854,-35.369018476114604,2.556,2.02010578066493
141.57,151.88609100517843,10.316091005178436,2.145,2.3013044091693704
330.00066,268.0028699150161,-61.997790084983876,5.00001,4.060649544166911
133.386,148.71669894307158,15.330698943071582,2.021,2.2532833173192666
53.789999999999985,65.66984349606865,11.879843496068666,0.815,0.994997628728313
65.20799999999998,66.31027643091899,1.1022764309190052,0.988,1.004701158044227
186.05399999999997,196.92033654703258,10.866336547032603,2.819,2.9836414628338273
121.836,120.77937931032606,-1.0566206896739345,1.846,1.829990595611001
168.102,99.6257575821065,-68.4762424178935,2.547,1.5094811754864623
94.446,95.06784077383821,0.6218407738382155,1.431,1.4404218299066396
107.25,119.74011870314159,12.49011870314159,1.625,1.8142442227748727
94.116,102.29407549452672,8.178075494526723,1.426,1.5499102347655564
56.693999999999996,81.0221087996765,24.328108799676507,0.859,1.2276077090860078
123.354,138.96163086770437,15.607630867704373,1.869,2.1054792555712787
47.058,58.55130441086072,11.493304410860723,0.713,0.8871409759221323
115.104,121.41360584561252,6.3096058456125235,1.744,1.8396000885698869
148.5,117.34798337329232,-31.152016626707677,2.25,1.7779997480801868
96.69,143.7083078778952,47.01830787789521,1.465,2.1773986042105333
267.3,267.2838865865959,-0.01611341340412764,4.05,4.049755857372665
125.136,160.46049135869148,35.32449135869149,1.896,2.43121956604078
108.50399999999998,119.14781681756673,10.643816817566758,1.644,1.8052699517813142
222.75,189.05134293445704,-33.69865706554296,3.375,2.864414286885713
47.849999999999994,57.67746788541949,9.827467885419495,0.725,0.873901028566962
94.90799999999999,111.8531362757132,16.94513627571321,1.438,1.6947444890259575
105.6,128.43774354531735,22.837743545317352,1.6,1.9460264173532935
77.946,132.60116460616123,54.655164606161236,1.181,2.0091085546388063
246.84000000000003,261.15086458775517,14.310864587755134,3.74,3.956831281632654
133.782,154.3483316011905,20.566331601190484,2.027,2.3386110848665225
63.756,58.39895116071613,-5.35704883928387,0.966,0.8848325933441838
43.428,49.65648336656674,6.228483366566742,0.658,0.7523709600994961
110.48399999999998,135.95631885266303,25.47231885266305,1.674,2.0599442250403492
118.66799999999999,147.4998640683596,28.83186406835962,1.798,2.234846425278176
63.821999999999996,78.2766899194546,14.454689919454601,0.967,1.1860104533250697
175.62599999999998,185.49359377226116,9.867593772261188,2.661,2.8105089965494114
60.12599999999999,62.019080932193695,1.8930809321937048,0.911,0.9396830444271773
32.868,33.37921899519126,0.5112189951912569,0.498,0.5057457423513828
59.862,64.67550529366193,4.813505293661926,0.907,0.979931898388817
76.42799999999998,86.45075096259659,10.022750962596604,1.158,1.3098598630696452
183.87599999999998,239.7918815482142,55.91588154821423,2.786,3.6332103264880944
165.0,111.07110400134643,-53.92889599865357,2.5,1.6828955151719156
56.099999999999994,87.5232333184524,31.423233318452404,0.85,1.3261095957341271
116.82,110.49692799393834,-6.3230720060616505,1.77,1.6741958786960356
65.802,89.1864012388429,23.384401238842898,0.997,1.351309109679438
236.01599999999996,277.6570557309783,41.64105573097834,3.576,4.206925086833005
313.5,215.01524961383677,-98.48475038616323,4.75,3.2578068123308603
180.57600000000002,173.30682499459024,-7.269175005409778,2.736,2.6258609847665193
120.384,146.4030541290287,26.019054129028703,1.824,2.2182280928640714
104.148,102.76481518794942,-1.3831848120505725,1.578,1.5570426543628701
127.90799999999999,132.73719754777665,4.829197547776658,1.938,2.011169659814798
220.176,192.34658261021323,-27.829417389786755,3.336,2.9143421607608064
174.636,175.5067358422495,0.870735842249502,2.646,2.6591929673068107
38.544,52.32760970010348,13.783609700103483,0.584,0.7928425712136892
114.44399999999999,90.40344344592921,-24.040556554070776,1.734,1.3697491431201396
141.768,156.7885514420531,15.02055144205309,2.148,2.3755841127583803
132.0,196.80986028392857,64.80986028392857,2.0,2.981967580059524
279.048,245.72819602474928,-33.31980397525072,4.228,3.723154485223474
61.776,106.5148307142857,44.73883071428569,0.936,1.613861071428571
80.65199999999999,132.2371402647882,51.58514026478821,1.222,2.003593034314973
110.61599999999999,112.95450489890247,2.3385048989024853,1.676,1.7114318924076133
200.37599999999998,190.22120324595028,-10.154796754049698,3.036,2.882139443120459
177.738,161.96451533566548,-15.773484664334518,2.693,2.454007808116144
174.504,141.52414114107145,-32.97985885892854,2.644,2.144305168804113
126.05999999999997,116.81054835200744,-9.24945164799253,1.91,1.769856793212234
101.508,123.67716806182125,22.169168061821253,1.538,1.8738964857851705
181.82999999999998,208.38382517559523,26.55382517559525,2.755,3.157330684478716
137.80800000000002,124.86276850866085,-12.945231491339172,2.088,1.8918601289191037
93.91799999999999,95.24999827130775,1.3319982713077536,1.423,1.4431817919895114
41.91,59.46544182796282,17.555441827962824,0.635,0.9009915428479216
63.227999999999994,74.40842008964172,11.180420089641729,0.958,1.127400304388511
152.922,141.94833264025195,-10.973667359748049,2.317,2.1507323127310904
146.18999999999997,177.85057093703426,31.660570937034294,2.215,2.694705620258095
59.06999999999999,131.6681241093366,72.5981241093366,0.895,1.9949715774141907
149.15999999999997,210.30196344119543,61.14196344119546,2.26,3.186393385472658
330.00066,327.7617107874995,-2.238949212500472,5.00001,4.966086527083326
178.332,185.72728552743354,7.395285527433543,2.702,2.81404978071869
39.336,49.164466236062744,9.828466236062745,0.596,0.7449161550918598
127.578,149.91724838100768,22.33924838100768,1.933,2.2714734603182984
88.176,78.3658214344935,-9.810178565506504,1.336,1.1873609308256592
106.854,152.9155581811539,46.0615581811539,1.619,2.31690239668415
235.95,177.75535507145364,-58.19464492854635,3.575,2.6932629556280854
182.49,154.13258364613293,-28.35741635386708,2.765,2.3353421764565594
271.062,201.27094374992993,-69.79105625007008,4.107,3.0495597537868173
247.5,167.76769701570572,-79.73230298429428,3.75,2.5419348032682683
89.232,82.69893067302031,-6.533069326979685,1.352,1.2530141011063685
110.35199999999999,95.8474412755025,-14.504558724497485,1.672,1.452233958719735
166.32,159.49332529037744,-6.8266747096225515,2.52,2.4165655347026886
203.54399999999998,282.41562938722524,78.87162938722525,3.084,4.279024687685231
113.586,104.5187514404451,-9.067248559554898,1.721,1.58361744606735
330.00066,298.2677876253861,-31.732872374613862,5.00001,4.519208903414942
127.90799999999999,137.8236649263996,9.915664926399614,1.938,2.0882373473696907
69.43199999999999,68.8435849522094,-0.5884150477905905,1.052,1.0430846204880213
59.928,91.61108026698649,31.683080266986494,0.908,1.3880466707119166
111.40799999999999,120.22388024081356,8.81588024081357,1.688,1.8215739430426297
106.986,87.04911281413956,-19.936887185860442,1.621,1.3189259517293874
106.392,108.59120564524225,2.199205645242259,1.612,1.6453212976551856
90.75,95.60580630955415,4.855806309554154,1.375,1.4485728228720327
190.938,194.80669475367648,3.8686947536764933,2.893,2.9516165871769164
183.94199999999998,188.9748661072086,5.032866107208633,2.787,2.8632555470789187
106.72200000000001,154.5932291517624,47.87122915176238,1.617,2.3423216538145817
152.46,156.04622438176094,3.5862243817609283,2.31,2.364336733056984
57.75,56.93943094518328,-0.8105690548167175,0.875,0.8627186506845952
63.162,66.0038394409749,2.8418394409749013,0.957,1.0000581733481044
158.796,154.8511241906813,-3.944875809318688,2.406,2.346229154404262
141.30599999999998,137.23888431296018,-4.067115687039802,2.141,2.079377035044851
282.876,269.358858905307,-13.517141094692988,4.286,4.081194831898591
82.5,96.3736838988095,13.873683898809503,1.25,1.460207331800144
50.424,55.202279521871745,4.778279521871745,0.764,0.8363981745738144
174.10799999999998,163.7262249232632,-10.381775076736773,2.638,2.4807003776252
79.46399999999998,130.09801756925637,50.634017569256386,1.204,1.9711820843826726
72.006,60.62765632311155,-11.378343676888448,1.091,0.9186008533804781
112.59599999999999,143.00278239118575,30.406782391185757,1.706,2.1667088241088748
169.884,160.68455427941103,-9.199445720588955,2.574,2.434614458778955
211.2,213.99846926094122,2.798469260941232,3.2,3.2424010494082003
191.136,210.3030546571429,19.1670546571429,2.896,3.18640991904762
202.81799999999998,178.88312913272736,-23.934870867272622,3.073,2.71035044140496
214.82999999999996,197.1262887261905,-17.70371127380946,3.255,2.9867619503968257
38.544,40.69482131960243,2.1508213196024357,0.584,0.616588201812158
32.01,41.855411561123304,9.845411561123306,0.485,0.6341729024412622
143.022,70.64878276152572,-72.37321723847427,2.167,1.0704361024473594
64.61399999999999,68.3470454755552,3.7330454755552154,0.979,1.0355612950841697
104.676,106.96983202016453,2.2938320201645297,1.586,1.6207550306085536
45.53999999999999,48.74430942679333,3.204309426793337,0.69,0.738550142830202
212.71799999999996,218.35843374929962,5.64043374929966,3.223,3.3084611174136307
308.68199999999996,221.75421385240753,-86.92778614759243,4.677,3.359912331097084
107.57999999999997,117.18254944669306,9.60254944669309,1.63,1.7754931734347434
189.486,174.50569948811292,-14.980300511887066,2.871,2.644025749819893
36.036,38.54863876292081,2.5126387629208082,0.546,0.584070284286679
59.664,75.36240458400695,15.698404584006951,0.904,1.1418546149091964
102.62999999999998,103.2194142378069,0.5894142378069205,1.555,1.5639305187546502
115.5,165.7609635784049,50.2609635784049,1.75,2.511529751187953
271.392,282.14102948035713,10.749029480357137,4.112,4.274864083035714
219.186,197.67058854011447,-21.51541145988554,3.321,2.995008917274462
93.192,104.00650157775803,10.814501577758037,1.412,1.5758560845114853
163.08599999999998,179.17421331917902,16.088213319179033,2.471,2.714760807866349
100.98,101.56889071423325,0.5888907142332442,1.53,1.5389225865792917
102.3,122.80678252413989,20.506782524139894,1.55,1.8607088261233318
257.928,101.54231045203397,-156.38568954796602,3.908,1.5385198553338482
59.4,57.161769930925885,-2.2382300690741133,0.9,0.8660874231958469
129.822,129.49234292005954,-0.32965707994046056,1.967,1.962005195758478
45.012,61.86855035378881,16.856550353788812,0.682,0.9374022780877093
330.00066,330.0006599999994,-5.684341886080801e-13,5.00001,5.000009999999992
60.786,77.23802386651295,16.452023866512945,0.921,1.1702730888865598
196.61399999999998,197.02196119677194,0.4079611967719643,2.979,2.9851812302541205
330.00066,305.7061819517855,-24.2944780482145,5.00001,4.631911847754326
219.31799999999996,208.7214421971289,-10.596557802871047,3.323,3.162446093895893
112.92599999999999,129.2318662656641,16.305866265664122,1.711,1.9580585797827896
100.38599999999998,116.79131905491366,16.405319054913676,1.521,1.7695654402259646
153.11999999999998,148.64497811945066,-4.4750218805493205,2.32,2.252196638173495
83.886,118.33673740384613,34.450737403846134,1.271,1.7929808697552445
57.75,81.31696429601466,23.56696429601466,0.875,1.2320752166062827
134.24399999999997,124.53634059348029,-9.707659406519682,2.034,1.8869142514163681
150.87599999999998,133.25228064540872,-17.62371935459126,2.286,2.0189739491728593
77.02199999999999,77.71822535388614,0.6962253538861489,1.167,1.177548868998275
275.022,321.83585403749953,46.81385403749954,4.167,4.876300818749994
150.21599999999998,122.28116216774099,-27.934837832258992,2.276,1.852744881329409
176.814,199.62951959445493,22.81551959445494,2.679,3.024689690825075
64.15199999999999,83.22248126244133,19.070481262441348,0.972,1.2609466857945657
90.75,96.50414073159315,5.754140731593154,1.375,1.4621839504786842
131.208,132.58264066854463,1.3746406685446289,1.988,2.008827888917343
45.275999999999996,39.03575063338089,-6.2402493666191035,0.686,0.5914507671724378
232.64999999999998,187.97194092306373,-44.67805907693625,3.525,2.8480597109555115
68.508,75.22828172527585,6.7202817252758535,1.038,1.1398224503829675
71.14800000000001,85.73444377662935,14.586443776629338,1.078,1.2990067238883234
86.922,120.77820452400358,33.85620452400359,1.317,1.8299727958182364
179.05800000000002,222.82495434097672,43.766954340976696,2.713,3.376135671832981
64.218,130.68897845360996,66.47097845360996,0.973,1.980136037175909
62.699999999999996,66.22802097080773,3.528020970807738,0.95,1.0034548631940567
44.55,98.74671485444381,54.19671485444381,0.675,1.4961623462794518
215.22599999999997,208.07613333188797,-7.149866668111997,3.261,3.1526686868467877
43.296,61.46872436813186,18.17272436813186,0.656,0.9313443086080586
148.896,131.9895802048522,-16.906419795147798,2.256,1.9998421243159423
174.10799999999998,215.5134703750448,41.405470375044814,2.638,3.265355611743103
229.878,187.41715307810168,-42.46084692189831,3.483,2.8396538345166924
214.5,161.97253548599932,-52.527464514000684,3.25,2.454129325545444
71.808,79.95287076883092,8.144870768830913,1.088,1.2114071328610747
264.0,241.86802339182142,-22.131976608178576,4.0,3.6646670210882037
91.344,93.03818340621099,1.6941834062109962,1.384,1.4096694455486516
40.26,52.463787875995145,12.203787875995147,0.61,0.7949058769090174
299.04599999999994,276.6891647740683,-22.35683522593166,4.531,4.192260072334368
330.00066,327.9621152055819,-2.038544794418101,5.00001,4.969122957660332
79.332,87.60715308234654,8.275153082346549,1.202,1.327381107308281
217.272,192.24554409651947,-25.026455903480525,3.292,2.9128112741896888
129.55800000000002,143.47011782441731,13.912117824417294,1.963,2.173789664006323
99.0,69.91279070141798,-29.087209298582025,1.5,1.0592847075972422
100.32,107.9066000803758,7.586600080375803,1.52,1.6349484860663002
112.134,101.76616990733618,-10.367830092663823,1.699,1.5419116652626694
90.75,124.84127898786186,34.091278987861855,1.375,1.891534530119119
186.78,175.04249399136282,-11.737506008637183,2.83,2.6521589998691337
266.97,170.99798291809995,-95.97201708190008,4.045,2.590878529062121
127.71000000000001,156.67419154407483,28.964191544074822,1.935,2.3738513870314373
135.366,194.00484599702378,58.638845997023765,2.051,2.9394673635912696
96.09599999999999,106.06671718128077,9.970717181280776,1.456,1.6070714724436481
148.5,67.36570167407157,-81.13429832592843,2.25,1.0206924496071452
142.49399999999997,138.45431775729008,-4.039682242709887,2.159,2.0977926932922744
104.60999999999999,105.8361552869009,1.2261552869009194,1.585,1.6035781104075895
82.302,90.88029596796993,8.578295967969922,1.247,1.3769741813328777
43.163999999999994,50.90096045862723,7.736960458627237,0.654,0.7712266736155642
184.932,141.11543833356353,-43.816561666436456,2.802,2.13811270202369
119.13,116.16745063857549,-2.9625493614245073,1.805,1.760112888463265
69.56400000000001,80.14466105392272,10.58066105392271,1.054,1.2143130462715566
66.0,68.27060839494791,2.2706083949479137,1.0,1.0344031574992107
109.75799999999998,101.78217272658624,-7.975827273413742,1.663,1.5421541322210037
104.28,125.03694585956768,20.75694585956768,1.58,1.8944991796904194
160.90800000000002,175.06395494999492,14.155954949994907,2.438,2.652484165909014
239.51399999999998,244.08528580998163,4.571285809981646,3.629,3.698261906211843
133.254,121.68578031573173,-11.568219684268257,2.019,1.8437239441777535
34.715999999999994,55.873499218020534,21.15749921802054,0.526,0.846568169970008
330.00066,257.3046883131634,-72.69597168683657,5.00001,3.8985558835327794
73.92,85.82174570145486,11.901745701454857,1.12,1.3003294803250738
148.5,121.41203675622249,-27.08796324377751,2.25,1.8395763144882196
290.334,258.50192242678565,-31.83207757321435,4.399,3.9166957943452374
58.278,94.7990028410531,36.5210028410531,0.883,1.436348527894744
330.00066,330.0006599999994,-5.684341886080801e-13,5.00001,5.000009999999992
182.688,136.33097531393435,-46.35702468606564,2.768,2.0656208380899144
118.272,105.91103058603021,-12.360969413969798,1.792,1.6047125846368213
131.80200000000002,124.49590982090933,-7.306090179090688,1.997,1.8863016639531718
87.12,89.4812481492947,2.3612481492946955,1.32,1.3557764871105258
40.458,54.60270316562009,14.144703165620093,0.613,0.8273136843275772
113.45400000000001,147.06689477736657,33.61289477736656,1.719,2.2282862845055544
81.70799999999998,88.07420446813751,6.366204468137525,1.238,1.334457643456629
89.29799999999999,82.95744508048205,-6.340554919517942,1.353,1.2569309860679099
90.486,154.70003735825364,64.21403735825363,1.371,2.3439399599735404
85.338,102.91058400534777,17.572584005347778,1.293,1.5592512728082997
150.414,154.56513012885358,4.151130128853595,2.279,2.341895911043236
62.303999999999995,74.17203164111315,11.868031641113156,0.944,1.1238186612289873
68.30999999999999,88.96527252507761,20.65527252507762,1.035,1.347958674622388
211.72799999999998,264.20219155104667,52.47419155104669,3.208,4.003063508349192
82.5,252.86397771249992,170.36397771249992,1.25,3.831272389583332
219.38399999999996,216.56149821668984,-2.8225017833101163,3.324,3.281234821464998
105.006,102.62536918150269,-2.380630818497309,1.591,1.554929836083374
156.354,153.73402824718045,-2.6199717528195663,2.369,2.329303458290613
304.65599999999995,315.2633967017853,10.607396701785376,4.616,4.776718131845232
103.55399999999999,107.52407381188581,3.9700738118858254,1.569,1.6291526335134214
97.812,72.57726616782855,-25.234733832171443,1.482,1.0996555479974024
109.88999999999999,107.51228741673535,-2.377712583264639,1.665,1.6289740517687175
129.954,158.2468347738507,28.2928347738507,1.969,2.397679314755314
110.748,119.4531500994994,8.705150099499392,1.678,1.8098962136287788
83.62199999999999,64.2938917396973,-19.328108260302685,1.267,0.9741498748438986
330.00066,285.69888464901317,-44.301775350986816,5.00001,4.3287709795305025
38.21399999999999,38.77432597086748,0.5603259708674884,0.579,0.5874897874373861
157.07999999999998,149.50748493937985,-7.572515060620134,2.38,2.2652649233239375
93.71999999999998,123.91882356487544,30.198823564875454,1.42,1.8775579328011431
57.35399999999999,77.35435912448459,20.000359124484596,0.869,1.1720357443103726
36.96,46.94108254149042,9.981082541490416,0.56,0.7112285233559155
330.00066,328.4566305624995,-1.5440294375004555,5.00001,4.976615614583326
74.18400000000001,78.57602804438758,4.3920280443875725,1.124,1.190545879460418
41.976,73.04971590684335,31.073715906843347,0.636,1.1068138773764145
284.65799999999996,302.60402580178555,17.946025801785595,4.313,4.584909481845235
175.49399999999997,161.41544325824685,-14.078556741753118,2.659,2.4456885342158614
38.279999999999994,39.549804456145864,1.2698044561458701,0.58,0.5992394614567556
128.106,242.89420453287454,114.78820453287454,1.941,3.680215220195069
94.24799999999999,104.95205559341188,10.704055593411894,1.428,1.5901826605062408
117.94199999999998,108.20318222519295,-9.738817774807032,1.787,1.6394421549271658
123.75,147.68896637351185,23.938966373511846,1.875,2.2377116117198765
148.5,129.50279379785223,-18.997206202147765,2.25,1.9621635423917005
206.57999999999998,171.0105216896109,-35.56947831038909,3.13,2.59106851044865
330.00066,330.0006599999994,-5.684341886080801e-13,5.00001,5.000009999999992
101.37599999999999,98.9686588542939,-2.4073411457060843,1.536,1.4995251341559683
41.118,49.527156489440145,8.409156489440143,0.623,0.7504114619612143
128.36999999999998,138.94948251610643,10.579482516106452,1.945,2.1052951896379763
108.17399999999999,108.86814843562941,0.6941484356294154,1.639,1.6495174005398396
263.208,255.2432487,-7.964751300000017,3.988,3.86732195
134.706,184.17851303788143,49.47251303788144,2.041,2.7905835308769915
131.53799999999998,148.2014427358145,16.663442735814527,1.993,2.245476405088099
116.62199999999999,148.54371102593407,31.921711025934087,1.767,2.2506622882717284
330.00066,318.40870465119025,-11.591955348809734,5.00001,4.824374312896822
164.274,137.89318152021377,-26.380818479786228,2.489,2.0892906290941484
99.0,100.83804607880987,1.8380460788098674,1.5,1.5278491830122707
152.922,135.4146662290009,-17.50733377099911,2.317,2.051737367106074
38.279999999999994,64.86646920295456,26.586469202954568,0.58,0.9828252909538572
83.16,93.35372390192963,10.19372390192963,1.26,1.414450362150449
107.77799999999998,107.71479005423136,-0.06320994576861949,1.633,1.6320422735489601
74.844,81.45404881591199,6.610048815911995,1.134,1.2341522547865453
198.0,152.5258169443831,-45.47418305561689,3.0,2.3109972264300476
205.194,206.35031164298897,1.1563116429889817,3.109,3.126519873378621
144.40800000000002,127.47075862699572,-16.937241373004298,2.188,1.9313751307120566
46.46399999999999,46.58812822240812,0.1241282224081317,0.704,0.7058807306425473
156.88199999999998,194.4656954307762,37.58369543077623,2.377,2.9464499307693366
78.40799999999999,75.52635483690868,-2.8816451630913065,1.188,1.1443387096501316
48.245999999999995,45.89576515796701,-2.3502348420329824,0.731,0.6953903811813185
49.5,72.96323321733445,23.463233217334448,0.75,1.1055035335959764
297.46199999999993,275.3793438392856,-22.08265616071435,4.507,4.1724143005952365
158.532,159.44503661497495,0.913036614974942,2.402,2.4158338881056816
43.428,43.362300154821725,-0.06569984517827265,0.658,0.6570045478003291
42.702000000000005,46.06515007242605,3.363150072426045,0.647,0.6979568192791825
115.56599999999997,143.40496224295245,27.838962242952476,1.751,2.1728024582265526
147.642,151.51869685280542,3.8766968528054235,2.237,2.2957378311031125
63.55799999999999,69.29759275295861,5.739592752958615,0.963,1.049963526559979
267.36600000000004,254.00289677898397,-13.363103221016075,4.051,3.8485287390755145
248.688,216.75642213607244,-31.931577863927544,3.768,3.284188214182916
330.00066,329.0481501999995,-0.9525098000004846,5.00001,4.985578033333326
231.0,181.53196224078076,-49.46803775921924,3.5,2.7504842763754658
107.25,133.3209062260308,26.070906226030786,1.625,2.0200137306974364
117.018,122.71049879610253,5.692498796102527,1.773,1.8592499817591293
64.944,73.96097484031165,9.016974840311647,0.984,1.1206208309138128
91.60799999999999,76.7548279818207,-14.853172018179293,1.388,1.1629519391184955
115.5,156.2452123521615,40.7452123521615,1.75,2.3673517023054775
172.194,129.3245287397534,-42.8694712602466,2.609,1.9594625566629305
69.10199999999999,55.55144178718479,-13.550558212815197,1.047,0.8416885119270423
105.27,138.40806999796234,33.13806999796235,1.595,2.097091969666096
195.29399999999998,190.2310205412948,-5.062979458705172,2.959,2.8822881900196182
90.75,224.91675715679864,134.16675715679864,1.375,3.4078296538908885
330.00066,275.88724966925827,-54.113410330741715,5.00001,4.180109843473611
149.82,147.24959705920097,-2.5704029407990276,2.27,2.2310545008969846
174.17399999999998,155.11343276143774,-19.060567238562243,2.639,2.3502035266884507
105.86399999999999,99.10894108028526,-6.7550589197147275,1.604,1.5016506224285646
93.71999999999998,95.85647338855763,2.136473388557647,1.42,1.45237080891754
107.25,108.47525374717354,1.2252537471735394,1.625,1.6435644507147509
152.064,115.16468187101397,-36.899318128986025,2.304,1.7449194222880906
330.00066,299.22436101823286,-30.776298981767127,5.00001,4.533702439670195
143.682,178.02689660922456,34.34489660922458,2.177,2.6973772213518874
120.78,139.76173137134634,18.981731371346342,1.83,2.117601990474945
162.228,124.96455055444297,-37.26344944555704,2.458,1.8934022811279239
85.27199999999999,88.72487267044049,3.452872670440499,1.292,1.3443162525824317
39.864,47.16308376502324,7.299083765023241,0.604,0.7145921782579279
44.55,56.35568433929307,11.805684339293073,0.675,0.8538740051408041
194.832,208.40994894641534,13.577948946415347,2.952,3.1577264991881115
127.11599999999999,130.66839284884676,3.552392848846779,1.926,1.9798241340734357
99.396,101.23195543615113,1.8359554361511243,1.506,1.5338175066083504
82.96199999999999,98.28612541244009,15.324125412440097,1.257,1.4891837183703045
41.843999999999994,55.74279666484233,13.898796664842337,0.634,0.8445878282551869
99.85799999999999,122.16194036167968,22.303940361679693,1.513,1.85093849032848
162.09599999999998,213.31693821765347,51.2209382176535,2.456,3.2320748214795985
330.00066,320.9908674160231,-9.009792583976889,5.00001,4.863497991151865
109.23,115.53531371346827,6.305313713468266,1.655,1.7505350562646709
74.91,77.98041695995131,3.0704169599513165,1.135,1.1815214690901716
212.652,212.54039344017858,-0.11160655982141066,3.222,3.2203089915178573
239.25,285.6265876003228,46.37658760032281,3.625,4.327675569701861
45.93599999999999,52.85149765932089,6.9154976593208985,0.696,0.800780267565468
103.026,107.40693020445713,4.38093020445713,1.561,1.6273777303705625
57.75,82.9325891892243,25.182589189224302,0.875,1.2565543816549138
127.44600000000001,130.03700644562758,2.5910064456275705,1.931,1.9702576734186
143.88,144.5191086681704,0.6391086681703939,2.18,2.1896834646692485
67.18799999999999,64.99074972815188,-2.1972502718481053,1.018,0.9847083292144225
85.206,74.09593164187386,-11.110068358126142,1.291,1.1226656309374827
103.15799999999999,77.8586370135792,-25.29936298642079,1.563,1.1796763183875636
120.91199999999999,113.27111373112763,-7.640886268872364,1.832,1.7162289959261763
97.746,106.63664090127882,8.890640901278829,1.481,1.6157066803224065
330.00066,329.35867841249944,-0.6419815875005384,5.00001,4.990283006249991
146.58599999999998,216.24318619964487,69.65718619964488,2.221,3.2764119121158317
110.61599999999999,118.98838659759656,8.372386597596574,1.676,1.802854342387827
121.76999999999998,140.39803866868272,18.628038668682734,1.845,2.1272430101315565
244.2,268.381304515503,24.18130451550303,3.7,4.066383401750047
158.004,163.76378241538276,5.759782415382773,2.394,2.481269430536103
110.022,110.8226637920486,0.8006637920485957,1.667,1.679131269576494
153.978,128.9599167350714,-25.018083264928606,2.333,1.9539381323495668
158.39999999999998,159.21522729401906,0.8152272940190812,2.4,2.412351928697259
60.258,71.33904632774083,11.081046327740829,0.913,1.0808946413294067
319.11,321.559768810739,2.4497688107389877,4.835,4.872117709253621
99.32999999999998,108.20025277415445,8.870252774154466,1.505,1.6393977693053707
65.66999999999999,96.29902064109278,30.629020641092794,0.995,1.4590760703195875
158.532,145.14267209489745,-13.389327905102562,2.402,2.199131395377234
63.02999999999999,76.9965156879445,13.966515687944508,0.955,1.1666138740597651
330.00066,328.88615099999953,-1.114509000000453,5.00001,4.983123499999993
166.05599999999998,136.5848565183716,-29.47114348162839,2.516,2.0694675230056303
79.728,71.39737882025773,-8.330621179742266,1.208,1.081778466973602
89.562,78.81964830882893,-10.742351691171066,1.357,1.1942370955883173
148.76399999999998,142.09764375234516,-6.666356247654818,2.254,2.1529946023082602
330.00066,279.88846943934965,-50.11219056065033,5.00001,4.240734385444692
56.166,78.52491581641509,22.35891581641509,0.851,1.1897714517638651
330.00066,254.3690224046172,-75.63163759538278,5.00001,3.8540760970396546
108.768,104.92126865731647,-3.846731342683526,1.648,1.5897161917775224
73.65599999999999,95.32812011904761,21.67212011904762,1.116,1.4443654563492063
106.26,97.59212440845884,-8.667875591541161,1.61,1.4786685516433158
141.042,139.20482583333336,-1.8371741666666423,2.137,2.1091640277777786
76.89,81.12173754310376,4.231737543103762,1.165,1.229117235501572
231.0,245.53418416607136,14.534184166071356,3.5,3.7202149116071417
105.53399999999999,144.60300321784544,39.06900321784545,1.599,2.1909545942097797
289.27799999999996,202.9820090969622,-86.29599090303776,4.383,3.0754849863176092
112.92599999999999,111.90542947549159,-1.0205705245084005,1.711,1.6955368102347212
178.926,191.39880710205404,12.472807102054048,2.711,2.8999819257886976
330.00066,153.80458748984717,-176.19607251015282,5.00001,2.330372537724957
44.88,66.83840586569643,21.958405865696427,0.68,1.0127031191772187
126.522,137.99134326015061,11.469343260150609,1.917,2.0907779281841004
168.894,176.63410008330902,7.7401000833090166,2.559,2.6762742436865006
74.25,87.64756840198395,13.397568401983946,1.125,1.3279934606361206
120.25199999999998,113.29818376606292,-6.9538162339370615,1.822,1.7166391479706504
229.41599999999997,204.82815383541674,-24.587846164583226,3.476,3.103456876294193
219.11999999999995,205.0232169938589,-14.096783006141038,3.32,3.106412378694832
73.19399999999999,81.91652005218444,8.72252005218445,1.109,1.2411593947300674
139.854,140.94054040012526,1.0865404001252443,2.119,2.135462733335231
173.25,159.3607309283303,-13.889269071669702,2.625,2.414556529217126
157.01399999999998,150.10320381434735,-6.910796185652629,2.379,2.2742909668840507
59.4,96.98977582815044,37.589775828150444,0.9,1.4695420580022795
281.952,244.7079882733587,-37.244011726641304,4.272,3.7076967920205868
244.52999999999997,227.84281339416665,-16.68718660583332,3.705,3.4521638393055554
76.758,71.2206245150758,-5.537375484924198,1.163,1.0791003714405425
112.72799999999998,115.28788399305101,2.559883993051031,1.708,1.7467861211068336
188.43,204.74825968653784,16.31825968653783,2.855,3.102246358886937
73.59,102.73939625362951,29.149396253629504,1.115,1.5566575189943865
54.912,86.46672289254602,31.554722892546017,0.832,1.310101862008273
163.81199999999998,150.71411507659482,-13.09788492340516,2.482,2.2835471981302247
261.03,223.08889565051405,-37.941104349485926,3.955,3.3801347825835464
144.07799999999997,140.68712882842283,-3.390871171577146,2.183,2.1316231640670127
330.00066,319.20973310939564,-10.79092689060434,5.00001,4.836511107718116
58.674,59.766633686805676,1.0926336868056765,0.889,0.9055550558606921
119.46000000000001,121.97446427091789,2.514464270917884,1.81,1.8480979434987561
185.394,231.4678301759102,46.07383017591019,2.809,3.5070883359986396
227.898,199.19472711383682,-28.703272886163177,3.453,3.018101925967225
119.46000000000001,133.2430904323329,13.783090432332898,1.81,2.018834703520196
126.85199999999999,136.29500029846324,9.443000298463247,1.922,2.0650757620979276
51.546,43.03076231850813,-8.515237681491868,0.781,0.6519812472501232
49.5,85.10068713407391,35.60068713407391,0.75,1.2894043505162713
285.97799999999995,267.9470896535715,-18.03091034642847,4.333,4.059804388690477
105.66599999999998,103.70218051846376,-1.9638194815362198,1.601,1.5712451593706631
72.072,83.99508785437389,11.92308785437389,1.092,1.2726528462783924
63.49199999999999,84.64864232310595,21.156642323105956,0.962,1.2825551867137266
126.324,107.89045496485262,-18.433545035147375,1.914,1.6347038631038278
237.6,140.0167137104395,-97.5832862895605,3.6,2.1214653592490835
122.49600000000001,149.88358488236778,27.387584882367776,1.856,2.270963407308603
78.40799999999999,75.01646305175053,-3.3915369482494526,1.188,1.1366130765416749
80.982,71.79949824494432,-9.182501755055682,1.227,1.0878711855294594
136.15800000000002,131.48096025304267,-4.677039746957348,2.063,1.9921357614097375
129.09599999999998,91.85864960250659,-37.23735039749339,1.956,1.3917977212500998
49.896,62.53652183631777,12.640521836317767,0.756,0.9475230581260268
68.838,73.82087933372064,4.982879333720646,1.043,1.11849817172304
254.69400000000002,278.3730464342936,23.679046434293582,3.859,4.21777343082263
75.174,96.09527171791933,20.921271717919325,1.139,1.4559889654230203
52.403999999999996,74.74591533711346,22.341915337113463,0.794,1.1325138687441434
53.65799999999999,53.60761425237208,-0.050385747627906596,0.813,0.8122365795813952
85.27199999999999,124.07837627865462,38.806376278654625,1.292,1.8799753981614338
48.51,56.31142194671777,7.801421946717774,0.735,0.8532033628290572
116.094,113.3879738448464,-2.7060261551535945,1.759,1.717999603709794
93.98399999999998,103.31195462586965,9.327954625869666,1.424,1.5653326458465098
154.50600000000003,140.8630123191979,-13.642987680802122,2.341,2.1342880654423926
189.222,189.212393029972,-0.009606970028016804,2.867,2.8668544398480607
61.05,80.94261123354734,19.892611233547342,0.925,1.2264032005082932
112.266,112.82019077488162,0.5541907748816186,1.701,1.709396829922449
106.788,109.9501363660645,3.1621363660645017,1.618,1.6659111570615834
148.698,161.1144006019456,12.416400601945583,2.253,2.4411272818476606
112.59599999999999,94.9985400222942,-17.597459977705796,1.706,1.4393718185196092
210.80399999999997,203.53130969485497,-7.272690305145005,3.194,3.083807722649318
63.227999999999994,56.21114068624893,-7.016859313751063,0.958,0.8516839497916505
48.443999999999996,57.4598644338628,9.015864433862802,0.734,0.8706040065736789
61.776,83.93033745922921,22.154337459229204,0.936,1.271671779685291
34.122,35.94340266064763,1.8214026606476281,0.517,0.5445970100098126
236.74200000000002,234.1608863292941,-2.5811136707059177,3.587,3.5478922171105167
42.702000000000005,46.43300607921277,3.7310060792127615,0.647,0.7035303951395874
227.172,189.40151439943136,-37.770485600568634,3.442,2.8697199151428996
207.24,209.87130529534315,2.6313052953431395,3.14,3.179868262050654
122.562,138.7197002581206,16.157700258120613,1.857,2.1018136402745546
184.338,173.25915267748846,-11.078847322511535,2.793,2.6251386769316434
78.80399999999999,128.7907406477679,49.98674064776792,1.194,1.9513748582995138
185.064,187.70271118307164,2.638711183071649,2.804,2.8439804724707827
123.486,144.5371963571865,21.051196357186498,1.871,2.189957520563432
55.30799999999999,52.548865347563606,-2.759134652436387,0.838,0.7961949295085395
204.13799999999998,155.02863932767258,-49.1093606723274,3.093,2.348918777692009
151.272,190.01686033035722,38.74486033035723,2.292,2.8790433383387457
161.7,148.23770095564544,-13.462299044354552,2.45,2.246025772055234
150.21599999999998,178.68656786905302,28.470567869053042,2.276,2.7073722404401974
330.00066,301.16548488666876,-28.835175113331218,5.00001,4.563113407373769
211.72799999999998,168.15707537506097,-43.57092462493901,3.208,2.5478344753797115
97.218,100.57992674330866,3.3619267433086577,1.473,1.5239382839895252
107.118,124.58083400505481,17.462834005054816,1.623,1.887588394015982
175.49399999999997,182.1499248026233,6.655924802623332,2.659,2.7598473454942924
330.00066,304.76289208749995,-25.237767912500033,5.00001,4.6176195770833335
124.806,139.25564796403796,14.449647964037965,1.891,2.1099340600611813
208.82399999999998,267.40861748017227,58.584617480172284,3.164,4.05164571939655
120.05399999999997,116.80663044436432,-3.2473695556356574,1.819,1.769797430975217
172.59,226.6153530065234,54.0253530065234,2.615,3.433565954644294
45.53999999999999,45.498692223510226,-0.04130777648976647,0.69,0.6893741245986399
119.65799999999999,177.55306992499996,57.89506992499997,1.813,2.690198029166666
193.38,198.93808238103648,5.558082381036485,2.93,3.0142133694096436
73.326,86.60871642885276,13.282716428852765,1.111,1.3122532792250419
144.07799999999997,177.8732606688278,33.79526066882784,2.183,2.6950494040731487
97.15199999999999,96.32573276215646,-0.8262672378435241,1.472,1.4594807994266132
160.90800000000002,110.64344496287539,-50.26455503712462,2.438,1.6764158327708394
147.18,141.60305337216465,-5.576946627835355,2.23,2.145500808669161
90.75,101.11580138600242,10.365801386002417,1.375,1.5320575967576124
39.995999999999995,42.00060402499165,2.0046040249916572,0.606,0.6363727882574494
181.5,107.87415237499998,-73.62584762500002,2.75,1.6344568541666664
231.0,164.3008014912892,-66.6991985087108,3.5,2.4894060832013514
112.992,97.72628084888649,-15.265719151113515,1.712,1.4807012249831286
55.10999999999999,63.26844437574532,8.158444375745326,0.835,0.9586127935718988
148.5,184.07284911074476,35.572849110744755,2.25,2.7889825622840116
109.29599999999999,118.0415144618125,8.745514461812505,1.656,1.788507794875947
100.32,110.33896130576265,10.018961305762659,1.52,1.671802444026707
126.71999999999998,137.76374812499995,11.043748124999965,1.92,2.087329517045454
167.772,190.45536288649032,22.68336288649033,2.542,2.8856873164619747
99.0,65.73836368106342,-33.26163631893658,1.5,0.9960358133494458
140.25,161.92337352310022,21.673373523100224,2.125,2.4533844473197006
53.064,44.304316252974694,-8.759683747025306,0.804,0.6712775189844651
136.29,165.5047800893995,29.21478008939951,2.065,2.5076481831727198
218.52599999999998,222.19664190543898,3.6706419054389983,3.311,3.366615786446045
132.92399999999998,164.75992210167504,31.835922101675067,2.014,2.4963624560859854
124.344,120.96241833412623,-3.3815816658737674,1.884,1.8327639141534278
128.964,128.4294111024845,-0.5345888975155049,1.954,1.945900168219462
292.05,291.70273367321414,-0.34726632678587066,4.425,4.419738388988093
100.782,124.93722758460747,24.155227584607474,1.527,1.8929882967364768
330.00066,330.0006599999994,-5.684341886080801e-13,5.00001,5.000009999999992
158.268,169.83554934412135,11.567549344121346,2.398,2.5732658991533537
105.20400000000001,73.79248401527686,-31.411515984723152,1.594,1.118067939625407
60.587999999999994,82.2322643138593,21.64426431385931,0.918,1.245943398694838
158.99399999999997,171.5887344907213,12.594734490721322,2.409,2.5998293104654744
90.024,95.6021847095184,5.578184709518396,1.364,1.4485179501442182
68.37599999999999,63.667380064199115,-4.708619935800876,1.036,0.9646572736999867
87.44999999999999,92.97370832018632,5.52370832018633,1.325,1.4086925503058534
193.314,198.9348119202105,5.620811920210514,2.929,3.0141638169728866
41.448,104.04860779761904,62.60060779761904,0.628,1.5764940575396824
73.986,80.58941277268251,6.603412772682503,1.121,1.2210517086770079
58.806,53.47825332491047,-5.327746675089529,0.891,0.8102765655289466
79.66199999999999,80.5596218027885,0.8976218027885068,1.207,1.2206003303452804
311.12399999999997,247.1125699982143,-64.01143000178567,4.714,3.744129848457793
207.70199999999997,240.0614707613033,32.35947076130333,3.147,3.6372950115348983
149.42399999999998,167.95766771432847,18.533667714328487,2.264,2.544813147186795
270.40200000000004,198.60836179446866,-71.79363820553138,4.097,3.009217602946495
98.34,93.93948488143893,-4.400515118561074,1.49,1.4233255285066506
113.322,263.9778214728391,150.65582147283908,1.717,3.9996639617096834
155.43,220.82310190089274,65.39310190089273,2.355,3.3458045742559506
213.048,187.33977339494766,-25.708226605052346,3.228,2.8384814150749644
161.36999999999998,174.96322051618145,13.593220516181475,2.445,2.65095788660881
107.052,119.52993073046059,12.477930730460585,1.622,1.8110595565221304
224.99399999999997,243.74325975377047,18.749259753770502,3.409,3.693079693238947
37.88399999999999,33.58892481540312,-4.295075184596875,0.574,0.5089231032636836
131.274,140.58710151031218,9.31310151031218,1.989,2.130107598641094
72.40199999999999,111.33663387247731,38.93463387247732,1.097,1.686918695037535
90.75,79.6715970446234,-11.078402955376603,1.375,1.2071454097670213
56.562,87.7492820926547,31.187282092654698,0.857,1.3295345771614349
64.878,60.20835629761358,-4.6696437023864235,0.983,0.9122478226911148
117.612,111.54292898963412,-6.0690710103658745,1.782,1.6900443786308201
90.75,163.7836252908986,73.03362529089861,1.375,2.4815700801651306
181.5,181.9639701785715,0.46397017857148626,2.75,2.757029851190477
251.78999999999996,206.47529462499995,-45.31470537500002,3.815,3.128413554924242
330.00066,327.111016048239,-2.889643951761002,5.00001,4.956227515882409
330.00066,316.4820474724151,-13.518612527584878,5.00001,4.795182537460835
118.272,106.04814951923078,-12.22385048076923,1.792,1.6067901442307693
134.97,148.55123498329294,13.581234983292944,2.045,2.2507762876256505
260.10599999999994,276.0929074880952,15.986907488095255,3.941,4.183225871031746
121.70400000000001,121.02701794425815,-0.6769820557418598,1.844,1.8337426961251235
114.83999999999999,105.14592483792917,-9.694075162070817,1.74,1.5931200733019573
53.262,62.31151178899357,9.04951178899357,0.807,0.9441138149847511
125.136,126.45925662231474,1.3232566223147444,1.896,1.9160493427623446
39.599999999999994,54.55066940174685,14.950669401746858,0.6,0.8265252939658614
83.556,75.20644262770618,-8.349557372293816,1.266,1.1394915549652453
173.25,159.01194857015392,-14.238051429846081,2.625,2.409271948032635
91.87199999999999,90.66667997504719,-1.2053200249527976,1.392,1.373737575379503
33.858,37.100044007043955,3.2420440070439582,0.513,0.5621218788946054
151.272,161.1715381263731,9.899538126373102,2.292,2.441993001914744
66.726,107.74180320236192,41.01580320236192,1.011,1.6324515636721504
64.482,60.878114458008376,-3.603885541991623,0.977,0.9223956736061876
104.478,96.57289277250436,-7.905107227495634,1.583,1.463225648068248
230.406,260.82911358035705,30.42311358035704,3.491,3.9519562663690464
56.43,78.58483801536113,22.15483801536113,0.855,1.190679363869108
141.30599999999998,172.12004442496985,30.814044424969865,2.141,2.6078794609843916
149.886,151.02746967005513,1.1414696700551303,2.271,2.288294995000835
102.762,88.26289913546738,-14.499100864532622,1.557,1.3373166535676877
44.088,60.10763567772304,16.019635677723038,0.668,0.9107217526927733
136.81799999999998,147.36101457722987,10.543014577229883,2.073,2.2327426451095436
147.048,127.45800654834623,-19.58999345165377,2.228,1.9311819173991853
233.97,236.42896039695995,2.4589603969599523,3.545,3.582256975711515
224.72999999999996,213.24652738186518,-11.483472618134783,3.405,3.231007990634321
34.914,41.2238709207011,6.309870920701101,0.529,0.6246041048591077
92.79599999999999,117.24609533143824,24.45009533143825,1.406,1.7764559898702763
99.52799999999999,126.17891833744463,26.650918337444637,1.508,1.9118017929915854
37.026,50.46469520116945,13.438695201169445,0.561,0.7646165939571129
171.33599999999998,186.14970578166728,14.813705781667295,2.596,2.8204500876010195
210.474,198.9364436306837,-11.537556369316292,3.189,3.014188539858844
97.94399999999999,159.12265611207044,61.178656112070456,1.484,2.4109493350313707
191.334,155.43765298344115,-35.89634701655885,2.899,2.355115954294563
106.788,147.5815367714285,40.79353677142849,1.618,2.236083890476189
168.29999999999998,140.21323678091838,-28.086763219081604,2.55,2.1244429815290666
57.75,87.13447217377943,29.38447217377943,0.875,1.3202192753602946
161.7,196.71056275230015,35.01056275230016,2.45,2.980463072004548
201.29999999999998,207.76093137776678,6.460931377766798,3.05,3.147892899663133
141.9,189.4197513232978,47.51975132329778,2.15,2.8699962321711787
164.34,189.7829469669655,25.442946966965508,2.49,2.8754991964691743
330.00066,330.0006599999994,-5.684341886080801e-13,5.00001,5.000009999999992
211.2,159.2432498761784,-51.95675012382159,3.2,2.41277651327543
114.83999999999999,125.75743161637968,10.917431616379687,1.74,1.9054156305512073
193.04999999999998,162.5426288644613,-30.507371135538676,2.925,2.4627671040069896
330.00066,316.7652813321426,-13.23537866785739,5.00001,4.799473959577918
191.334,201.22807087148706,9.89407087148706,2.899,3.048910164719501
289.344,232.04123066362956,-57.30276933637043,4.384,3.5157762221762057
120.11999999999999,128.87032428027544,8.75032428027545,1.82,1.9525806709132643
112.53,135.92696715979795,23.396967159797953,1.705,2.0594995024211813
45.672,47.82510844473212,2.1531084447321263,0.692,0.724622855223214
63.09599999999999,79.03434235091389,15.9383423509139,0.956,1.1974900356199076
180.048,219.6353157217032,39.58731572170319,2.728,3.3278078139652
53.65799999999999,124.10960099999997,70.45160099999998,0.813,1.8804484999999995
179.784,187.89988028310108,8.115880283101092,2.724,2.8469678830772893
100.716,106.11877432227048,5.4027743222704885,1.526,1.6078602170040983
36.894000000000005,51.00750236218293,14.113502362182928,0.559,0.7728409448815596
140.90999999999997,140.7444822616282,-0.16551773837176142,2.135,2.1324921554792153
218.65800000000002,109.54814140315935,-109.10985859684067,3.313,1.6598203242902934
133.188,127.66332952773548,-5.5246704722645035,2.018,1.934292871632356
37.68599999999999,47.94541615427867,10.259416154278675,0.571,0.7264456993072526
218.988,250.6709020943468,31.682902094346787,3.318,3.7980439711264666
241.49399999999997,141.56776771725137,-99.9262322827486,3.659,2.144966177534112
84.14999999999999,70.1876126825089,-13.962387317491093,1.275,1.0634486770077107
73.78800000000001,65.43100766893306,-8.356992331066948,1.118,0.9913789040747434
233.44199999999998,175.60416130335832,-57.837838696641654,3.537,2.6606691106569444
151.338,156.87084785856507,5.532847858565077,2.293,2.376831028160077
57.75,66.0914301936663,8.341430193666298,0.875,1.001385305964641
156.75,165.2577380703714,8.507738070371403,2.375,2.503905122278355
74.77799999999999,60.83433362946514,-13.94366637053485,1.133,0.9217323277191689
74.25,74.14544632605717,-0.10455367394283144,1.125,1.1234158534251086
91.41,70.86270719109396,-20.547292808906036,1.385,1.073677381683242
202.884,237.8328753661777,34.9488753661777,3.074,3.603528414639056
66.594,79.31025663254012,12.716256632540123,1.009,1.2016705550384867
64.54799999999999,62.98014133042616,-1.5678586695738304,0.978,0.9542445656125176
116.62199999999999,147.05788401800595,30.435884018005964,1.767,2.228149757848575
143.88,141.49274419744012,-2.387255802559878,2.18,2.1438294575369716
191.796,138.59972769266216,-53.196272307337836,2.906,2.0999958741312446
104.082,119.3895164619111,15.307516461911106,1.577,1.8089320676047138
229.67999999999998,225.84318074496332,-3.8368192550366587,3.48,3.421866374923687
44.352000000000004,55.665312667685605,11.3133126676856,0.672,0.8434138282982667
171.86399999999998,148.02532189283383,-23.838678107166146,2.604,2.242807907467179
81.576,95.8248968154762,14.2488968154762,1.236,1.4518923759920637
44.55,43.54071152188153,-1.0092884781184637,0.675,0.6597077503315385
86.262,102.05293201604464,15.790932016044636,1.307,1.546256545697646
43.56,58.533724503505475,14.973724503505473,0.66,0.886874613689477
109.95599999999999,119.05868117322305,9.102681173223061,1.666,1.8039194117155009
148.896,135.64311207603203,-13.252887923967961,2.256,2.0551986678186673
169.686,140.50314130721097,-29.18285869278904,2.571,2.1288354743516815
330.00066,318.89033595833297,-11.110324041667013,5.00001,4.83167175694444
75.174,83.39700738761773,8.223007387617727,1.139,1.2635910210245112
60.059999999999995,82.59696199551526,22.536961995515263,0.91,1.2514691211441706
143.48399999999998,127.56180198112338,-15.9221980188766,2.174,1.9327545754715665
63.35999999999999,66.26031103476257,2.9003110347625736,0.96,1.0039441065873116
85.27199999999999,75.05689690278558,-10.21510309721441,1.292,1.1372257106482664
231.13199999999995,230.90845061879645,-0.22354938120349743,3.502,3.4986128881635827
291.786,325.7792010445943,33.99320104459429,4.421,4.936048500675671
147.11399999999998,101.95847426969914,-45.15552573030084,2.229,1.5448253677227144
53.65799999999999,53.285018202281044,-0.3729817977189427,0.813,0.807348760640622
105.99600000000001,109.64029060146875,3.6442906014687395,1.606,1.6612165242646781
330.00066,213.3586272586877,-116.64203274131228,5.00001,3.2327064736164806
225.19199999999998,223.01943402017758,-2.1725659798223944,3.412,3.3790823336390545
190.01399999999998,185.77534887461135,-4.238651125388628,2.879,2.8147780132516873
227.50199999999998,294.9460988921341,67.44409889213412,3.447,4.468880286244456
118.8,123.34919100987575,4.549191009875756,1.8,1.868927136513269
110.748,148.04858588659948,37.30058588659948,1.678,2.2431603922212044
36.3,50.98807298669659,14.68807298669659,0.55,0.7725465604044938
33.528,34.046791113013064,0.5187911130130658,0.508,0.5158604714092888
94.116,131.98636477517,37.87036477516999,1.426,1.9997934056843938
155.62800000000001,135.4612954931782,-20.166704506821816,2.358,2.052443871108761
74.38199999999999,94.48578848147706,20.103788481477068,1.127,1.4316028557799556
138.732,134.0611232182976,-4.67087678170239,2.102,2.031229139671176
139.06199999999998,70.55485236918938,-68.5071476308106,2.107,1.0690129146846874
43.163999999999994,42.52897900135141,-0.6350209986485851,0.654,0.6443784697174456
107.25,118.20413780191922,10.954137801919217,1.625,1.790971784877564
99.198,110.18005732894932,10.982057328949324,1.503,1.6693948080143837
330.00066,307.92384268089404,-22.076817319105942,5.00001,4.665512767892334
66.924,83.3662500337961,16.4422500337961,1.014,1.2631250005120624
146.38799999999998,184.59382886306102,38.20582886306104,2.218,2.796876194894864
171.798,151.18200567992133,-20.61599432007867,2.603,2.2906364496957776
118.00799999999998,125.32725402519831,7.319254025198333,1.788,1.8988977882605806
112.46399999999998,112.05229897264445,-0.4117010273555337,1.704,1.697762105646128
210.80399999999997,236.59010478183018,25.786104781830204,3.194,3.5846985573004573
125.79599999999998,143.65352021613074,17.857520216130766,1.906,2.1765684881231935
121.506,131.26581446755316,9.759814467553156,1.841,1.9888759767811084
126.12599999999999,136.05420035866806,9.928200358668064,1.911,2.061427278161637
98.736,145.2875191019851,46.55151910198511,1.496,2.2013260469997746
330.00066,289.98755111071426,-40.01310888928572,5.00001,4.3937507744047615
121.044,125.47568549670267,4.43168549670267,1.834,1.9011467499500405
293.10599999999994,250.97271506845243,-42.13328493154751,4.441,3.802616894976552
160.182,171.77879657610637,11.596796576106385,2.427,2.602709039031915
50.291999999999994,65.79817747493517,15.506177474935178,0.762,0.9969420829535632
87.71399999999998,101.24495573133332,13.530955731333336,1.329,1.5340144807777776
270.46799999999996,201.08021447324424,-69.38778552675572,4.098,3.0466699162612767
74.25,64.69532420565571,-9.554675794344291,1.125,0.9802321849341775
248.55599999999995,205.02543164338746,-43.53056835661249,3.766,3.1064459339907193
33.33,66.17432603763203,32.84432603763203,0.505,1.0026413036004853
330.00066,261.3585420716641,-68.64211792833589,5.00001,3.959977910176729
138.27,127.28980075695665,-10.980199243043359,2.095,1.9286333448023736
51.348,56.44320131832092,5.0952013183209175,0.778,0.8552000199745594
197.802,209.55114617582555,11.749146175825558,2.997,3.1750173663003873
247.5,164.57714525946554,-82.92285474053446,3.75,2.4935931099919024
103.28999999999999,77.04406841551628,-26.245931584483714,1.565,1.1673343699320649
158.39999999999998,183.28232930652823,24.88232930652825,2.4,2.777004989492852
50.952,56.64751592782908,5.695515927829085,0.772,0.8582956958761983
65.00999999999999,54.57519135745038,-10.434808642549612,0.985,0.8268968387492481
330.00066,226.23888337896824,-103.76177662103174,5.00001,3.4278618693783067
72.864,113.77018182510564,40.906181825105634,1.104,1.7237906337137219
57.024,103.9923491315454,46.968349131545395,0.864,1.5756416535082638
152.064,151.2819904610312,-0.7820095389687935,2.304,2.292151370621685
108.17399999999999,142.62663359987903,34.452633599879036,1.639,2.1610095999981676
330.00066,296.66389795297584,-33.33676204702414,5.00001,4.494907544742058
32.67,52.46813973865268,19.79813973865268,0.495,0.7949718142220104
70.884,83.86089733309068,12.976897333090676,1.074,1.27061965656198
239.25,122.89608718749997,-116.35391281250003,3.625,1.862061927083333
95.69999999999999,97.23661666453091,1.536616664530925,1.45,1.473282070674711
144.21,161.65561372486295,17.445613724862937,2.185,2.4493274806797416
85.866,98.63575923992268,12.769759239922678,1.301,1.494481200604889
96.36,102.54583208073062,6.18583208073062,1.46,1.5537247284959186
100.64999999999999,79.0640445201266,-21.58595547987339,1.525,1.1979400684867667
301.75199999999995,299.17807495561647,-2.5739250443834862,4.572,4.533001135691159
109.032,108.1154267794602,-0.916573220539803,1.652,1.6381125269615182
260.50199999999995,233.51877688462616,-26.98322311537379,3.947,3.5381632861306995
95.30399999999999,96.0569226442041,0.7529226442041193,1.444,1.4554079188515776
90.15599999999999,72.75397548219185,-17.402024517808144,1.366,1.1023329618513915
142.82399999999998,148.6209251984127,5.796925198412708,2.164,2.25183219997595
91.73999999999998,90.27059569360539,-1.469404306394594,1.39,1.3677362983879604
68.508,79.01817000221259,10.51017000221259,1.038,1.1972450000335242
322.40999999999997,242.92735956282058,-79.48264043717938,4.885,3.6807175691336456
149.886,166.725890944826,16.83989094482601,2.271,2.526149862800394
157.07999999999998,139.10623775861004,-17.97376224138995,2.38,2.107670269069849
142.29600000000002,204.25893582454592,61.962935824545895,2.156,3.0948323609779687
192.918,236.10809374026275,43.19009374026274,2.923,3.577395359700951
96.294,98.9069662400907,2.6129662400906994,1.459,1.4985903975771317
123.618,139.20547798206758,15.587477982067583,1.873,2.109173908819206
122.36399999999999,109.17495395336385,-13.189046046636136,1.854,1.6541659689903614
184.79999999999998,147.52772317079277,-37.272276829207215,2.8,2.2352685328907995
93.12599999999999,87.5910981550523,-5.534901844947697,1.411,1.3271378508341258
125.99399999999999,158.49358513882027,32.49958513882028,1.909,2.401417956648792
173.25,121.57364508928573,-51.67635491071427,2.625,1.8420249255952386
291.72,223.29524181250005,-68.42475818749998,4.42,3.3832612395833346
181.36800000000002,188.25917401738502,6.891174017384998,2.748,2.852411727536137
56.43,54.7564193827566,-1.6735806172434025,0.855,0.8296427179205546
152.988,174.97976614897232,21.991766148972317,2.318,2.6512085780147325
199.32,194.7992723751033,-4.520727624896693,3.02,2.9515041268955047
155.62800000000001,210.83354557818367,55.20554557818366,2.358,3.19444766027551
47.651999999999994,62.861790022095185,15.209790022095191,0.722,0.9524513639711392
120.384,115.08603206862821,-5.297967931371787,1.824,1.743727758615579
330.00066,320.63384595906564,-9.366814040934344,5.00001,4.858088575137359
51.942,51.274416557802745,-0.6675834421972553,0.787,0.7768850993606476
119.65799999999999,152.00448146188026,32.34648146188027,1.813,2.303098203967883
130.68,147.17133541868247,16.491335418682468,1.98,2.2298687184648864
131.736,144.50079591419097,12.764795914190984,1.996,2.1894059986998635
41.778,59.665517971259185,17.887517971259186,0.633,0.9040229995645331
62.039999999999985,90.78580502802556,28.74580502802558,0.94,1.3755425004246298
123.288,116.57108361910942,-6.716916380890581,1.868,1.766228539683476
77.21999999999998,85.66685939321854,8.44685939321856,1.17,1.2979827180790688
77.74799999999999,76.40529130064513,-1.3427086993548585,1.178,1.1576559287976536
79.86,96.6280602789966,16.7680602789966,1.21,1.4640615193787363
152.394,123.92999911307687,-28.46400088692313,2.309,1.8777272592890437
282.018,258.3650058796733,-23.652994120326696,4.273,3.914621301207171
84.54599999999999,102.5896464444995,18.0436464444995,1.281,1.5543885824924166
253.902,166.45111191039598,-87.450888089604,3.847,2.521986544096909
191.664,180.38549495792088,-11.278505042079104,2.904,2.7331135599684986
60.258,81.2894453972899,21.031445397289893,0.913,1.2316582635953015
40.85399999999999,56.329583000882714,15.475583000882722,0.619,0.8534785303164047
153.25199999999998,155.34041018563073,2.0884101856307495,2.322,2.3536425785701627
85.536,81.40546361204888,-4.130536387951125,1.296,1.233416115334074
84.14999999999999,69.22310970709748,-14.926890292902513,1.275,1.048834995562083
99.32999999999998,106.81500958092195,7.485009580921968,1.505,1.6184092360745752
123.75,75.71425854747702,-48.035741452522984,1.875,1.1471857355678337
289.01399999999995,297.6974767761421,8.683476776142129,4.379,4.510567829941547
83.48999999999998,153.2829947008145,69.79299470081452,1.265,2.3224696166790073
299.24399999999997,281.69320190982137,-17.550798090178603,4.534,4.268078816815476
151.404,146.22419553412587,-5.179804465874128,2.294,2.2155181141534226
240.834,244.07354244483864,3.2395424448386336,3.649,3.698083976436949
126.654,133.84436139880947,7.190361398809472,1.919,2.0279448696789313
57.75,92.70965470330906,34.959654703309056,0.875,1.4046917379289252
19.799999999999997,58.48793800235541,38.687938002355416,0.3,0.8861808788235669
221.56199999999998,178.56543675515363,-42.99656324484636,3.357,2.705536920532631
159.78599999999997,154.52332328668555,-5.26267671331442,2.421,2.3412624740406907
114.642,138.41227782247432,23.770277822474327,1.737,2.0971557245829446
35.705999999999996,34.37714286124256,-1.328857138757435,0.541,0.5208658009279177
137.14799999999997,130.6176032164132,-6.530396783586781,2.078,1.9790545941880786
74.25,48.00695143557424,-26.243048564425763,1.125,0.7273780520541552
110.022,120.58039269950922,10.558392699509213,1.667,1.8269756469622611
179.38799999999998,161.70673097814907,-17.68126902185091,2.718,2.4501019845174103
93.12599999999999,101.06904253915516,7.943042539155172,1.411,1.5313491293811388
247.5,138.6167092320376,-108.8832907679624,3.75,2.100253170182388
106.65599999999999,110.24385057085624,3.587850570856247,1.616,1.6703613722857007
105.20400000000001,139.4325269250541,34.2285269250541,1.594,2.1126140443190016
56.95799999999999,71.27711749059041,14.319117490590422,0.863,1.0799563256150064
169.15800000000002,164.15849562961978,-4.999504370380237,2.563,2.487249933782118
140.712,147.58054443911226,6.86854443911227,2.132,2.2360688551380647
167.706,142.1211428908781,-25.584857109121884,2.541,2.15335064986179
87.516,95.75791392212574,8.241913922125732,1.326,1.4508774836685718
111.73799999999999,116.21336097762473,4.475360977624746,1.693,1.7608084996609807
229.48199999999997,245.76708143393444,16.285081433934465,3.477,3.7237436580899157
105.40199999999999,102.30341840374275,-3.098581596257233,1.597,1.5500517939961023
59.99399999999999,114.56572209541599,54.571722095416,0.909,1.7358442741729696
191.72999999999996,168.99102603490493,-22.738973965095028,2.905,2.5604700914379537
125.334,167.25422941039224,41.92022941039224,1.899,2.5341549910665493
327.096,315.30451566428553,-11.791484335714472,4.956,4.777341146428569
219.97799999999998,247.33940115381216,27.36140115381218,3.333,3.7475666841486692
121.308,119.48592784960702,-1.8220721503929838,1.838,1.8103928462061671
124.73999999999998,126.00261205779978,1.2626120577997995,1.89,1.9091304857242393
103.94999999999999,92.3522195054945,-11.597780494505486,1.575,1.3992760531135533
43.955999999999996,41.18288354821949,-2.7731164517805027,0.666,0.6239830840639318
87.384,106.50782420766821,19.123824207668207,1.324,1.6137549122373973
102.96000000000001,106.82810047611815,3.868100476118144,1.56,1.6186075829714874
229.746,189.35103567178328,-40.39496432821673,3.481,2.8689550859361104
149.42399999999998,180.5922823520428,31.16828235204281,2.264,2.7362467023036787
48.971999999999994,76.87658579463312,27.90458579463312,0.742,1.1647967544641382
104.478,106.13968645063025,1.6616864506302562,1.583,1.6081770674337919
330.00066,329.9975382668913,-0.003121733108685021,5.00001,4.999962701013505
109.23,124.78725293902582,15.557252939025815,1.655,1.8907159536216036
217.47,178.6957202747015,-38.7742797252985,3.295,2.7075109132530533
92.136,118.02649614584968,25.89049614584968,1.396,1.7882802446340862
100.91399999999999,93.3217404407728,-7.5922595592271875,1.529,1.4139657642541335
242.418,188.90974845829058,-53.50825154170943,3.673,2.8622689160347057
46.199999999999996,55.21970275900259,9.019702759002591,0.7,0.8366621630151908
64.28399999999999,80.35044005660767,16.066440056607675,0.974,1.2174309099486011
43.494,64.5524464529168,21.058446452916797,0.659,0.9780673704987393
32.538,34.04202353296811,1.5040235329681124,0.493,0.5157882353480017
101.70599999999999,110.46947292972432,8.76347292972433,1.541,1.6737798928746108
180.048,135.36498557851507,-44.68301442148493,2.728,2.0509846299775014
163.08599999999998,184.5521541554298,21.46615415542982,2.471,2.796244759930755
177.40800000000002,127.32010888720946,-50.08789111279056,2.688,1.929092558897113
163.41599999999997,136.19612141618975,-27.219878583810214,2.476,2.0635775972149966
275.08799999999997,224.42281064258347,-50.665189357416494,4.168,3.400345615796719
80.256,79.52291964520305,-0.7330803547969538,1.216,1.204892721897016
113.322,109.0705351736284,-4.251464826371603,1.717,1.652583866267097
114.70799999999998,151.1092384052821,36.401238405282115,1.738,2.289533915231547
155.49599999999998,180.62570444621068,25.129704446210695,2.356,2.736753097669859
171.66599999999997,169.4108536543922,-2.2551463456077556,2.601,2.56683111597564
132.0,134.17978777868103,2.179787778681032,2.0,2.0330270875557734
195.756,163.72635765009528,-32.02964234990472,2.966,2.4807023886378077
247.236,155.84201744206183,-91.39398255793816,3.746,2.3612426885160884
117.348,141.18694494047614,23.83894494047614,1.778,2.13919613546176
177.86999999999998,190.53759572668633,12.667595726686358,2.695,2.886933268586157
40.92,51.47020127997998,10.55020127997998,0.62,0.7798515345451513
130.41599999999997,141.11795461454685,10.701954614546878,1.976,2.138150827493134
34.782000000000004,48.407126524588435,13.625126524588431,0.527,0.7334413109786126
126.324,123.58836293864455,-2.7356370613554475,1.914,1.8725509536158267
209.682,208.42355973214282,-1.2584402678571678,3.177,3.157932723214285
217.40399999999997,175.9905690277858,-41.41343097221417,3.294,2.6665237731482696
218.262,264.67390444929305,46.41190444929305,3.307,4.010210673474138
123.68400000000001,139.70668010574673,16.022680105746716,1.874,2.116767880390102
189.09,136.47599932887164,-52.614000671128366,2.865,2.0678181716495705
330.00066,134.544216125,-195.456443875,5.00001,2.0385487291666666
88.374,129.5412418822699,41.167241882269906,1.339,1.9627460891253015
131.868,141.00536582341994,9.137365823419941,1.998,2.136444936718484
29.7,43.82457177032019,14.124571770320191,0.45,0.6640086631866696
234.036,207.07196418747296,-26.964035812527044,3.546,3.1374540028405
174.10799999999998,171.28853750698133,-2.819462493018648,2.638,2.595280871317899
183.74399999999997,167.13081686462246,-16.61318313537751,2.784,2.532285104009431
105.86399999999999,101.78516535576134,-4.078834644238654,1.604,1.5421994750872932
159.25799999999998,170.26417904424272,11.006179044242742,2.413,2.5797602885491324
137.478,133.4848418662465,-3.9931581337534965,2.083,2.022497604034038
173.976,174.26172167233113,0.2857216723311353,2.636,2.6403291162474414
95.69999999999999,108.84520082437582,13.145200824375834,1.45,1.6491697094602398
87.44999999999999,106.62999611103223,19.17999611103224,1.325,1.6156060016823066
121.308,131.36454518066384,10.056545180663832,1.838,1.990371896676725
53.526,49.91378300312639,-3.612216996873613,0.811,0.756269439441309
116.48999999999998,131.22123393794422,14.73123393794424,1.765,1.9882005142112764
168.63,136.2610763757062,-32.368923624293785,2.555,2.064561763268276
109.62599999999999,145.42456834525657,35.798568345256584,1.661,2.203402550685706
67.32,104.28444273840553,36.96444273840554,1.02,1.5800673142182657
56.82599999999999,77.64770995606365,20.821709956063657,0.861,1.1764804538797524
66.396,59.04564888346824,-7.350351116531762,1.006,0.8946310436889128
330.0,271.1155232499999,-58.88447675000009,5.0,4.107810958333332
138.534,173.93714111503158,35.40314111503159,2.099,2.63541122901563
34.65,50.76177161898215,16.111771618982154,0.525,0.7691177518027599
173.51399999999998,152.5150844518364,-20.99891554816358,2.629,2.310834612906612
104.80799999999999,105.70404191458427,0.8960419145842735,1.588,1.6015763926452162
138.27,131.79858296434924,-6.471417035650774,2.095,1.9969482267325642
231.0,134.000943838049,-96.99905616195099,3.5,2.0303173308795306
143.28599999999997,155.6002612191381,12.314261219138132,2.171,2.3575797154414864
93.32399999999998,84.36310084845637,-8.960899151543614,1.414,1.2782288007341875
61.644,65.06263331272892,3.4186333127289217,0.934,0.9857974744352868
130.81199999999998,114.62528352897412,-16.18671647102586,1.982,1.7367467201359716
123.552,128.0716562941158,4.519656294115791,1.872,1.9404796408199363
122.298,127.5892467468328,5.2912467468327975,1.853,1.9331704052550425
330.00066,283.96178191071397,-46.038878089286015,5.00001,4.302451241071424
185.65800000000002,128.8963460411344,-56.76165395886562,2.813,1.952974940017188
68.37599999999999,76.87455427262202,8.49855427262203,1.036,1.1647659738276066
190.01399999999998,201.73000411086306,11.716004110863082,2.879,3.0565152138009557
137.478,136.5869267672883,-0.8910732327117046,2.083,2.0694988904134592
115.5,214.10699335535713,98.60699335535713,1.75,3.2440453538690477
87.582,75.555721194385,-12.026278805614993,1.327,1.1447836544603789
113.52,110.11090555422842,-3.409094445771572,1.72,1.6683470538519458
330.00066,322.0026329857598,-7.998027014240165,5.00001,4.878827772511513
42.24,49.8235691826732,7.583569182673195,0.64,0.7549025633738363
150.414,142.09674749844473,-8.31725250155526,2.279,2.1529810227037083
41.646,43.37163519965767,1.7256351996576669,0.631,0.657145987873601
55.506,66.51056112044887,11.00456112044887,0.841,1.0077357745522557
223.87199999999999,216.70435684464286,-7.167643155357126,3.392,3.2833993461309525
103.15799999999999,55.38082262100818,-47.77717737899181,1.563,0.8391033730455785
253.176,234.87478883493588,-18.301211165064103,3.836,3.558708921741453
90.486,92.77252815257592,2.2865281525759116,1.371,1.40564436594812
37.488,49.716409435847766,12.228409435847766,0.568,0.7532789308461784
46.199999999999996,64.38737148613606,18.187371486136065,0.7,0.9755662346384252
63.55799999999999,54.3181501592685,-9.239849840731495,0.963,0.8230022751404318
61.11599999999999,96.25987200892857,35.143872008928575,0.926,1.4584829092261906
237.006,215.8637275997728,-21.1422724002272,3.591,3.2706625393904973
104.74199999999999,127.65474767027656,22.912747670276573,1.587,1.9341628434890388
330.00066,293.70624180076953,-36.29441819923045,5.00001,4.450094572738932
75.636,117.67357256265802,42.03757256265803,1.146,1.7829329176160307
270.732,243.746671301511,-26.98532869848904,4.102,3.693131383356227
186.05399999999997,158.51443850477506,-27.539561495224916,2.819,2.4017339167390164
67.12199999999999,79.89904246886447,12.77704246886448,1.017,1.2105915525585527
111.73799999999999,123.28368024574195,11.545680245741963,1.693,1.8679345491779085
137.14799999999997,133.4775550381114,-3.6704449618885633,2.078,2.0223871975471424
215.95199999999997,230.21394364284728,14.261943642847314,3.272,3.488090055194656
183.414,169.33222571843567,-14.081774281564321,2.779,2.565639783612662
73.524,62.658347038722376,-10.865652961277625,1.114,0.9493688945260967
53.196,62.90385739652425,9.707857396524254,0.806,0.9530887484321857
136.95,193.13042549427962,56.18042549427963,2.075,2.926218568095146
181.698,163.9968248520907,-17.70117514790931,2.753,2.4848003765468287
277.86,213.79585041287223,-64.06414958712779,4.21,3.2393310668617006
85.008,127.50172527472526,42.493725274725264,1.288,1.9318443223443222
207.17399999999998,208.1359845011268,0.9619845011268353,3.139,3.153575522744346
44.616,52.41805229265863,7.8020522926586295,0.676,0.7942129135251308
42.504,49.13406394961066,6.6300639496106655,0.644,0.7444555143880404
101.57399999999998,105.32406297089663,3.75006297089665,1.539,1.5958191359226763
86.262,83.62906751154802,-2.632932488451985,1.307,1.2671070835083031
157.40999999999997,214.20780609266959,56.79780609266962,2.385,3.2455728195859033
250.536,279.86767385928215,29.331673859282148,3.796,4.240419300898215
96.69,134.05013493826766,37.36013493826766,1.465,2.031062650579813
99.198,125.64853669040698,26.45053669040699,1.503,1.9037657074304088
52.998000000000005,69.37178909490534,16.373789094905334,0.803,1.0510877135591719
193.57799999999997,88.32191387020804,-105.25608612979194,2.933,1.3382108162152733
190.07999999999998,209.93944566589286,19.859445665892878,2.88,3.180900691907468
95.106,103.31103839316215,8.205038393162155,1.441,1.56531876353276
83.82,96.48468301903654,12.664683019036545,1.27,1.461889136652069
100.38599999999998,133.35231724282133,32.96631724282135,1.521,2.020489655194263
103.488,94.31229076778666,-9.175709232213336,1.568,1.4289741025422222
69.23399999999998,78.99046494969356,9.75646494969358,1.049,1.1968252265105086
330.00066,330.0006599999994,-5.684341886080801e-13,5.00001,5.000009999999992
88.70400000000001,98.8019499434836,10.097949943483599,1.344,1.4969992415679334
330.00066,328.36797509999946,-1.6326849000005268,5.00001,4.975272349999992
180.048,191.46886302696905,11.420863026969045,2.728,2.901043379196501
100.056,70.47074567120927,-29.585254328790725,1.516,1.0677385707758982
239.31599999999997,196.9204370017891,-42.39556299821086,3.626,2.9836429848755928
111.67199999999998,147.7260926354156,36.054092635415614,1.692,2.2382741308396303
92.66399999999999,116.11705706309885,23.453057063098868,1.404,1.7593493494408918
28.842,33.544878306897864,4.7028783068978655,0.437,0.5082557319226949
89.76,122.93087701190474,33.170877011904736,1.36,1.8625890456349203
174.504,160.74916601227122,-13.754833987728773,2.644,2.435593424428352
100.452,118.96111611298073,18.509116112980735,1.522,1.8024411532269808
90.75,156.14114833085281,65.39114833085281,1.375,2.365774974709891
141.702,122.50360602610044,-19.198393973899556,2.147,1.8561152428197036
112.794,143.37081553083283,30.57681553083283,1.709,2.1722850838004977
155.892,146.6869465121726,-9.2050534878274,2.362,2.222529492608676
196.548,176.12601640810095,-20.42198359189905,2.978,2.668576006183348
58.41,72.95495041466592,14.54495041466592,0.885,1.1053780365858472
84.216,78.56319174743453,-5.652808252565464,1.276,1.1903513901126446
52.931999999999995,59.53791984320726,6.605919843207268,0.802,0.9020896945940494
201.96,223.5272524828297,21.5672524828297,3.06,3.386776552770147
288.024,172.0607407067855,-115.96325929321449,4.364,2.6069809197997804
157.67399999999998,141.87348775256012,-15.800512247439855,2.389,2.149598299281214
152.922,195.2667325060699,42.3447325060699,2.317,2.958586856152574
81.114,92.1087908440547,10.994790844054691,1.229,1.3955877400614347
144.012,150.9679874513231,6.955987451323097,2.182,2.2873937492624714
262.02,326.21638811666617,64.19638811666618,3.97,4.942672547222215
171.798,118.90724732461219,-52.890752675387816,2.603,1.8016249594638212
287.562,246.30014771918547,-41.26185228081454,4.357,3.731820419987659
108.23999999999998,119.21863710920415,10.978637109204172,1.64,1.8063429865030933
290.73,211.18633788425737,-79.54366211574265,4.405,3.1997929982463242
56.36399999999999,60.903070701484474,4.5390707014844835,0.854,0.9227737985073405
67.25399999999999,66.70506786836977,-0.5489321316302238,1.019,1.010682846490451
105.20400000000001,173.69927128150417,68.49527128150416,1.594,2.6318071406288515
125.598,194.06998757564494,68.47198757564495,1.903,2.940454357206742
66.0,54.79601112182736,-11.203988878172638,1.0,0.8302425927549602
92.136,100.65294929853384,8.516949298533845,1.396,1.5250446863414218
330.00066,330.0006599999994,-5.684341886080801e-13,5.00001,5.000009999999992
101.96999999999998,171.73683014310424,69.76683014310426,1.545,2.602073183986428
112.53,112.7025620893233,0.17256208932329287,1.705,1.707614577110959
72.996,63.59116947671376,-9.404830523286236,1.106,0.9635025678289963
126.19199999999998,193.14770064634277,66.95570064634279,1.912,2.9264803128233754
189.552,241.69329161607132,52.14129161607133,2.872,3.6620195699404747
99.06599999999999,92.02056893749106,-7.045431062508925,1.501,1.3942510445074405
157.278,158.84518768248435,1.5671876824843594,2.383,2.40674526791643
101.77199999999999,118.47037596520144,16.69837596520145,1.542,1.7950056964424461
185.13,146.64612227997844,-38.48387772002155,2.805,2.221910943636037
106.854,114.85500773316315,8.00100773316315,1.619,1.7402273898964116
175.296,194.07578869047614,18.779788690476153,2.656,2.940542252886002
80.982,91.02894041328918,10.046940413289178,1.227,1.379226369898321
152.59199999999998,146.89312334295636,-5.698876657043627,2.312,2.2256533839841874
210.60599999999997,195.14848098872648,-15.45751901127349,3.191,2.956795166495856
152.65800000000002,153.84765397154214,1.1896539715421284,2.313,2.3310250601748814
330.00066,314.46048884072707,-15.540171159272916,5.00001,4.764552861223137
79.99199999999999,79.64623031687674,-0.34576968312325107,1.212,1.2067610654072234
146.85,151.47843044295263,4.628430442952634,2.225,2.2951277339841307
297.0,195.30866567184452,-101.69133432815548,4.5,2.9592222071491596
67.386,67.08395348098809,-0.3020465190119097,1.021,1.0164235375907287
132.792,130.239843669096,-2.552156330904012,2.012,1.9733309646832726
68.77199999999999,83.4074309887202,14.635430988720202,1.042,1.2637489543745484
330.00066,330.0006599999994,-5.684341886080801e-13,5.00001,5.000009999999992
87.12,94.01676381186768,6.896763811867672,1.32,1.4244964213919347
145.926,137.68272440351421,-8.243275596485773,2.211,2.0861018849017308
100.056,100.88177387820512,0.8257738782051263,1.516,1.5285117254273506
96.95400000000001,105.36620186289394,8.412201862893937,1.469,1.5964576039832417
99.792,109.78693622661196,9.994936226611955,1.512,1.6634384276759389
108.96600000000001,108.59274101170271,-0.37325898829729454,1.651,1.6453445607833745
140.976,196.34469870734333,55.36869870734333,2.136,2.9749196773839897
140.90999999999997,154.34846536566255,13.43846536566258,2.135,2.3386131116009476
330.00066,281.3368731678822,-48.66378683211781,5.00001,4.262679896483063
289.08,260.9484479842192,-28.131552015780812,4.38,3.95376436339726
121.308,120.69643248838084,-0.611567511619171,1.838,1.8287338255815277
231.0,277.12350764999996,46.123507649999965,3.5,4.198841025
105.13799999999999,87.89161529761901,-17.24638470238098,1.593,1.3316911408730152
85.206,85.43109189938473,0.22509189938472218,1.291,1.294410483324011
50.556,41.20838909368842,-9.34761090631158,0.766,0.6243695317225518
148.5,125.93501949312612,-22.56498050687388,2.25,1.9081063559564566
152.32799999999997,131.6209884623486,-20.70701153765137,2.308,1.9942574009446759
284.98799999999994,273.694611935119,-11.293388064880958,4.318,4.146888059623015
126.05999999999997,217.08836983898567,91.0283698389857,1.91,3.2892177248331165
55.90199999999999,71.07976530444861,15.177765304448627,0.847,1.0769661409764941
100.64999999999999,101.6894857794766,1.0394857794766068,1.525,1.5407497845375242
44.616,41.88479141165634,-2.7312085883436623,0.676,0.6346180516917628
130.81199999999998,136.4225084538386,5.610508453838605,1.982,2.0670077038460395
202.15800000000002,138.4634362783015,-63.69456372169853,3.063,2.0979308527015377
80.586,81.34952812728939,0.7635281272893906,1.221,1.2325686079892333
182.226,147.87613378676465,-34.349866213235345,2.761,2.2405474816176465
67.98,67.1454504817035,-0.8345495182964981,1.03,1.017355310328841
270.00600000000003,206.0642469872211,-63.94175301277892,4.091,3.1221855604124413
89.232,95.66373562634706,6.431735626347063,1.352,1.4494505397931374
80.256,112.94498168484365,32.688981684843654,1.216,1.71128760128551
120.648,110.18695012258635,-10.461049877413643,1.828,1.6694992442816114
150.47999999999996,160.17025778994602,9.69025778994606,2.28,2.426822087726455
72.6,70.00855369463319,-2.5914463053668015,1.1,1.0607356620398969
73.392,69.72030091466522,-3.6716990853347795,1.112,1.0563681956767457
55.90199999999999,45.23998313382352,-10.662016866176465,0.847,0.685454289906417
295.21799999999996,289.8406267232141,-5.377373276785875,4.473,4.391524647321426
58.278,71.63672991299556,13.358729912995564,0.883,1.0854049986817509
57.486000000000004,57.491349141528296,0.005349141528292023,0.871,0.8710810475989137
123.75,131.07701805837127,7.327018058371266,1.875,1.9860154251268376
96.95400000000001,114.15811951158248,17.204119511582476,1.469,1.7296684774482194
68.04599999999999,74.53526052604442,6.489260526044433,1.031,1.1293221291824913
226.84199999999998,233.5302691369048,6.6882691369048075,3.437,3.5383374111652244
64.812,80.40946008301664,15.597460083016642,0.982,1.2183251527729795
173.25,123.00472706472075,-50.245272935279246,2.625,1.8637079858291024
51.083999999999996,62.11575542703618,11.031755427036181,0.774,0.9411478095005481
89.166,106.54587078030586,17.379870780305865,1.351,1.6143313754591797
88.90199999999999,86.88685346986735,-2.0151465301326397,1.347,1.3164674768161722
152.65800000000002,100.60921357054646,-52.04878642945356,2.313,1.5243820237961585
104.676,106.65172484625752,1.9757248462575205,1.586,1.615935224943296
67.056,70.15297884186543,3.096978841865436,1.016,1.0629239218464461
80.52,95.90182869852497,15.38182869852497,1.22,1.4530580105837116
250.79999999999998,235.9495305786319,-14.850469421368075,3.8,3.574992887555029
125.00399999999998,109.63997577098046,-15.36402422901952,1.894,1.6612117541057647
290.4,205.9493766229502,-84.45062337704977,4.4,3.1204451003477307
46.199999999999996,52.550885397520524,6.350885397520528,0.7,0.7962255363260685
46.199999999999996,44.80662824761202,-1.3933717523879778,0.7,0.6788883067820003
220.10999999999999,218.15353807924328,-1.956461920756709,3.335,3.305356637564292
67.18799999999999,82.21593643017202,15.027936430172034,1.018,1.245696006517758
330.00066,329.94317399999943,-0.057486000000551485,5.00001,4.999138999999992
237.92999999999998,226.30233827400764,-11.62766172599234,3.605,3.428823307181934
111.86999999999999,127.92133697359255,16.051336973592555,1.695,1.938202075357463
135.696,114.57357795356361,-21.122422046436384,2.056,1.7359633023267214
109.75799999999998,124.23581312261939,14.47781312261941,1.663,1.8823608048881728
21.45,62.51226873128608,41.06226873128608,0.325,0.947155586837668
239.38199999999995,189.57260421877646,-49.809395781223486,3.627,2.872312185132977
115.17000000000002,102.1647087436086,-13.005291256391416,1.745,1.5479501324789182
130.41599999999997,127.51710500007682,-2.8988949999231437,1.976,1.9320773484860125
120.78,150.0362127294789,29.256212729478904,1.83,2.27327595044665
104.478,112.48991452605028,8.01191452605029,1.583,1.7043926443340953
66.13199999999999,79.38461723147797,13.252617231477984,1.002,1.2027972307799693
57.75,67.19849838690475,9.448498386904745,0.875,1.0181590664682538
304.32599999999996,244.85668046190474,-59.46931953809522,4.611,3.709949703968254
125.532,178.1172210382285,52.58522103822851,1.902,2.698745773306493
153.31799999999998,140.91821150183162,-12.399788498168363,2.323,2.1351244166944183
146.25600000000003,159.33046008688473,13.074460086884699,2.216,2.414097880104314
149.754,143.88029097093195,-5.8737090290680385,2.269,2.180004408650484
147.972,159.42299720324704,11.450997203247027,2.242,2.415499957624955
79.068,87.14907902812318,8.081079028123185,1.198,1.3204405913351998
51.612,60.60556545632121,8.993565456321207,0.782,0.918266143277594
108.96600000000001,96.31202483347253,-12.653975166527474,1.651,1.4592731035374629
141.17399999999998,303.48454976862905,162.31054976862907,2.139,4.598250754070138
46.001999999999995,54.38920987936836,8.387209879368363,0.697,0.8240789375661872
69.828,77.37277679598026,7.544776795980255,1.058,1.172314799939095
49.5,76.60251067857143,27.102510678571434,0.75,1.1606441011904765
60.522,96.21317776287788,35.69117776287788,0.917,1.457775420649665
177.86999999999998,188.83884964483434,10.968849644834364,2.695,2.8611946915883992
45.012,45.33063040380391,0.3186304038039083,0.682,0.6868277333909683
109.42799999999998,118.80538949182372,9.377389491823735,1.658,1.800081658967026
102.036,146.8326994638766,44.79669946387659,1.546,2.2247378706647973
311.982,258.5942386111739,-53.38776138882611,4.727,3.918094524411726
228.294,259.65173121068136,31.35773121068135,3.459,3.9341171395557786
152.262,159.57932390072745,7.317323900727445,2.307,2.417868543950416
198.0,164.7241418716975,-33.2758581283025,3.0,2.495820331389356
164.604,126.86343677135594,-37.74056322864408,2.494,1.9221732844144839
287.562,263.654093944597,-23.907906055403032,4.357,3.9947589991605605
149.028,188.45537307142857,39.427373071428576,2.258,2.8553844404761906
115.5,100.91073668573746,-14.589263314262539,1.75,1.5289505558445071
117.744,91.4419175612759,-26.3020824387241,1.784,1.3854835994132713
182.15999999999997,135.18185125517226,-46.978148744827706,2.76,2.04820986750261
76.494,75.74784092299174,-0.746159077008258,1.159,1.147694559439269
141.438,134.97636673122796,-6.461633268772033,2.143,2.045096465624666
78.078,65.025720106856,-13.052279893144004,1.183,0.9852381834372121
330.00066,219.58018298246344,-110.42047701753654,5.00001,3.326972469431264
100.38599999999998,105.5297757088206,5.143775708820613,1.521,1.598935995588191
92.66399999999999,109.05104488450692,16.387044884506935,1.404,1.6522885588561658
146.91599999999997,150.33704645809237,3.4210464580924054,2.226,2.277834037243824
293.37,201.82466827959072,-91.54533172040928,4.445,3.0579495193877384
330.0,261.91964499873194,-68.08035500126806,5.0,3.9684794696777574
107.77799999999998,93.62762683420021,-14.150373165799763,1.633,1.4186004065787912
127.90799999999999,152.40500707142857,24.497007071428584,1.938,2.309166773809524
59.730000000000004,58.77359475776564,-0.9564052422343607,0.905,0.8905090114812977
76.032,74.93225769814079,-1.0997423018592087,1.152,1.1353372378506181
97.02,91.98697391634131,-5.033026083658683,1.47,1.3937420290354745
180.774,167.00216895896267,-13.77183104103733,2.739,2.5303358933176163
125.99399999999999,127.6535507508547,1.65955075085472,1.909,1.9341447083462835
49.368,49.5028844595411,0.13488445954109807,0.748,0.7500437039324409
330.00066,199.95847749874758,-130.0421825012524,5.00001,3.0296739014961758
78.21000000000001,73.04806028185116,-5.161939718148844,1.185,1.1067887921492603
330.00066,168.30047548777696,-161.70018451222302,5.00001,2.550007204360257
36.3,137.18594045403518,100.88594045403518,0.55,2.0785748553641694
38.544,56.191138826077115,17.647138826077118,0.584,0.8513808913041988
63.227999999999994,93.54984464285712,30.32184464285713,0.958,1.4174218885281382
65.472,77.86421672980548,12.392216729805483,0.992,1.1797608595425073
110.48399999999998,148.99112954871566,38.50712954871568,1.674,2.257441356798722
46.529999999999994,51.495540390537194,4.9655403905372,0.705,0.7802354604626848
44.55,52.952824011486705,8.402824011486707,0.675,0.8023155153255562
49.961999999999996,59.65707434348531,9.695074343485317,0.757,0.9038950658103836
120.78,115.92227407364248,-4.857725926357517,1.83,1.7563980920248863
330.00066,329.9975382668913,-0.003121733108685021,5.00001,4.999962701013505
64.218,65.21298405311082,0.9949840531108123,0.973,0.9880755159562244
151.79999999999998,209.87319736842105,58.07319736842106,2.3,3.179896929824561
54.71399999999999,59.26965463894606,4.555654638946066,0.829,0.8980250702870615
34.452000000000005,44.90902773373638,10.457027733736375,0.522,0.680439814147521
75.76799999999999,85.35317728569399,9.585177285694002,1.148,1.2932299588741514
58.08,73.14970054522077,15.069700545220769,0.88,1.1083287961397086
147.972,125.4395048763245,-22.532495123675503,2.242,1.9005985587321894
99.0,101.96064932085359,2.960649320853591,1.5,1.5448583230432364
225.522,239.43331041666656,13.911310416666566,3.417,3.627777430555554
119.92199999999998,166.74526895390045,46.82326895390047,1.817,2.5264434689984916
92.79599999999999,134.2776455285649,41.48164552856491,1.406,2.034509780735832
47.98199999999999,55.83432722635659,7.8523272263566,0.727,0.8459746549447968
139.194,135.56693246785895,-3.627067532141041,2.109,2.0540444313311963
64.482,80.62229941401672,16.140299414016724,0.977,1.2215499911214656
72.40199999999999,76.81332417117027,4.411324171170278,1.097,1.1638382450177314
109.29599999999999,168.0514976712353,58.755497671235304,1.656,2.546234813200535
152.196,163.26877899092688,11.072778990926878,2.306,2.4737693786504074
108.10799999999999,127.70653011990774,19.59853011990775,1.638,1.934947426059208
63.227999999999994,44.77617473214284,-18.451825267857153,0.958,0.6784268898809522
31.745999999999995,54.69905550042246,22.953055500422465,0.481,0.8287735681882191
29.304000000000002,34.00098956209753,4.696989562097528,0.444,0.5151665085166293
157.01399999999998,150.24048704124388,-6.7735129587561005,2.379,2.2763710157764225
187.96799999999996,242.04368992941855,54.07568992941859,2.848,3.6673286352942207
108.768,93.40312277611979,-15.364877223880214,1.648,1.4151988299412088
132.0,103.31271877579785,-28.687281224202152,2.0,1.5653442238757251
51.348,52.9177709550251,1.5697709550250991,0.778,0.8017844084094712
122.76,123.09956288246093,0.3395628824609247,1.86,1.865144892158499
112.00199999999998,108.74868973048314,-3.253310269516845,1.697,1.6477074201588355
276.40799999999996,203.11279796249997,-73.29520203749999,4.188,3.0774666357954543
48.378,73.6737230185311,25.295723018531106,0.733,1.1162685305838047
57.419999999999995,65.844731223329,8.424731223329012,0.87,0.9976474427777123
111.012,127.15326748890324,16.14126748890324,1.682,1.9265646589227763
101.838,112.57172127103313,10.733721271033133,1.543,1.705632140470199
148.5,229.3281193797161,80.8281193797161,2.25,3.474668475450244
219.77999999999997,201.81870081049172,-17.961299189508253,3.33,3.0578591031892683
149.094,162.88611193408616,13.792111934086165,2.259,2.4679713929406994
91.146,100.91559493481576,9.769594934815757,1.381,1.5290241656790267
74.38199999999999,70.71111325614295,-3.6708867438570394,1.127,1.0713805038809538
152.85599999999997,167.33570650472691,14.479706504726948,2.316,2.535389492495862
276.60599999999994,178.55740796467168,-98.04859203532826,4.191,2.7054152721919955
145.926,130.42379511730758,-15.50220488269241,2.211,1.9761181078379937
102.56400000000001,126.16091491231816,23.596914912318155,1.554,1.9115290138230026
100.12199999999999,112.05912267736456,11.93712267736457,1.517,1.6978654951115844
164.274,185.20690109243708,20.932901092437078,2.489,2.8061651680672286
101.112,77.9781661297196,-23.133833870280398,1.532,1.1814873656018121
83.48999999999998,85.52879467157123,2.038794671571253,1.265,1.29589082835714
158.39999999999998,191.83975414285717,33.4397541428572,2.4,2.906662941558442
122.826,126.38238192353832,3.556381923538325,1.861,1.9148845745990655
330.00066,239.26642675482222,-90.73423324517776,5.00001,3.6252488902245794
119.856,131.1630464930495,11.307046493049512,1.816,1.987318886258326
117.54599999999999,152.96282053350984,35.41682053350985,1.781,2.3176184929319676
45.672,64.05772378825928,18.385723788259284,0.692,0.9705715725493832
44.088,51.0377832558785,6.949783255878501,0.668,0.7732997463011895
330.00066,327.63711886332,-2.3635411366799985,5.00001,4.964198770656364
119.65799999999999,125.21231175351198,5.554311753511996,1.813,1.8971562386895755
261.62399999999997,299.68124908038214,38.05724908038218,3.964,4.540624986066396
123.75,169.32937381070082,45.579373810700815,1.875,2.5655965728894063
196.61399999999998,181.65250101890757,-14.961498981092404,2.979,2.7523106214985997
227.96399999999997,245.81752906071438,17.853529060714408,3.454,3.72450801607143
161.766,161.13936541180752,-0.6266345881924735,2.451,2.441505536542538
69.63,73.27050319128504,3.640503191285049,1.055,1.1101591392618946
66.726,51.69072228998966,-15.035277710010341,1.011,0.7831927619695402
93.52199999999999,138.28210617069874,44.76010617069875,1.417,2.0951834268287692
284.394,249.2071033842643,-35.18689661573572,4.309,3.7758652027918833
188.95799999999997,175.08452291382443,-13.87347708617554,2.863,2.6527958017246127
74.57999999999998,67.8067170788334,-6.773282921166583,1.13,1.0273745011944455
308.022,237.53742993750006,-70.48457006249993,4.667,3.5990519687500013
111.276,119.43409665403657,8.15809665403657,1.686,1.80960752506116
237.92999999999998,207.28359430957747,-30.64640569042251,3.605,3.140660519842083
169.224,181.15866152127458,11.934661521274592,2.564,2.7448282048677966
75.174,100.22057744149119,25.04657744149118,1.139,1.5184935975983513
231.26399999999998,271.4283207663081,40.16432076630812,3.504,4.112550314641032
138.00600000000003,152.04001551089377,14.034015510893738,2.091,2.3036365986499057
86.78999999999999,137.33677420115842,50.54677420115843,1.315,2.080860215169067
143.022,196.16946966964284,53.147469669642845,2.167,2.9722646919642854
66.85799999999999,71.0212300011988,4.163230001198812,1.013,1.0760792424424062
133.848,151.32567319624988,17.477673196249867,2.028,2.2928132302462103
77.616,99.37629065037979,21.760290650379787,1.176,1.5057013734906028
193.116,179.71114694038727,-13.404853059612748,2.926,2.7228961657634434
330.00066,327.0769713749996,-2.923688625000409,5.00001,4.955711687499994
85.99799999999999,92.17998597275242,6.181985972752429,1.303,1.3966664541326126
60.983999999999995,52.783684177084844,-8.200315822915151,0.924,0.7997527905618916
74.25,74.03328580787289,-0.21671419212711385,1.125,1.1217164516344378
101.77199999999999,122.59593420184208,20.823934201842093,1.542,1.857514154573365
68.64,57.779461565022096,-10.860538434977904,1.04,0.8754463873488196
80.256,114.57869792860383,34.32269792860383,1.216,1.736040877706119
136.15800000000002,129.81314538235654,-6.3448546176434775,2.063,1.9668658391266143
71.478,104.21881476839589,32.74081476839589,1.083,1.5790729510363015
230.604,230.2497069008037,-0.354293099196326,3.494,3.48863192273945
54.977999999999994,53.91179773153117,-1.066202268468821,0.833,0.8168454201747147
162.228,177.71646927748085,15.488469277480846,2.458,2.692673776931528
60.39,118.59796628759399,58.20796628759399,0.915,1.7969388831453634
330.00066,329.9975382668913,-0.003121733108685021,5.00001,4.999962701013505
330.00066,225.2896778625,-104.71098213749997,5.00001,3.413479967613637
125.73,105.68376577301892,-20.046234226981085,1.905,1.6012691783790747
71.478,61.34995455590226,-10.128045444097737,1.083,0.9295447659985191
59.136,76.25264163788007,17.116641637880072,0.896,1.155343055119395
330.00066,330.0006599999994,-5.684341886080801e-13,5.00001,5.000009999999992
62.43599999999999,88.85889642715496,26.422896427154967,0.946,1.3463469155629542
44.55,219.93127561428577,175.38127561428576,0.675,3.3322920547619055
117.14999999999999,151.02468627810444,33.87468627810445,1.775,2.288252822395522
172.45799999999997,185.91539311105902,13.457393111059048,2.613,2.8168998956221065
330.00066,154.97323380654763,-175.02742619345236,5.00001,2.3480793000992066
111.14399999999999,125.43314589285708,14.289145892857093,1.684,1.9005022104978349
161.89799999999997,167.03815694987782,5.1401569498778485,2.453,2.53088116590724
158.39999999999998,195.2340288035218,36.83402880352182,2.4,2.9580913455079063
103.28999999999999,79.646123801363,-23.64387619863699,1.565,1.206759451535803
330.00066,167.7425948025886,-162.25806519741138,5.00001,2.5415544667058882
155.49599999999998,164.1764442752033,8.680444275203314,2.356,2.4875218829576258
122.49600000000001,122.38170429515294,-0.1142957048470663,1.856,1.8542682468962568
209.02199999999996,140.0004393483287,-69.02156065167125,3.167,2.1212187780049807
78.40799999999999,62.60657678454864,-15.801423215451344,1.188,0.9485844967355856
164.01,160.52979443022392,-3.480205569776075,2.485,2.4322696125791503
156.09,170.71114192698246,14.62114192698246,2.365,2.5865324534391285
62.43599999999999,58.89406874434902,-3.5419312556509723,0.946,0.8923343749143792
116.68799999999999,109.58604696074299,-7.101953039256998,1.768,1.6603946509203484
98.076,120.30605092267007,22.230050922670074,1.486,1.822818953373789
128.898,119.86703830065053,-9.030961699349461,1.953,1.8161672469795538
142.49399999999997,134.21272594461726,-8.28127405538271,2.159,2.0335261506760194
83.556,92.16682142691823,8.610821426918235,1.266,1.396466991316943
114.774,133.5674130546615,18.7934130546615,1.739,2.0237486826463864
120.78,123.40589171561015,2.6258917156101518,1.83,1.8697862381153054
49.038,91.71043480998173,42.67243480998174,0.743,1.3895520425754808
148.302,132.17724406900984,-16.124755930990148,2.247,2.0026855161971193
67.056,58.79399933473789,-8.262000665262107,1.016,0.8908181717384529
258.06,193.8008462116378,-64.2591537883622,3.91,2.9363764577520883
174.89999999999998,140.905111615209,-33.99488838479098,2.65,2.134925933563773
330.00066,325.21236411331995,-4.788295886680032,5.00001,4.92746006232303
123.08999999999999,148.8726897851724,25.782689785172423,1.865,2.2556468149268545
51.480000000000004,56.9583351731492,5.478335173149198,0.78,0.8630050783810486
53.327999999999996,66.36275351660402,13.03475351660402,0.808,1.0054962654030912
125.136,161.50846775535808,36.37246775535809,1.896,2.447097996293304
131.472,196.18702300069603,64.71502300069602,1.992,2.9725306515256973
125.136,122.04524921985455,-3.0907507801454415,1.896,1.8491704427250693
105.6,109.06218565108685,3.4621856510868554,1.6,1.6524573583498008
247.698,232.2338969761905,-15.464103023809514,3.753,3.518695408730159
110.022,84.25709763402324,-25.764902365976766,1.667,1.2766226914245946
142.29600000000002,153.42075104209775,11.124751042097728,2.156,2.324556833971178
150.87599999999998,144.75921551800457,-6.11678448199541,2.286,2.193321447242494
113.058,126.12752049979471,13.069520499794706,1.713,1.9110230378756774
284.4599999999999,256.13711554924515,-28.32288445075477,4.31,3.8808653871097754
181.56599999999997,157.84334900821577,-23.722650991784207,2.751,2.3915658940638753
182.688,175.96673074009158,-6.721269259908411,2.768,2.6661625869710845
30.557999999999996,36.87636650383629,6.318366503836291,0.463,0.5587328258157014
95.03999999999999,97.32831235868805,2.28831235868806,1.44,1.4746713993740614
62.23799999999999,46.83315663430312,-15.40484336569687,0.943,0.7095932823379261
104.016,98.0678392132951,-5.948160786704904,1.576,1.4858763517165925
128.36999999999998,155.71342897121903,27.343428971219055,1.945,2.359294378351804
231.72599999999997,155.58860505356313,-76.13739494643684,3.511,2.3574031068721686
299.24399999999997,229.14016654132502,-70.10383345867496,4.534,3.4718207051715915
148.236,134.08837579929613,-14.14762420070386,2.246,2.031642057565093
102.696,105.35244088256215,2.6564408825621513,1.556,1.5962491042812448
159.72,317.5193516833105,157.7993516833105,2.42,4.8108992679289475
46.199999999999996,78.96475631594754,32.764756315947544,0.7,1.196435701756781
47.058,72.97776562051278,25.919765620512784,0.713,1.1057237215229212
44.088,59.423784827397505,15.335784827397504,0.668,0.9003603761726895
101.04599999999999,149.9311997299959,48.88519972999592,1.531,2.2716848443938775
90.75,119.04227962347936,28.29227962347936,1.375,1.8036709033860512
152.064,155.55631802979696,3.4923180297969623,2.304,2.3569139095423783
159.852,175.462347965516,15.610347965515984,2.422,2.6585204237199394
199.254,151.75271717070314,-47.501282829296855,3.019,2.299283593495502
274.428,206.93189067963297,-67.49610932036703,4.158,3.135331676964136
103.28999999999999,109.93108581607414,6.641085816074153,1.565,1.6656225123647599
51.876,54.51658451661268,2.640584516612684,0.786,0.8260088563123134
291.324,244.92612149107146,-46.39787850892856,4.414,3.71100184077381
121.63799999999999,131.85723510224432,10.219235102244326,1.843,1.9978368954885504
182.49,222.71191864082368,40.221918640823674,2.765,3.3744230097094503
153.64799999999997,131.1971202270836,-22.45087977291638,2.328,1.9878351549558118
39.864,58.169812400478676,18.30581240047868,0.604,0.8813607939466467
147.906,163.79576184506305,15.889761845063049,2.241,2.4817539673494404
289.73999999999995,216.06029788112704,-73.67970211887291,4.39,3.2736408769867738
81.246,69.46314561606718,-11.782854383932815,1.231,1.052471903273745
168.762,202.56136024632355,33.799360246323545,2.557,3.06911151888369
38.016,47.21577748529862,9.199777485298618,0.576,0.71539056795907
131.868,140.63710042288008,8.769100422880086,1.998,2.130865157922426
33.858,39.05415401038192,5.196154010381925,0.513,0.5917296062179079
229.81199999999998,211.61237609463825,-18.199623905361733,3.482,3.206248122646034
239.448,251.7779253527431,12.32992535274309,3.628,3.814817050799138
158.59799999999998,173.42355323508207,14.825553235082083,2.403,2.6276295944709407
48.57599999999999,44.28286007574261,-4.293139924257382,0.736,0.6709524253900396
113.91599999999998,129.3025019527092,15.386501952709224,1.726,1.9591288174652912
151.14,154.52887239532015,3.3888723953201634,2.29,2.341346551444245
109.75799999999998,109.25380048532179,-0.5041995146781915,1.663,1.6553606134139667
54.977999999999994,70.49007437677743,15.512074376777434,0.833,1.0680314299511733
330.00066,328.114644985739,-1.8860150142609768,5.00001,4.97143401493544
219.71399999999997,197.4811361377163,-22.232863862283665,3.329,2.9921384263290354
35.838,38.34676094501548,2.5087609450154815,0.543,0.5810115294699316
159.522,193.65813796182894,34.13613796182895,2.417,2.934214211542863
255.75,240.25837151250008,-15.491628487499923,3.875,3.6402783562500014
90.024,148.31857813110904,58.294578131109034,1.364,2.2472511838046825
64.878,118.61607963988095,53.73807963988095,0.983,1.7972133278769842
116.16,155.59648784271982,39.43648784271983,1.76,2.3575225430715125
41.58,44.7584309894826,3.1784309894825995,0.63,0.6781580452951909
156.354,172.34925954312558,15.99525954312557,2.369,2.611352417320085
64.15199999999999,102.08819163142653,37.93619163142654,0.972,1.5467907822943414
145.2,194.1136293038462,48.91362930384622,2.2,2.9411155955128216
69.828,99.49565564775911,29.667655647759105,1.058,1.5075099340569562
178.79399999999998,170.49866790861068,-8.295332091389298,2.709,2.583313150130465
65.604,64.55580703267017,-1.0481929673298254,0.994,0.9781182883737906
109.75799999999998,120.32342360437437,10.565423604374388,1.663,1.823082175823854
94.90799999999999,100.64267530803207,5.734675308032081,1.438,1.5248890198186678
92.79599999999999,94.52672543154762,1.7307254315476257,1.406,1.4322231125992064
218.394,202.08839810844384,-16.305601891556165,3.309,3.0619454258855128
103.55399999999999,166.06744325531196,62.51344325531197,1.569,2.516173382656242
330.00066,263.2581207535713,-66.74253924642869,5.00001,3.988759405357141
107.25,141.17469521428578,33.92469521428578,1.625,2.1390105335497847
82.368,99.58549417366945,17.21749417366945,1.248,1.5088711238434764
142.62599999999998,93.32260766186296,-49.303392338137016,2.161,1.4139789039676207
113.124,125.64479233574012,12.520792335740126,1.714,1.9037089747839413
214.89599999999996,208.37276522049913,-6.523234779500825,3.256,3.1571631094015022
72.468,80.59927021170007,8.13127021170007,1.098,1.2212010638136375
182.292,176.07356632332622,-6.218433676673783,2.762,2.667781307929185
85.73399999999998,96.54554028224516,10.811540282245176,1.299,1.4628112163976539
192.918,167.89152974278176,-25.02647025721825,2.923,2.5438110567088144
225.39,224.1897723482142,-1.2002276517857808,3.415,3.3968147325487004
44.088,48.15803154111407,4.070031541114069,0.668,0.7296671445623344
157.60799999999998,138.94385285735174,-18.664147142648233,2.388,2.105209891778057
51.083999999999996,75.69150301425232,24.607503014252323,0.774,1.1468409547613987
54.384,59.50246372158478,5.1184637215847815,0.824,0.9015524806300725
237.534,252.80386326382953,15.269863263829535,3.599,3.8303615646034777
307.36199999999997,287.81481802264693,-19.547181977353034,4.657,4.360830576100712
141.24,145.29860653415358,4.058606534153569,2.14,2.2014940383962665
70.68599999999999,63.49446497407946,-7.19153502592053,1.071,0.9620373480921132
104.148,115.08338928079223,10.935389280792236,1.578,1.74368771637564
78.738,113.3161738861652,34.5781738861652,1.193,1.7169117255479578
153.714,169.57583918564842,15.86183918564842,2.329,2.569330896752249
118.46999999999998,132.12045152558477,13.650451525584785,1.795,2.001825023114921
46.266,53.046461006422966,6.780461006422968,0.701,0.8037342576730753
36.3,113.15800307739211,76.85800307739211,0.55,1.7145151981423048
43.494,47.30774531403118,3.8137453140311806,0.659,0.7167840199095633
65.736,68.15036162337334,2.4143616233733383,0.996,1.032581236717778
330.00066,299.08795429464277,-30.91270570535721,5.00001,4.531635671130951
108.306,149.62703889112933,41.321038891129334,1.641,2.2670763468352932
50.82,75.17849403403686,24.35849403403686,0.77,1.139068091424801
92.598,94.45726786615744,1.8592678661574382,1.403,1.4311707252448096
114.11399999999999,96.34910660906814,-17.764893390931846,1.729,1.4598349486222446
330.00066,227.70642009860973,-102.29423990139026,5.00001,3.45009727422136
207.438,161.65844858889753,-45.77955141110246,3.143,2.449370433165114
330.00066,271.533933581771,-58.46672641822897,5.00001,4.114150508814713
330.00066,330.0006599999994,-5.684341886080801e-13,5.00001,5.000009999999992
94.37999999999998,101.95908629586442,7.5790862958644425,1.43,1.5448346408464309
185.196,173.45504309294176,-11.740956907058234,2.806,2.6281067135294207
247.5,182.91664941326104,-64.58335058673896,3.75,2.77146438504941
90.75,111.08629393526095,20.336293935260954,1.375,1.6831256656857723
222.486,209.03009225532657,-13.455907744673425,3.371,3.1671226099291907
84.48,98.39038831189029,13.910388311890287,1.28,1.4907634592710652
122.36399999999999,122.64985627976188,0.2858562797618873,1.854,1.8583311557539681
41.58,47.75725884337887,6.177258843378873,0.63,0.723594830960286
72.27,112.57948852343023,40.30948852343023,1.095,1.7057498261125794
264.0,150.4199099274508,-113.58009007254921,4.0,2.279089544355315
100.25399999999999,194.14163505327383,93.88763505327384,1.519,2.9415399250496037
37.157999999999994,41.87266447130252,4.714664471302527,0.563,0.6344343101712504
67.64999999999999,52.609293633359265,-15.040706366640727,1.025,0.7971105095963525
148.5,204.81788995879126,56.317889958791255,2.25,3.103301363011989
96.03,112.92670153764148,16.896701537641476,1.455,1.7110106293582041
239.64599999999996,165.9005048183382,-73.74549518166177,3.631,2.5136440123990638
164.34,145.79292650623148,-18.547073493768522,2.49,2.2089837349429016
274.09799999999996,238.61741684956445,-35.48058315043551,4.153,3.615415406811583
176.48399999999998,130.2534386154335,-46.23056138456647,2.674,1.9735369487186898
49.5,52.96359621226665,3.4635962122666513,0.75,0.8024787304888887
165.0,168.9932283940341,3.993228394034105,2.5,2.560503460515668
106.788,106.78099052358047,-0.007009476419526095,1.618,1.6178937958118254
64.35,61.066552200481226,-3.2834477995187683,0.975,0.9252507909163823
73.59,97.08066416369046,23.490664163690454,1.115,1.47091915399531
57.618,58.898148099290744,1.2801480992907415,0.873,0.8923961833225871
180.11399999999998,243.42925470543113,63.31525470543116,2.729,3.6883220409913813
82.104,73.69708554129882,-8.40691445870118,1.244,1.1166225082014973
150.94199999999998,217.32075686959237,66.3787568695924,2.287,3.2927387404483697
151.47,145.85834051174436,-5.61165948825564,2.295,2.209974856238551
107.25,103.96448357033292,-3.2855164296670836,1.625,1.5752194480353474
52.8,84.15066338330837,31.350663383308373,0.8,1.2750100512622482
78.40799999999999,83.5033421293052,5.095342129305209,1.188,1.2652021534743212
161.172,205.39136779682534,44.21936779682534,2.442,3.1119904211640206
123.75,123.39107342697046,-0.35892657302953523,1.875,1.8695617185904616
162.36,146.65792650318923,-15.702073496810783,2.46,2.222089795502867
67.716,66.71935871021442,-0.9966412897855719,1.026,1.0108993743971884
77.02199999999999,60.76737896667892,-16.254621033321072,1.167,0.9207178631314988
90.75,121.82909297947778,31.079092979477778,1.375,1.8458953481739058
113.45400000000001,241.81984565357135,128.36584565357134,1.719,3.6639370553571418
68.04599999999999,72.45563680467662,4.409636804676623,1.031,1.0978126788587368
157.80599999999998,165.75411832460318,7.9481183246032,2.391,2.5114260352212603
128.04,144.67191617775742,16.631916177757432,1.94,2.1919987299660217
145.134,162.23256813062724,17.098568130627257,2.199,2.458069214100413
250.79999999999998,286.6206304980741,35.82063049807411,3.8,4.342736825728396
102.762,102.9002302426714,0.13823024267139772,1.557,1.5590943976162335
59.333999999999996,59.431530587981754,0.09753058798175829,0.899,0.9004777361815417
58.937999999999995,84.78381678352318,25.845816783523183,0.893,1.2846032845988362
36.3,55.72688992407313,19.42688992407313,0.55,0.844346817031411
32.868,34.82798853262252,1.9599885326225177,0.498,0.527696795948826
96.624,101.09701268908752,4.4730126890875255,1.464,1.5317729195316292
183.47999999999996,202.94293191242835,19.462931912428388,2.78,3.074892907764066
190.542,221.30857832365055,30.76657832365055,2.887,3.353160277631069
85.27199999999999,107.87210419763304,22.600104197633044,1.292,1.6344258211762583
146.25600000000003,161.05057769536072,14.794577695360687,2.216,2.440160268111526
56.496,141.4783961505639,84.98239615056389,0.856,2.143612062887332
105.86399999999999,97.71785515691867,-8.146144843081316,1.604,1.4805735629836163
38.016,48.945054128197945,10.929054128197947,0.576,0.7415917292151204
230.01,240.3017218511905,10.291721851190516,3.485,3.6409351795634928
131.604,163.58019111528031,31.9761911152803,1.994,2.478487744170914
64.08599999999998,71.40203345342978,7.316033453429796,0.971,1.081848991718633
38.346,46.015594266344884,7.6695942663448875,0.581,0.6972059737324983
198.65999999999997,211.15621681871133,12.49621681871136,3.01,3.199336618465323
48.971999999999994,88.88237597082495,39.91037597082496,0.742,1.3467026662246204
164.604,244.25050188241758,79.64650188241757,2.494,3.7007651800366306
176.22,181.486707600176,5.266707600176005,2.67,2.749798600002667
79.134,78.76382087441654,-0.3701791255834621,1.199,1.1933912253699475
51.282000000000004,51.21846008356466,-0.06353991643534584,0.777,0.7760372739934039
94.64399999999999,81.21127469252669,-13.432725307473305,1.434,1.2304738589776771
40.391999999999996,43.293927013461655,2.901927013461659,0.612,0.6559685911130554
136.488,112.2491697018647,-24.238830298135298,2.068,1.7007449954827987
216.612,182.18703683452378,-34.424963165476214,3.282,2.7604096490079364
237.996,204.4786175932396,-33.51738240676042,3.606,3.0981608726248426
71.14800000000001,80.90013022172562,9.752130221725608,1.078,1.2257595488140247
33.99,35.36933985525664,1.3793398552566387,0.515,0.5358990887160098
44.55,86.33178438076177,41.78178438076178,0.675,1.3080573391024513
121.506,103.264139956662,-18.241860043337994,1.841,1.5646081811615455
132.0,99.87909649725276,-32.12090350274724,2.0,1.5133196438977692
233.64,124.35895747862791,-109.28104252137207,3.54,1.8842266284640594
259.908,195.22984206760486,-64.67815793239515,3.938,2.9580279101152254
87.18599999999999,94.10908885991068,6.923088859910692,1.321,1.4258952857562226
202.29,181.17927544597154,-21.11072455402845,3.065,2.745140537060175
89.03399999999999,90.79627738485684,1.7622773848568443,1.349,1.375701172497831
210.738,241.00599199431406,30.26799199431406,3.193,3.651605939307789
200.57399999999998,179.90722419663655,-20.666775803363436,3.039,2.725867033282372
231.0,100.79037619924978,-130.20962380075022,3.5,1.5271269121098452
152.59199999999998,163.07430634838246,10.48230634838248,2.312,2.4708228234603404
86.65799999999999,100.19650037536448,13.538500375364492,1.313,1.5181287935661285
79.728,82.19688385226345,2.4688838522634597,1.208,1.2454073310949008
89.232,68.41007950768584,-20.821920492314163,1.352,1.0365163561770583
45.474,54.830954515363224,9.356954515363228,0.689,0.830772038111564
280.5,135.16011019229234,-145.33988980770766,4.25,2.047880457458975
105.92999999999999,125.5505168104678,19.620516810467805,1.605,1.9022805577343607
99.66,98.21549675825571,-1.444503241744286,1.51,1.4881135872462987
230.67000000000002,301.94543612619026,71.27543612619024,3.495,4.5749308503968225
39.73199999999999,44.0654062959336,4.333406295933607,0.602,0.6676576711505091
261.62399999999997,218.8717844316236,-42.75221556837636,3.964,3.3162391580549033
183.81,226.61455380828036,42.80455380828036,2.785,3.4335538455800054
157.938,105.59657232142858,-52.34142767857141,2.393,1.5999480654761906
148.434,161.8766277425519,13.442627742551906,2.249,2.452676177917453
60.258,71.91841363572462,11.660413635724616,0.913,1.0896729338746156
73.524,91.14027352342261,17.616273523422606,1.114,1.3809132352033728
99.52799999999999,70.72263101564481,-28.805368984355184,1.508,1.0715550153885576
42.702000000000005,37.141167553556905,-5.560832446443101,0.647,0.5627449629326804
236.808,233.56414950715728,-3.2438504928427108,3.588,3.538850750108444
153.64799999999997,126.61859838594387,-27.0294016140561,2.328,1.9184636119082406
35.904,53.854864603879534,17.95086460387953,0.544,0.8159827970284779
64.812,68.67848172716859,3.8664817271685905,0.982,1.0405830564722514
149.028,132.1634316904943,-16.8645683095057,2.258,2.0024762377347622
76.62599999999999,84.30927381112092,7.683273811120927,1.161,1.277413239562438
129.624,165.09116440701865,35.46716440701866,1.964,2.5013812788942222
81.312,48.5685034960374,-32.7434965039626,1.232,0.7358864166066273
103.224,165.77625992122356,62.55225992122355,1.564,2.511761513957933
110.088,118.15458322875878,8.066583228758788,1.668,1.7902209580114967
142.49399999999997,133.81358035009396,-8.680419649906014,2.159,2.0274784901529386
77.41799999999999,106.23440849071883,28.816408490718842,1.173,1.6096122498593766
160.512,131.1075109261416,-29.4044890738584,2.432,1.9864774382748727
48.114,64.77754721139819,16.66354721139819,0.729,0.9814779880514877
126.522,135.41107032737196,8.889070327371954,1.917,2.05168288374806
39.599999999999994,175.96518581156187,136.36518581156187,0.6,2.666139178963059
128.964,125.03890276487519,-3.9250972351248095,1.954,1.8945288297708363
73.65599999999999,88.93712625596218,15.281126255962192,1.116,1.347532215999427
177.21,162.98500828062762,-14.224991719372383,2.685,2.4694698224337523
171.6,167.92807624050587,-3.6719237594941205,2.6,2.544364791522816
59.00399999999999,77.26815435202832,18.264154352028328,0.894,1.1707296113943684
155.232,250.57270234027777,95.34070234027777,2.352,3.7965560960648146
254.826,193.5643424603867,-61.26165753961328,3.861,2.932793067581617
123.75,112.89798012394407,-10.852019876055934,1.875,1.710575456423395
147.444,147.43409699425698,-0.009903005743012727,2.234,2.233849954458439
79.398,106.15908525655175,26.761085256551752,1.203,1.6084709887356325
89.62800000000001,83.0709161396908,-6.55708386030922,1.358,1.2586502445407697
202.884,194.14723504042135,-8.736764959578636,3.074,2.9416247733397176
215.688,154.07471743364763,-61.61328256635235,3.268,2.334465415661328
46.397999999999996,101.4540358257784,55.05603582577841,0.703,1.5371823609966426
45.012,57.42993598824766,12.417935988247656,0.682,0.8701505452764797
75.636,84.67595838213319,9.039958382133193,1.146,1.2829690663959574
116.95199999999998,134.9678268424018,18.015826842401808,1.772,2.0449670733697243
54.053999999999995,73.57511716938674,19.52111716938675,0.819,1.114774502566466
59.796,77.85836107231476,18.062361072314765,0.906,1.1796721374593147
37.488,48.333801866361874,10.845801866361874,0.568,0.7323303313085133
213.708,213.80725420168068,0.09925420168067944,3.238,3.2395038515406163
161.30399999999997,91.73018179861879,-69.57381820138119,2.444,1.3898512393730118
95.238,101.08656709951697,5.84856709951697,1.443,1.5316146530229844
108.37199999999999,106.04265774704946,-2.329342252950525,1.642,1.6067069355613555
156.81599999999997,166.80960728230244,9.993607282302463,2.376,2.527418292156098
160.38,153.3096478659905,-7.070352134009482,2.43,2.3228734525150077
54.977999999999994,61.25526875365769,6.277268753657694,0.833,0.9281101326311771
57.75,90.22756369018931,32.477563690189314,0.875,1.3670842983362017
86.922,94.94598863095236,8.02398863095236,1.317,1.43857558531746
31.019999999999992,41.312332758724715,10.292332758724722,0.47,0.6259444357382533
128.898,110.9723499845618,-17.925650015438194,1.953,1.6813992421903303
121.506,138.79220201649272,17.286202016492723,1.841,2.1029121517650413
85.008,70.61005915389359,-14.397940846106408,1.288,1.0698493811196
78.012,70.10097884912004,-7.911021150879961,1.182,1.0621360431684854
140.448,121.27713120472553,-19.170868795274473,2.128,1.8375322909806902
93.258,88.16314667202512,-5.0948533279748744,1.413,1.3358052526064415
149.886,123.55737750723314,-26.328622492766854,2.271,1.8720814773823204
53.327999999999996,141.30802210741754,87.98002210741754,0.808,2.141030637991175
132.85799999999998,142.59356023214295,9.735560232142973,2.013,2.160508488365802
120.97799999999998,129.93136487121546,8.953364871215484,1.833,1.9686570435032646
102.3,113.21348675521305,10.913486755213057,1.55,1.7153558599274707
94.90799999999999,112.8420728782203,17.93407287822032,1.438,1.709728376942732
90.75,165.35385789940483,74.60385789940483,1.375,2.505361483324316
184.866,147.3399533207255,-37.526046679274515,2.801,2.232423535162508
162.29399999999998,138.98738054489385,-23.30661945510613,2.459,2.1058694021953612
160.77599999999998,160.44532374007989,-0.3306762599200965,2.436,2.4309897536375744
67.98,88.12071266570142,20.140712665701415,1.03,1.335162313116688
68.508,70.15234448539528,1.6443444853952798,1.038,1.062914310384777
155.694,134.74050957385944,-20.953490426140547,2.359,2.0415228723312038
106.854,141.97588770186331,35.121887701863315,1.619,2.151149813664596
260.304,260.37924206301346,0.07524206301349068,3.944,3.9451400312577802
96.228,49.75099016789575,-46.477009832104244,1.458,0.7538028813317539
121.96799999999999,121.59114650391125,-0.3768534960887422,1.848,1.84229009854411
159.918,163.94613173035717,4.02813173035716,2.423,2.484032298944806
221.42999999999998,159.4215080859701,-62.00849191402989,3.355,2.415477395241971
109.23,83.61767028768774,-25.61232971231226,1.655,1.2669343982982992
135.168,215.6783340446429,80.51033404464289,2.048,3.267853546130953
105.40199999999999,103.01911488249657,-2.3828851175034202,1.597,1.5608956800378269
111.606,100.93658731590061,-10.669412684099385,1.691,1.5293422320591001
315.876,167.1019128581349,-148.77408714186507,4.786,2.531847164517196
170.874,161.9048884107143,-8.969111589285689,2.589,2.453104369859308
213.84000000000003,207.86418197705603,-5.975818022943997,3.24,3.1494573026826673
68.04599999999999,53.89283858249352,-14.153161417506475,1.031,0.8165581603408109
91.146,123.85593899036807,32.70993899036807,1.381,1.876605136217698
60.455999999999996,68.43679146271069,7.980791462710691,0.916,1.036921082768344
151.07399999999998,195.83093165448716,44.756931654487175,2.289,2.9671353280982906
91.60799999999999,85.24155489323648,-6.366445106763507,1.388,1.2915387105035832
166.45199999999997,151.2450553284207,-15.206944671579265,2.522,2.2915917474003136
277.39799999999997,283.8198395608735,6.421839560873536,4.203,4.300300599407175
160.77599999999998,162.55711112656695,1.7811111265669695,2.436,2.4629865322207114
93.786,100.8938462016142,7.107846201614194,1.421,1.528694639418397
44.55,53.84453879339366,9.294538793393663,0.675,0.8158263453544494
61.248000000000005,72.20579119010968,10.957791190109674,0.928,1.0940271392440861
125.92799999999998,147.4659907378988,21.537990737898824,1.908,2.234333192998467
147.774,149.83741186540334,2.0634118654033387,2.239,2.2702638161424753
94.64399999999999,118.7329210836966,24.088921083696604,1.434,1.7989836527832819
87.582,76.32822109078027,-11.253778909219719,1.327,1.1564881983451558
65.34,64.07186426346084,-1.2681357365391648,0.99,0.9707858221736491
44.682,49.21903282132776,4.537032821327756,0.677,0.7457429215352691
150.084,167.43730233806696,17.353302338066953,2.274,2.536928823304045
150.87599999999998,175.18789815414382,24.311898154143847,2.286,2.6543620932446035
89.62800000000001,90.35654860119047,0.7285486011904538,1.358,1.3690386151695526
238.986,250.5785529119606,11.59255291196061,3.621,3.7966447410903124
185.65800000000002,225.24437470863825,39.58637470863823,2.813,3.412793556191489
330.00066,329.3649933749994,-0.6356666250005674,5.00001,4.990378687499992
59.796,88.00611142800155,28.210111428001547,0.906,1.3334259307272962
43.758,54.39845877160654,10.64045877160654,0.663,0.8242190722970688
99.13199999999999,105.83845290282744,6.706452902827451,1.502,1.6036129227701128
112.398,108.20843391813764,-4.189566081862353,1.703,1.6395217260323887
65.538,81.00893470991592,15.470934709915923,0.993,1.2274081016653928
213.11399999999998,284.4868335511802,71.37283355118024,3.229,4.310406568957276
140.712,107.41564750247652,-33.29635249752347,2.132,1.6275098106435837
143.22,146.49108940251588,3.2710894025158836,2.17,2.2195619606441803
176.814,125.24835642100753,-51.565643578992464,2.679,1.8977023700152658
136.15800000000002,147.1063933645488,10.948393364548792,2.063,2.228884747947709
248.688,191.6630506677029,-57.0249493322971,3.768,2.9039856161773168
57.75,54.81453084680059,-2.9354691531994135,0.875,0.8305231946484938
201.102,162.38228325000006,-38.71971674999995,3.047,2.460337625000001
303.732,243.62909260683796,-60.10290739316207,4.602,3.691349887982393
84.80999999999999,77.37484259814734,-7.435157401852649,1.285,1.1723460999719295
187.83599999999998,236.8428245315073,49.006824531507306,2.846,3.5885276444167773
78.93599999999999,97.08083505448045,18.144835054480453,1.196,1.4709217432497037
137.676,146.83281001409856,9.156810014098568,2.086,2.22473954566816
77.55,165.28417971102485,87.73417971102485,1.175,2.5043057531973463
44.154,43.160504019019335,-0.9934959809806685,0.669,0.6539470305912021
135.168,118.47253940507656,-16.695460594923446,2.048,1.7950384758344935
49.236,106.23214905590618,56.99614905590618,0.746,1.6095780159985786
72.006,71.0929465766206,-0.9130534233793952,1.091,1.0771658572215244
75.43799999999999,93.10673334626003,17.66873334626004,1.143,1.4107080810039399
203.478,188.2983860170307,-15.1796139829693,3.083,2.8530058487428898
74.57999999999998,95.04377126144686,20.46377126144688,1.13,1.4400571403249525
60.522,57.4442081510258,-3.0777918489742007,0.917,0.8703667901670575
88.572,81.58909067093633,-6.9829093290636735,1.342,1.2361983434990353
280.5,293.1874966436357,12.687496643635711,4.25,4.442234797630844
35.574000000000005,43.1840163871918,7.610016387191791,0.539,0.6543032785938151
204.99599999999998,148.79800338753148,-56.1979966124685,3.106,2.2545152028413864
159.522,286.00519806926206,126.48319806926207,2.417,4.333412091958516
149.688,153.19239575537773,3.504395755377743,2.268,2.321096905384511
66.52799999999999,83.31040402975478,16.782404029754787,1.008,1.2622788489356784
157.07999999999998,152.26444543315233,-4.815554566847652,2.38,2.30703705201746
162.03,142.24322402721918,-19.786775972780816,2.455,2.155200364048776
103.28999999999999,111.57475567140828,8.284755671408291,1.565,1.690526601081944
76.29599999999999,103.45174578681149,27.155745786811494,1.156,1.567450693739568
43.824,48.32021193992418,4.49621193992418,0.664,0.7321244233321845
38.808,42.64270833339559,3.8347083333955894,0.588,0.6461016414150847
147.57600000000002,131.35684421286388,-16.219155787136145,2.236,1.9902552153464224
111.73799999999999,108.95081102543531,-2.787188974564671,1.693,1.6507698640217474
110.022,98.84321623748036,-11.178783762519643,1.667,1.4976244884466723
148.5,148.57086128666958,0.07086128666958302,2.25,2.2510736558586304
47.916,52.828743433449496,4.912743433449499,0.726,0.8004355065674167
105.798,105.27664146668641,-0.5213585333135882,1.603,1.5951006282831277
97.35,84.17653308750609,-13.173466912493907,1.475,1.275402016477365
60.192,102.29606209117391,42.10406209117391,0.912,1.5499403347147562
137.478,95.75133851839067,-41.72666148160934,2.083,1.4507778563392526
221.298,221.69144381249993,0.39344381249992466,3.353,3.3589612698863625
38.279999999999994,57.818799451305956,19.538799451305962,0.58,0.8760424159288782
149.49,135.94758375570734,-13.542416244292667,2.265,2.059811875086475
227.83199999999997,223.50611165535716,-4.325888344642806,3.452,3.386456237202381
70.488,58.07307038772764,-12.41492961227236,1.068,0.8798950058746613
330.00066,139.67890977204615,-190.32175022795383,5.00001,2.1163471177582753
181.5,218.55015655654756,37.05015655654756,2.75,3.3113660084325387
63.227999999999994,72.16984406216535,8.941844062165359,0.958,1.0934824857903842
64.15199999999999,90.61945069939956,26.467450699399578,0.972,1.373021980293933
102.3,102.43750138135368,0.13750138135368672,1.55,1.5520833542629346
264.0,231.3916285410713,-32.6083714589287,4.0,3.5059337657738077
330.00066,245.83553826000505,-84.16512173999493,5.00001,3.7247808827273494
200.838,177.4355455523372,-23.40245444766279,3.043,2.688417356853594
237.072,220.9479398130252,-16.124060186974816,3.592,3.347696057773109
95.502,102.16938466111009,6.667384661110091,1.447,1.5480209797137892
232.84799999999998,197.7272260902149,-35.12077390978507,3.528,2.9958670619729535
234.696,218.51539573140101,-16.180604268598984,3.556,3.310839329263652
65.40599999999999,83.81894082844893,18.41294082844894,0.991,1.269983951946196
165.26399999999998,152.22891825089502,-13.035081749104961,2.504,2.3064987613771972
69.696,77.09012835354254,7.394128353542541,1.056,1.1680322477809475
330.00066,302.3799269794892,-27.620733020510784,5.00001,4.581514045143776
106.92000000000002,117.29083240936129,10.37083240936127,1.62,1.777133824384262
179.652,196.81693647608088,17.164936476080896,2.722,2.9820747950921347
162.29399999999998,191.84435399633543,29.550353996335446,2.459,2.9067326363081127
120.97799999999998,130.26986405133792,9.291864051337939,1.833,1.9737858189596653
145.662,183.13606527005575,37.474065270055746,2.207,2.7747888677281174
106.26,122.1119308095238,15.851930809523793,1.61,1.8501807698412698
200.57399999999998,237.3830155742983,36.809015574298314,3.039,3.5967123571863384
175.69199999999998,158.37868906676147,-17.313310933238512,2.662,2.3996771070721437
59.465999999999994,57.23156572040319,-2.2344342795968046,0.901,0.8671449351576241
57.75,104.38773399273477,46.637733992734766,0.875,1.581632333223254
138.20399999999998,107.88920785132605,-30.31479214867393,2.094,1.634684967444334
124.542,145.00716602106226,20.46516602106226,1.887,2.1970782730463982
66.924,76.42368646356728,9.499686463567272,1.014,1.157934643387383
255.75,230.49338270054935,-25.256617299450653,3.875,3.4923239803113537
237.006,209.6521989211215,-27.35380107887849,3.591,3.1765484685018412
216.018,224.42012413848997,8.402124138489967,3.273,3.4003049111892425
184.272,185.07563377773718,0.8036337777371898,2.792,2.8041762693596546
154.176,158.64300415727237,4.467004157272385,2.336,2.4036818811707934
107.91,159.20806319627866,51.29806319627866,1.635,2.4122433817617983
81.972,126.64539878571425,44.673398785714255,1.242,1.918869678571428
297.0,268.4068747653046,-28.59312523469538,4.5,4.066770829777343
73.854,75.77440665910714,1.9204066591071438,1.119,1.1480970705925324
59.928,64.97824748515094,5.050247485150948,0.908,0.9845189012901658
79.59599999999999,89.01663872282683,9.420638722826837,1.206,1.348736950345861
319.308,321.50904562857113,2.201045628571137,4.838,4.871349176190472
242.022,214.70671404587603,-27.315285954123965,3.667,3.2531320309981218
132.65999999999997,138.39100365869422,5.731003658694249,2.01,2.0968333887680943
220.176,224.46998747857137,4.293987478571381,3.336,3.4010604163419904
239.25,138.3735546043956,-100.8764453956044,3.625,2.096569009157509
112.266,106.64224098399892,-5.623759016001088,1.701,1.6157915300605896
162.822,167.9995144653511,5.177514465351095,2.467,2.5454471888689563
106.392,112.37808901846299,5.986089018462991,1.612,1.7026983184615605
97.02,82.04817680219365,-14.971823197806344,1.47,1.2431541939726312
77.81400000000001,102.05255527376143,24.23855527376142,1.179,1.5462508374812338
73.45799999999998,74.86775217732252,1.409752177322531,1.113,1.1343598814745834
175.89,160.01586919642858,-15.874130803571404,2.665,2.4244828666125544
74.91,77.67285574866035,2.762855748660357,1.135,1.176861450737278
217.20599999999996,223.0895483928571,5.883548392857136,3.291,3.380144672619047
330.00066,324.4738782108512,-5.526781789148799,5.00001,4.9162708819825935
156.09,128.39326645441886,-27.69673354558114,2.365,1.9453525220366497
80.65199999999999,72.51748613423563,-8.134513865764362,1.222,1.098749789912661
54.053999999999995,62.10814889083444,8.054148890834448,0.819,0.9410325589520371
255.024,235.96695995430815,-19.05704004569185,3.864,3.575256969004669
121.96799999999999,123.12008705838828,1.1520870583882896,1.848,1.8654558645210346
106.062,123.93768387413041,17.875683874130416,1.607,1.877843695062582
67.056,66.35324348279119,-0.7027565172088117,1.016,1.0053521739816849
279.84000000000003,311.22332648392825,31.383326483928215,4.24,4.715504946726186
173.25,151.7543098328362,-21.495690167163787,2.625,2.2993077247399425
243.80399999999997,208.85508618065805,-34.948913819341925,3.694,3.164471002737243
75.966,95.47730037619901,19.511300376199017,1.151,1.4466257632757427
185.922,131.0946347806267,-54.82736521937329,2.817,1.9862823451610108
64.746,81.70795468534466,16.961954685344665,0.981,1.237999313414313
86.526,96.38309256958127,9.857092569581269,1.311,1.460349887417898
166.188,137.09849196055157,-29.08950803944842,2.518,2.0772498781901754
153.582,151.2747977044956,-2.3072022955043963,2.327,2.2920423894620545
91.87199999999999,88.41968774643881,-3.4523122535611748,1.392,1.3396922385824062
47.18999999999999,52.835918309478465,5.645918309478475,0.715,0.8005442168102798
224.72999999999996,212.6722879852012,-12.057712014798767,3.405,3.2223073937151696
178.728,159.50293751071428,-19.225062489285733,2.708,2.416711174404762
102.696,123.49828976315509,20.802289763155088,1.556,1.871186208532653
58.872,55.37070990400667,-3.5012900959933333,0.892,0.8389501500607072
110.21999999999998,113.5752578524108,3.3552578524108156,1.67,1.7208372401880425
68.04599999999999,81.2351639234814,13.189163923481402,1.031,1.2308358170224456
119.13,107.11227590858824,-12.01772409141175,1.805,1.6229132713422463
33.792,50.02761930540047,16.23561930540047,0.512,0.7579942319000071
135.03599999999997,141.7550857151101,6.71908571511014,2.046,2.1478043290168203
255.552,129.62869009645456,-125.92330990354543,3.872,1.9640710620674935
107.25,83.40640152386587,-23.843598476134133,1.625,1.2637333564222102
79.46399999999998,86.87135935248516,7.407359352485173,1.204,1.3162327174618964
92.202,111.66162399439696,19.459623994396964,1.397,1.6918427877938935
64.812,60.16798326447731,-4.6440167355226905,0.982,0.9116361100678381
177.80399999999997,168.8832967159289,-8.920703284071067,2.694,2.558837829029226
177.60599999999997,173.80837344172153,-3.797626558278438,2.691,2.6334602036624473
330.00066,237.12701680035906,-92.87364319964092,5.00001,3.592833587884228
32.736,48.76851001997224,16.032510019972243,0.496,0.7389168184844279
38.279999999999994,56.938388112284635,18.65838811228464,0.58,0.8627028501861309
43.494,49.29918024282197,5.805180242821969,0.659,0.7469572764063935
115.76399999999998,130.23963217415488,14.475632174154896,1.754,1.9733277602144679
258.58799999999997,237.76002421093236,-20.827975789067608,3.918,3.602424609256551
185.32799999999997,171.76136861239948,-13.566631387600495,2.808,2.6024449789757496
59.862,92.19868212373996,32.336682123739955,0.907,1.396949729147575
330.00066,329.7164690168914,-0.28419098310860136,5.00001,4.995704076013506
60.918,68.642886675503,7.724886675502994,0.923,1.0400437375076212
149.886,157.04242155940815,7.156421559408159,2.271,2.3794306296880023
107.25,91.8974973378884,-15.352502662111604,1.625,1.3923863233013394
191.99399999999997,186.79089781773925,-5.2031021822607215,2.909,2.830165118450595
120.84599999999999,111.34797059055302,-9.498029409446971,1.831,1.6870904634932278
186.91199999999998,199.03839458378212,12.126394583782144,2.832,3.015733251269426
117.084,190.0608841673568,72.97688416735679,1.774,2.8797103661720724
157.542,179.95973429619104,22.417734296191043,2.387,2.7266626408513797
212.058,203.8777267788461,-8.180273221153897,3.213,3.089056466346153
172.59,185.430719375,12.840719374999992,2.615,2.809556354166667
65.538,73.2709857865976,7.7329857865976095,0.993,1.110166451312085
149.226,141.6533096880992,-7.5726903119008,2.261,2.146262268001503
34.122,32.8166642987539,-1.3053357012461007,0.517,0.49722218634475607
103.55399999999999,102.5816659454604,-0.9723340545395871,1.569,1.5542676658403092
106.19399999999999,110.5204241808932,4.326424180893213,1.609,1.674551881528685
146.784,184.30751085639392,37.523510856393926,2.224,2.7925380432786957
201.432,178.23318935157997,-23.19881064842002,3.052,2.700502868963333
91.60799999999999,96.63283483769125,5.024834837691259,1.388,1.4641338611771402
152.262,152.62104189506616,0.3590418950661558,2.307,2.312440028713124
62.23799999999999,68.20683395569932,5.968833955699331,0.943,1.0334368781166563
64.15199999999999,72.2603955299749,8.108395529974914,0.972,1.0948544777268925
252.18599999999998,202.11827811771263,-50.067721882287344,3.821,3.0623981532986764
127.512,145.09446027106776,17.58246027106776,1.932,2.1984009131979967
138.27,142.2230726645425,3.9530726645425034,2.095,2.1548950403718563
152.724,118.96330579560824,-33.760694204391754,2.314,1.8024743302364885
58.937999999999995,68.71607620154788,9.778076201547883,0.893,1.0411526697204223
129.426,133.9040909988743,4.478090998874308,1.961,2.0288498636193077
74.91,78.82658950861254,3.916589508612546,1.135,1.1943422652820082
117.744,152.08972027953786,34.34572027953786,1.784,2.304389701205119
268.29,239.82146855460167,-28.468531445398355,4.065,3.633658614463662
150.612,148.5094562979647,-2.102543702035291,2.282,2.2501432772418895
154.96799999999996,156.74716409556459,1.7791640955646244,2.348,2.3749570317509785
152.65800000000002,130.22704594153143,-22.430954058468586,2.313,1.9731370597201732
330.00066,281.25462635121625,-48.74603364878374,5.00001,4.2614337325941865
121.506,116.25883076596983,-5.247169234030167,1.841,1.7614974358480278
141.042,155.33695197322717,14.294951973227171,2.137,2.353590181412533
330.00066,315.0503725125247,-14.950287487475293,5.00001,4.773490492614011
111.67199999999998,133.38812087788563,21.716120877885643,1.692,2.0210321345134186
153.384,163.58711215733564,10.203112157335653,2.324,2.4785926084444796
232.12199999999999,275.8142485958332,43.692248595833206,3.517,4.179003766603533
154.83599999999998,127.71127912380334,-27.124720876196648,2.346,1.935019380663687
74.25,154.0097348646008,79.7597348646008,1.125,2.3334808312818303
95.832,97.58163927692596,1.7496392769259614,1.452,1.4785096860140297
57.552,64.06873796680875,6.516737966808755,0.872,0.970738454042557
35.31,58.49574709473789,23.185747094737884,0.535,0.8862991984051195
28.907999999999998,46.43363970165105,17.525639701651055,0.438,0.7035399954795615
62.172,61.21603294951754,-0.9559670504824567,0.942,0.9275156507502658
144.40800000000002,113.94637594702539,-30.461624052974628,2.188,1.7264602416215968
126.654,135.66815252208144,9.014152522081446,1.919,2.0555780685163856
87.252,244.45370508899907,157.20170508899906,1.322,3.7038440164999864
30.888,33.95337618549784,3.0653761854978363,0.468,0.5144450937196643
98.80199999999999,125.78409683184813,26.98209683184814,1.497,1.905819648967396
83.35799999999999,85.12282827128476,1.7648282712847703,1.263,1.2897398222921934
168.894,168.96699782501423,0.07299782501422669,2.559,2.560106027651731
62.36999999999999,65.70792042323208,3.3379204232320916,0.945,0.9955745518671529
156.486,159.84769160347315,3.3616916034731616,2.371,2.421934721264745
330.00066,325.96307005549414,-4.037589944505839,5.00001,4.938834394780214
57.75,76.96956141666105,19.21956141666105,0.875,1.166205476010016
83.556,72.59844321873189,-10.95755678126811,1.266,1.0999764124050286
161.766,152.84020451807396,-8.92579548192603,2.451,2.315760674516272
103.884,140.86957836371565,36.985578363715646,1.574,2.1343875509653887
51.744,53.76497031853084,2.0209703185308427,0.784,0.8146207624019824
143.946,159.9209260051119,15.97492600511191,2.181,2.4230443334107865
231.0,189.9475122305407,-41.052487769459304,3.5,2.877992609553647
130.944,123.51124935445603,-7.432750645543962,1.984,1.8713825659766066
94.974,92.53495046852213,-2.4390495314778775,1.439,1.4020447040685171
223.01399999999998,247.21801934204416,24.204019342044177,3.379,3.745727565788548
50.358,61.64176211647921,11.28376211647921,0.763,0.9339660926739274
105.66599999999998,133.06999984527607,27.40399984527609,1.601,2.0162121188678195
86.196,92.44432269117301,6.248322691173016,1.306,1.4006715559268639
74.25,76.13291942003681,1.8829194200368136,1.125,1.15352908212177
217.272,172.167158975242,-45.104841024758,3.292,2.608593317806697
153.978,152.31808826317072,-1.6599117368292866,2.333,2.3078498221692536
65.472,70.16162886075868,4.689628860758688,0.992,1.063054982738768
130.61399999999998,123.37559018304246,-7.238409816957514,1.979,1.8693271239854918
134.706,153.76388220458043,19.057882204580437,2.041,2.329755790978491
231.0,181.03567951758237,-49.964320482417634,3.5,2.7429648411754903
40.986,38.62456833711757,-2.361431662882424,0.621,0.5852207323805694
92.66399999999999,128.53111547390114,35.86711547390115,1.404,1.9474411435439567
100.38599999999998,155.54959384297814,55.16359384297816,1.521,2.3568120279239113
86.12999999999998,68.59966340050678,-17.530336599493197,1.305,1.039388839401618
128.766,149.21146344328318,20.445463443283188,1.951,2.2607797491406543
131.67000000000002,145.3181299200091,13.648129920009097,1.995,2.2017898472728654
90.75,73.04288810466326,-17.707111895336737,1.375,1.1067104258282314
181.5,133.38239938219374,-48.11760061780626,2.75,2.0209454451847537
81.114,116.73399334558817,35.61999334558817,1.229,1.7686968688725482
71.94,123.781227952381,51.841227952381004,1.09,1.8754731507936515
80.322,67.38478075588851,-12.937219244111489,1.217,1.0209815266043714
199.32,214.68738229732278,15.367382297322791,3.02,3.252839125717012
159.522,158.6591931235531,-0.8628068764468821,2.417,2.403927168538684
101.112,106.83812066643502,5.726120666435023,1.532,1.6187594040368942
111.73799999999999,266.64140856293153,154.90340856293153,1.693,4.0400213418626
236.60999999999999,255.06781594642857,18.457815946428582,3.585,3.8646638779761906
115.5,112.88602518154761,-2.613974818452391,1.75,1.7103943209325396
74.25,86.37903275105378,12.129032751053785,1.125,1.3087732235008152
248.15999999999994,266.7640880535713,18.60408805357136,3.76,4.041880122023808
78.40799999999999,78.22031420465761,-0.18768579534237517,1.188,1.1851562758281458
264.65999999999997,264.406087500172,-0.2539124998279476,4.01,4.006152840911698
71.21399999999998,66.78140640514567,-4.4325935948543105,1.079,1.0118394909870558
224.20199999999997,211.80041785461955,-12.401582145380416,3.397,3.2090972402215088
104.28,114.12933619775477,9.849336197754766,1.58,1.7292323666326481
309.40799999999996,252.25530073032485,-57.15269926967511,4.688,3.822050011065528
41.646,40.90899864058306,-0.7370013594169436,0.631,0.6198333127361069
121.836,127.55374872797299,5.717748727972989,1.846,1.9326325564844393
125.20199999999998,154.38583830163185,29.183838301631866,1.897,2.339179368206543
125.99399999999999,169.13961113288292,43.145611132882934,1.909,2.562721380801256
44.55,90.66491851062023,46.11491851062023,0.675,1.3737108865245489
56.297999999999995,67.7076488789403,11.40964887894031,0.853,1.025873467862732
114.576,108.8517610309803,-5.724238969019694,1.736,1.6492691065300047
85.60199999999999,79.71348753211355,-5.888512467886443,1.297,1.2077801141229325
119.46000000000001,165.29255133356236,45.83255133356235,1.81,2.504432595963066
330.00066,324.80381174999945,-5.196848250000528,5.00001,4.921269874999992
248.29199999999997,252.32318263690482,4.031182636904845,3.762,3.8230785248015886
160.38,172.94620020114434,12.56620020114434,2.43,2.620396972744611
97.812,86.93220462352602,-10.879795376473979,1.482,1.31715461550797
157.146,166.08816594656184,8.942165946561857,2.381,2.5164873628266946
297.0,228.305076497221,-68.694923502779,4.5,3.4591678257154697
158.39999999999998,163.1852976540425,4.785297654042523,2.4,2.472504509909735
330.00066,154.90547948172016,-175.09518051827982,5.00001,2.347052719420003
180.90599999999998,173.35539430889608,-7.550605691103897,2.741,2.6265968834681224
125.46600000000001,129.84999266212554,4.383992662125536,1.901,1.9674241312443264
177.144,177.07244648111842,-0.07155351888158634,2.684,2.682915855774522
230.53799999999998,167.68434506140807,-62.853654938591916,3.493,2.5406718948698193
181.962,199.7685475422979,17.80654754229792,2.757,3.026796174883302
120.648,145.34890454621478,24.700904546214787,1.828,2.202256129488103
330.00066,328.81352795892815,-1.187132041071834,5.00001,4.982023150892851
140.712,157.06366008100088,16.351660081000887,2.132,2.37975242546971
118.46999999999998,127.59254119557586,9.122541195575877,1.795,1.933220321145089
91.41,103.69533840507164,12.285338405071641,1.385,1.571141490985934
119.65799999999999,115.4866248085715,-4.171375191428481,1.813,1.7497973455844167
224.72999999999996,234.51049245361082,9.780492453610862,3.405,3.553189279600164
148.5,122.0518541616175,-26.4481458383825,2.25,1.849270517600265
45.077999999999996,73.81750486826265,28.73950486826265,0.683,1.118447043458525
157.01399999999998,167.43115793662216,10.417157936622175,2.379,2.5368357263124572
98.80199999999999,96.89769911852818,-1.904300881471812,1.497,1.4681469563413363
83.02799999999999,85.98814707777926,2.9601470777792684,1.258,1.3028507132996858
57.815999999999995,162.89238787597114,105.07638787597114,0.876,2.46806648296926
82.5,96.39471081834948,13.89471081834948,1.25,1.4605259214901438
111.40799999999999,79.62176336996335,-31.78623663003664,1.688,1.2063903540903538
89.1,89.55911660121659,0.4591166012165928,1.35,1.3569563121396453
56.95799999999999,66.02422098096919,9.066220980969199,0.863,1.0003669845601393
42.833999999999996,75.10072878222441,32.26672878222441,0.649,1.1378898300337033
70.15799999999999,146.17086661691542,76.01286661691543,1.063,2.2147101002562946
188.56199999999998,181.48662705082117,-7.0753729491788135,2.857,2.7497973795578967
179.784,174.46904261331534,-5.314957386684654,2.724,2.64347034262599
143.682,150.31240190506063,6.630401905060637,2.177,2.2774606349251614
60.587999999999994,69.95866371001823,9.370663710018235,0.918,1.0599797531820943
107.57999999999997,110.85517815341157,3.275178153411602,1.63,1.679623911415327
128.766,124.61305563419342,-4.152944365806576,1.951,1.888076600518082
21.45,79.56693099092561,58.11693099092561,0.325,1.2055595604685698
181.698,114.74478636785649,-66.95321363214352,2.753,1.738557369209947
90.35399999999998,92.22396878387639,1.869968783876402,1.369,1.3973328603617634
128.106,104.37168168763445,-23.734318312365545,1.941,1.58138911647931
151.932,186.7766298605398,34.84462986053981,2.302,2.829948937280906
94.776,98.07590106680627,3.299901066806271,1.436,1.4859985010122163
26.136,54.101832718944124,27.965832718944124,0.396,0.8197247381658201
39.467999999999996,45.54692809357743,6.0789280935774315,0.598,0.6901049711148095
139.06199999999998,144.46930859563372,5.407308595633737,2.107,2.188928918115663
103.15799999999999,67.0676422958176,-36.09035770418238,1.563,1.016176398421479
142.29600000000002,147.466613695558,5.170613695557989,2.156,2.234342631750879
117.14999999999999,121.74846508646804,4.598465086468053,1.775,1.8446737134313342
144.474,172.42624349443807,27.95224349443808,2.189,2.612518840824819
84.744,81.62540848189904,-3.1185915181009563,1.284,1.2367486133621068
125.79599999999998,127.38247574007592,1.5864757400759402,1.906,1.9300375112132717
262.878,277.520873271358,14.642873271358042,3.983,4.204861716232697
242.286,133.42183907274014,-108.86416092725986,3.671,2.0215430162536387
80.85,118.70132190720136,37.85132190720137,1.225,1.7985048773818388
248.22599999999997,112.2611724288391,-135.96482757116087,3.761,1.7009268549824106
104.016,97.75263855050775,-6.263361449492251,1.576,1.4811005840986025
117.54599999999999,104.4504830612981,-13.095516938701891,1.781,1.582583076686335
47.784,49.84603210962028,2.062032109620283,0.724,0.7552429107518225
189.81599999999997,161.01364438285793,-28.80235561714204,2.876,2.4396006724675443
115.5,87.04584721288518,-28.454152787114822,1.75,1.3188764729225029
185.32799999999997,150.38201285119044,-34.945987148809536,2.808,2.2785153462301584
105.92999999999999,119.44987136534012,13.519871365340123,1.605,1.8098465358384868
104.676,96.13860728184567,-8.537392718154337,1.586,1.4566455648764496
95.238,117.0559674937029,21.817967493702895,1.443,1.7735752650561047
89.95799999999998,90.75528978152627,0.7972897815262883,1.363,1.3750801482049435
144.012,151.159639033931,7.147639033931,2.182,2.290297561120167
307.824,270.5899319564035,-37.234068043596494,4.664,4.099847453884903
254.826,307.867945076763,53.04194507676303,3.861,4.664665834496409
165.792,157.42627795833735,-8.36572204166265,2.512,2.385246635732384
125.66399999999999,132.18523467151965,6.5212346715196645,1.904,2.002806585932116
147.24599999999998,162.21829113950852,14.972291139508542,2.231,2.4578528960531596
238.26,157.69689333027736,-80.56310666972263,3.61,2.3893468686405663
181.5,110.38556757692304,-71.11443242307696,2.75,1.672508599650349
46.727999999999994,79.27694468224252,32.54894468224252,0.708,1.201165828518826
303.59999999999997,215.0390213541666,-88.56097864583336,4.6,3.258166990214646
44.55,62.74387821845468,18.193878218454685,0.675,0.9506648214917377
148.5,84.75172991071429,-63.74827008928571,2.25,1.2841171198593075
116.22599999999998,120.950551875,4.724551875000017,1.761,1.832584119318182
34.583999999999996,41.587998816575585,7.003998816575589,0.524,0.6301211941905392
110.61599999999999,115.19242612354819,4.576426123548202,1.676,1.7453397897507301
65.802,79.92344688042505,14.12144688042504,0.997,1.2109613163700765
58.674,71.31592642305233,12.641926423052332,0.889,1.0805443397432173
147.642,153.0044220993589,5.362422099358895,2.237,2.3182488196872564
119.13,136.0781273192613,16.948127319261317,1.805,2.0617898078675956
61.512,76.90373267380829,15.391732673808292,0.932,1.1652080708152772
114.70799999999998,116.32405986120031,1.616059861200327,1.738,1.762485755472732
323.928,269.32375430059517,-54.60424569940483,4.908,4.080662943948412
68.77199999999999,67.5869413688985,-1.185058631101498,1.042,1.0240445661954318
182.226,154.1269977890571,-28.0990022109429,2.761,2.335257542258441
168.102,164.90896283801985,-3.1930371619801576,2.547,2.4986206490609066
140.11800000000002,149.11838227396635,9.000382273966324,2.123,2.2593694283934296
57.75,72.67455819032043,14.924558190320425,0.875,1.1011296695503094
62.172,56.25055724380107,-5.921442756198928,0.942,0.8522811703606223
107.91,137.82881811200525,29.918818112005255,1.635,2.0883154259394736
330.00066,198.61598748749992,-131.38467251250006,5.00001,3.0093331437499993
82.5,129.89398574594708,47.39398574594708,1.25,1.9680906931204103
120.318,118.7311590044643,-1.5868409955356952,1.823,1.7989569546130955
73.722,82.80156582134502,9.079565821345028,1.117,1.2545691791112883
96.36,120.26060033927085,23.900600339270852,1.46,1.8221303081707707
330.00066,322.6635940865343,-7.337065913465665,5.00001,4.88884233464446
211.52999999999997,176.7920111523248,-34.73798884767518,3.205,2.678666835641285
31.679999999999996,35.430550211200455,3.7505502112004585,0.48,0.5368265183515221
111.40799999999999,159.0957315104167,47.68773151041671,1.688,2.410541386521465
44.55,52.895970425281945,8.345970425281948,0.675,0.8014540973527569
114.24600000000001,106.60601137694313,-7.63998862305688,1.731,1.6152425966203505
99.0,62.879322783697134,-36.120677216302866,1.5,0.952717011874199
217.272,218.526953070055,1.2549530700549951,3.292,3.3110144404553785
93.05999999999999,103.59062073657489,10.530620736574903,1.41,1.5695548596450741
249.47999999999996,247.39746018015776,-2.0825398198421965,3.78,3.7484463663660272
52.931999999999995,44.96601355610422,-7.965986443895773,0.802,0.6813032356985489
134.17799999999997,139.1738664652538,4.99586646525384,2.033,2.1086949464432396
260.63399999999996,276.1249196553571,15.490919655357118,3.949,4.183710903869047
55.76999999999999,60.92987583162924,5.15987583162925,0.845,0.9231799368428673
216.018,218.73520065856272,2.7172006585627173,3.273,3.31416970694792
132.792,127.13653768576914,-5.65546231423086,2.012,1.9263111770571082
107.25,168.9728314475598,61.7228314475598,1.625,2.560194415872118
175.56,187.8223510248486,12.262351024848584,2.66,2.845793197346191
145.992,147.5286496646546,1.5366496646546182,2.212,2.2352825706765853
116.48999999999998,127.09773303173768,10.607733031737695,1.765,1.9257232277536012
136.15800000000002,108.47301977768936,-27.684980222310656,2.063,1.6435306026922631
330.00066,267.9001640267856,-62.10049597321438,5.00001,4.059093394345237
123.22200000000001,134.24267071422057,11.020670714220557,1.867,2.0339798593063723
74.25,126.69281780720385,52.44281780720385,1.125,1.9195881485939978
59.730000000000004,53.883996213622204,-5.8460037863778,0.905,0.8164241850548819
125.92799999999998,130.5714781450795,4.643478145079527,1.908,1.9783557294709015
131.208,93.30020896563144,-37.90779103436856,1.988,1.4136395297822948
109.29599999999999,144.02133625000005,34.725336250000055,1.656,2.182141458333334
330.00066,310.96401929999973,-19.036640700000248,5.00001,4.711576049999996
96.16199999999999,100.71430718918431,4.552307189184319,1.457,1.5259743513512776
60.258,65.9861834045213,5.728183404521296,0.913,0.9997906576442622
92.66399999999999,101.25663349965362,8.59263349965363,1.404,1.5341914166614186
126.522,130.26110643211226,3.7391064321122514,1.917,1.9736531277592768
40.32599999999999,47.05841736139919,6.732417361399193,0.611,0.7130063236575634
100.98,74.10003460224983,-26.87996539775017,1.53,1.1227277970037854
56.43,52.75381604863021,-3.6761839513697865,0.855,0.7993002431610639
108.57,113.78220155652663,5.212201556526637,1.645,1.7239727508564642
254.89200000000002,236.28726549999996,-18.604734500000063,3.862,3.580110083333333
225.25799999999995,234.5802769287787,9.322276928778734,3.413,3.5542466201330107
162.624,170.05854212479701,7.434542124797019,2.464,2.5766445776484397
80.38799999999999,90.52961327643862,10.141613276438633,1.218,1.3716608072187673
87.44999999999999,112.13805901670366,24.688059016703676,1.325,1.699061500253086
64.68,72.07512220477435,7.395122204774339,0.98,1.0920473061329445
159.32399999999998,119.79804371585793,-39.525956284142055,2.414,1.815121874482696
113.058,121.6748970718773,8.61689707187729,1.713,1.8435590465435954
79.266,98.75018880952376,19.484188809523758,1.201,1.4962149819624815
330.00066,329.47058099999947,-0.5300790000005122,5.00001,4.991978499999992
127.18199999999999,128.001790769141,0.819790769141008,1.927,1.9394210722597123
153.64799999999997,120.07428060904006,-33.57371939095991,2.328,1.8193072819551523
126.588,134.99110255494506,8.403102554945065,1.918,2.045319735680986
129.55800000000002,133.10684030026283,3.5488403002628104,1.963,2.0167703075797396
193.974,210.23528140843013,16.261281408430136,2.939,3.185383051642881
55.83599999999999,63.26875830540073,7.432758305400739,0.846,0.9586175500818293
330.00066,318.25663044999965,-11.744029550000334,5.00001,4.822070158333328
330.00066,298.05320595446415,-31.947454045535835,5.00001,4.51595766597673
70.818,98.99049447159327,28.172494471593268,1.073,1.4998559768423223
99.0,145.53533540172714,46.53533540172714,1.5,2.2050808394201082
134.772,119.42621652107877,-15.34578347892122,2.042,1.8094881291072542
177.07799999999997,145.47133124118469,-31.60666875881529,2.683,2.204111079411889
68.30999999999999,72.33255271791218,4.022552717912191,1.035,1.0959477684532148
106.58999999999999,104.16948514751819,-2.4205148524818014,1.615,1.5783255325381544
146.784,126.06636179280648,-20.717638207193517,2.224,1.910096390800098
110.154,111.63803268653145,1.4840326865314495,1.669,1.6914853437353252
151.272,161.6551606462018,10.383160646201816,2.292,2.449320615851543
135.894,124.10805960357612,-11.785940396423882,2.059,1.8804251455087293
63.02999999999999,41.84806595049735,-21.181934049502637,0.955,0.6340616053105659
107.25,117.92996890963862,10.679968909638617,1.625,1.7868177107521004
158.862,162.64643022573188,3.7844302257318816,2.407,2.4643398519050286
54.647999999999996,71.36884638665211,16.720846386652113,0.828,1.0813461573735168
151.932,103.12446217086833,-48.80753782913166,2.302,1.5624918510737626
122.69399999999999,116.30829584382836,-6.385704156171627,1.859,1.7622469067246722
69.828,80.72183631165541,10.893836311655406,1.058,1.2230581259341728
78.40799999999999,82.74986614549829,4.341866145498301,1.188,1.253785850689368
128.30399999999997,122.00566794144908,-6.298332058550898,1.944,1.8485707263855922
120.97799999999998,106.45086409003655,-14.527135909963434,1.833,1.612891880152069
193.04999999999998,124.9379347272389,-68.11206527276109,2.925,1.8929990110187713
95.172,91.06063744067895,-4.111362559321051,1.442,1.379706627889075
330.00066,211.64549288029042,-118.35516711970956,5.00001,3.2067498921256123
88.572,132.80978235209145,44.23778235209144,1.342,2.012269429577143
34.848,33.20006019367259,-1.6479398063274076,0.528,0.5030312150556454
124.542,122.44356841311395,-2.0984315868860506,1.887,1.8552055820168782
134.64,145.9035934829618,11.263593482961824,2.04,2.2106605073176033
118.46999999999998,122.35322060738893,3.8832206073889495,1.795,1.8538366758695293
65.274,63.90607378011804,-1.3679262198819586,0.989,0.9682738451533037
184.73399999999998,153.5528834268373,-31.181116573162683,2.799,2.326558839800565
216.282,194.5979843189921,-21.684015681007907,3.277,2.948454307863517
137.28,130.9627055049611,-6.317294495038908,2.08,1.9842834167418348
137.478,138.3021164642857,0.8241164642856802,2.083,2.095486613095238
74.25,158.30521889285714,84.05521889285714,1.125,2.398563922619048
154.902,196.66356068248749,41.7615606824875,2.347,2.9797509194316287
141.57,125.24752405753213,-16.32247594246786,2.145,1.8976897584474568
223.40999999999994,259.0923319571001,35.68233195710016,3.385,3.9256413932893954
330.00066,330.0006599999994,-5.684341886080801e-13,5.00001,5.000009999999992
187.506,182.2786714887632,-5.227328511236806,2.841,2.7617980528600485
330.00066,264.3932348160715,-65.60742518392846,5.00001,4.0059581032738105
119.65799999999999,115.7566489174635,-3.901351082536493,1.813,1.7538886199615682
82.5,84.46317750636409,1.9631775063640902,1.25,1.2797451137327893
272.25,198.4097737784434,-73.8402262215566,4.125,3.0062086936127788
74.25,70.5947336557632,-3.655266344236793,1.125,1.069617176602473
59.598000000000006,44.860100614695845,-14.73789938530416,0.903,0.6796984941620583
63.35999999999999,76.42653738930187,13.066537389301878,0.96,1.1579778392318467
94.05,123.44578307778197,29.39578307778197,1.425,1.8703906526936662
175.75799999999998,162.75358199689276,-13.004418003107219,2.663,2.4659633635892844
108.89999999999999,108.44319383322573,-0.4568061667742569,1.65,1.6430786944428142
77.88,91.46336120612068,13.583361206120685,1.18,1.3858085031230407
103.224,121.3860267516771,18.16202675167709,1.564,1.839182223510259
281.688,315.89768488928536,34.20968488928537,4.268,4.786328558928566
203.676,193.24987211576516,-10.42612788423483,3.086,2.9280283653903814
157.87199999999999,93.32418217790573,-64.54781782209426,2.392,1.414002760271299
72.20400000000001,79.4473416561878,7.243341656187795,1.094,1.2037476008513304
43.955999999999996,49.48884724267891,5.532847242678912,0.666,0.7498310188284684
243.21,235.0463837810715,-8.163616218928496,3.685,3.5613088451677504
218.13000000000002,192.60674675601973,-25.523253243980292,3.305,2.918284041757875
180.57600000000002,190.02541007072827,9.449410070728248,2.736,2.8791728798595195
330.00066,329.40765501689134,-0.5930049831086421,5.00001,4.991025076013505
211.926,237.03782535002384,25.11182535002385,3.211,3.591482202273089
160.116,124.77265445903363,-35.34334554096638,2.426,1.8904947645308128
153.05399999999997,198.4947711970785,45.44077119707853,2.319,3.0074965332890686
99.92399999999999,115.4560987519333,15.532098751933304,1.514,1.749334829574747
150.348,138.31082519047618,-12.037174809523833,2.278,2.095618563492063
250.79999999999998,247.2362593805321,-3.563740619467893,3.8,3.7460039300080625
62.831999999999994,139.32553174932758,76.49353174932759,0.952,2.110992905292842
127.974,116.22111213046533,-11.752887869534675,1.939,1.760925941370687
172.06199999999998,144.79503069365427,-27.266969306345715,2.607,2.193864101419004
126.05999999999997,115.7541023677817,-10.305897632218276,1.91,1.7538500358754803
42.833999999999996,45.86275772639806,3.0287577263980623,0.649,0.6948902685817888
84.67799999999998,98.82104977638635,14.143049776386363,1.283,1.4972886329755508
125.268,208.73214117906744,83.46414117906744,1.898,3.16260819968284
120.97799999999998,127.30815354482786,6.33015354482788,1.833,1.9289114173458768
100.18799999999999,74.98349678566397,-25.204503214336015,1.518,1.1361135876615756
169.81799999999998,124.84646110670631,-44.97153889329367,2.573,1.8916130470713077
90.75,76.42655727967305,-14.323442720326952,1.375,1.157978140601107
82.5,65.62414021424114,-16.875859785758863,1.25,0.9943051547612294
143.946,111.12291573838425,-32.82308426161575,2.181,1.6836805414906706
110.94600000000001,116.21740634004968,5.271406340049666,1.681,1.760869793031056
152.988,114.22721791820274,-38.76078208179726,2.318,1.730715423003072
98.34,89.41953927532875,-8.920460724671258,1.49,1.3548415041716477
112.398,146.12970754429597,33.73170754429597,1.703,2.2140864779438783
258.258,176.60390550261022,-81.65409449738976,3.913,2.675816750039549
186.31799999999998,229.31322517284676,42.99522517284677,2.823,3.4744428056491934
330.00066,284.06809450773795,-45.93256549226203,5.00001,4.30406203799603
89.364,109.63754669729404,20.273546697294037,1.354,1.6611749499590007
216.74399999999997,186.20862666353855,-30.53537333646142,3.284,2.8213428282354327
231.0,147.61434068900294,-83.38565931099706,3.5,2.236580919530348
120.318,148.7268883506152,28.408888350615214,1.823,2.253437702282049
330.00066,330.00065999999947,-5.115907697472721e-13,5.00001,5.0000099999999925
126.71999999999998,122.06359840297084,-4.656401597029145,1.92,1.8494484606510735
158.92799999999997,166.76770304455846,7.83970304455849,2.408,2.5267833794630072
115.5,128.02624444664596,12.526244446645961,1.75,1.9397915825249388
83.42399999999999,75.45001962589782,-7.973980374102169,1.264,1.1431821155439066
83.094,90.21982274576932,7.125822745769327,1.259,1.3669670112995351
128.50199999999998,149.69692832897599,21.194928328976005,1.947,2.2681352777117576
225.588,258.91134603725874,33.323346037258744,3.418,3.922899182382708
139.854,119.48136101129589,-20.372638988704125,2.119,1.8103236516863013
90.75,50.624290029761895,-40.125709970238105,1.375,0.7670346974206348
178.59599999999998,217.1112137417124,38.515213741712415,2.706,3.2895638445713997
113.718,115.93928631406447,2.2212863140644714,1.723,1.7566558532434011
172.986,136.64797854577242,-36.33802145422757,2.621,2.0704239173601886
98.40599999999999,114.71503489298567,16.30903489298568,1.491,1.7381065892876617
223.80599999999995,138.64100355554996,-85.16499644445,3.391,2.100621265993181
164.07600000000002,147.6576987185122,-16.418301281487828,2.486,2.2372378593713966
84.942,127.67663906957203,42.73463906957204,1.287,1.9344945313571522
226.974,153.51923787001454,-73.45476212998545,3.439,2.326049058636584
115.5,114.58972839277938,-0.9102716072206221,1.75,1.7362080059512028
189.75,210.0230416998948,20.273041699894804,2.875,3.1821672984832547
94.776,105.37472616806792,10.598726168067927,1.436,1.5965867601222414
228.49200000000002,184.3532620164005,-44.138737983599526,3.462,2.793231242672735
153.25199999999998,173.2113314922178,19.959331492217814,2.322,2.6244141135184518
132.0,120.23909961004593,-11.760900389954074,2.0,1.8218045395461506
159.39,174.7773883035714,15.387388303571413,2.415,2.648142247023809
44.55,57.975404738151475,13.425404738151478,0.675,0.8784152233053254
126.522,110.88537700706155,-15.636622992938456,1.917,1.680081469803963
117.67799999999998,142.71330202380955,25.035302023809564,1.783,2.1623227579365083
117.612,108.21209221605186,-9.399907783948137,1.782,1.6395771547886646
87.91199999999999,80.05111044209212,-7.860889557907868,1.332,1.2128956127589716
180.70799999999997,187.34210953802284,6.634109538022869,2.738,2.8385168111821644
100.452,108.44952107021464,7.9975210702146455,1.522,1.643174561669919
123.486,132.19263905870443,8.706639058704425,1.871,2.002918773616734
90.75,101.32750591296886,10.57750591296886,1.375,1.535265241105589
72.864,83.37731685851041,10.513316858510407,1.104,1.2632926796744002
158.796,142.19548339055007,-16.600516609449926,2.406,2.154477021068941
107.25,103.43057489226929,-3.8194251077307086,1.625,1.567129922610141
55.30799999999999,76.40491455401997,21.096914554019975,0.838,1.1576502205154542
175.296,155.2877480676105,-20.0082519323895,2.656,2.3528446676910684
139.59,146.9737528842173,7.3837528842173015,2.115,2.2268750437002622
114.44399999999999,166.44395944918566,51.99995944918567,1.734,2.52187817347251
204.6,204.7560858007434,0.15608580074339784,3.1,3.1023649363749
65.66999999999999,62.080689600284444,-3.5893103997155436,0.995,0.940616509095219
126.324,124.17451530900557,-2.149484690994427,1.914,1.881432050136448
145.266,129.15334622012705,-16.112653779872943,2.201,1.9568688821231373
110.41799999999999,122.2056817462656,11.787681746265605,1.673,1.8516012385797818
42.9,45.225221403010345,2.325221403010346,0.65,0.6852306273183386
93.588,103.6753299873079,10.08732998730791,1.418,1.570838333141029
191.796,192.1791285926447,0.38312859264470944,2.906,2.911804978676435
210.672,193.72024008988092,-16.95175991011908,3.192,2.935155152876984
78.40799999999999,81.41210588148543,3.0041058814854438,1.188,1.2335167557800824
132.0,144.1685571310644,12.168557131064404,2.0,2.1843720777434
144.86999999999998,139.72203299785,-5.147967002149983,2.195,2.1170004999674243
191.004,177.23357716352646,-13.770422836473529,2.894,2.6853572297504007
76.82399999999998,76.82326159060948,-0.0007384093905073996,1.164,1.1639888119789314
107.118,109.74479924443425,2.6267992444342525,1.623,1.6627999885520341
75.306,81.77054089554419,6.464540895544189,1.141,1.2389475893264272
47.058,54.7045929941658,7.6465929941658,0.713,0.8288574696085729
125.73,120.44429554623852,-5.285704453761483,1.905,1.8249135688824019
130.218,130.30936108435813,0.09136108435814094,1.973,1.9743842588539113
47.651999999999994,46.486443124161376,-1.1655568758386181,0.722,0.7043400473357785
68.17799999999998,98.77027611752236,30.592276117522374,1.033,1.4965193351139752
94.37999999999998,70.50721241084892,-23.87278758915106,1.43,1.0682910971340747
161.634,172.37684697770968,10.74284697770969,2.449,2.611770408753177
330.00066,266.155616633482,-63.845043366517984,5.00001,4.0326608580830605
120.97799999999998,84.98132988374276,-35.99667011625722,1.833,1.2875959073294356
56.82599999999999,106.09508768509706,49.26908768509706,0.861,1.6075013285620767
144.144,153.84558078484548,9.701580784845476,2.184,2.3309936482552347
73.12800000000001,72.26776550836578,-0.8602344916342304,1.108,1.0949661440661482
139.458,131.66468937178178,-7.793310628218222,2.113,1.9949195359360874
223.60799999999995,206.27716720989972,-17.33083279010023,3.388,3.12541162439242
81.246,97.32486513907413,16.07886513907414,1.231,1.4746191687738506
177.86999999999998,93.39681820402562,-84.47318179597436,2.695,1.4151033061216005
212.124,182.3704420258037,-29.753557974196298,3.214,2.7631885155424802
54.053999999999995,59.65593481869863,5.601934818698638,0.819,0.9038778002833127
330.00066,328.7503685964281,-1.2502914035719073,5.00001,4.981066190854971
201.03599999999997,259.3089176247314,58.272917624731434,3.046,3.9289229943141124
48.114,68.46943671917097,20.355436719170974,0.729,1.037415707866227
104.28,94.12754666960855,-10.152453330391452,1.58,1.4261749495395235
41.052,50.10906926156775,9.057069261567747,0.622,0.7592283221449658
76.758,63.20777630023896,-13.550223699761034,1.163,0.957693580306651
207.30599999999998,84.78768504897653,-122.51831495102346,3.141,1.2846618946814625
239.25,177.43048945159555,-61.81951054840445,3.625,2.6883407492665996
330.00066,312.31104300357106,-17.689616996428924,5.00001,4.731985500054107
48.906,74.14687257182686,25.240872571826863,0.741,1.1234374632094979
99.0,89.88119008218888,-9.11880991781112,1.5,1.3618362133664983
178.2,170.66906663217472,-7.53093336782527,2.7,2.5858949489723444
79.728,87.23363602943542,7.505636029435422,1.208,1.3217217580217488
165.0,143.92235714285715,-21.07764285714285,2.5,2.1806417748917752
47.651999999999994,51.497773611139834,3.8457736111398404,0.722,0.7802692971384824
247.5,167.5767257329064,-79.9232742670936,3.75,2.53904129898343
158.136,167.87995218118292,9.74395218118292,2.396,2.543635639108832
120.97799999999998,144.94033758493842,23.96233758493844,1.833,2.1960657209839156
106.392,116.45770971187213,10.065709711872131,1.612,1.764510753210184
165.65999999999997,155.7860651677979,-9.873934832202082,2.51,2.3603949267848163
30.029999999999998,53.34650193382202,23.31650193382202,0.455,0.8082803323306367
117.54599999999999,143.7399793443941,26.19397934439411,1.781,2.177878474915062
170.874,171.64430851785707,0.7703085178570745,2.589,2.6006713411796527
96.228,98.40852347668348,2.18052347668349,1.458,1.4910382344952045
55.90199999999999,58.11025917158513,2.2082591715851407,0.847,0.8804584722967445
143.022,115.28566413490483,-27.736335865095157,2.167,1.7467524868924975
86.06400000000001,87.57355144086827,1.5095514408682646,1.304,1.3268719915283074
104.60999999999999,100.47174016638817,-4.138259833611812,1.585,1.522299093430124
77.74799999999999,81.15909927190987,3.411099271909876,1.178,1.2296833223016648
141.9,147.3577600653757,5.45776006537568,2.15,2.232693334323874
177.27599999999998,180.7283724180923,3.452372418092324,2.686,2.738308673001399
66.0,61.367402566512425,-4.632597433487575,1.0,0.9298091297956429
219.58199999999997,303.46316223928545,83.88116223928549,3.327,4.5979267005952345
123.22200000000001,116.0265383006906,-7.195461699309405,1.867,1.7579778530407668
34.980000000000004,39.25548266041498,4.275482660414973,0.53,0.5947800403093179
98.80199999999999,109.29249887593524,10.490498875935245,1.497,1.6559469526656856
228.22799999999998,201.17664949091323,-27.051350509086745,3.458,3.0481310528926246
82.17,91.7869455653931,9.616945565393095,1.245,1.39071129644535
314.02799999999996,319.2219912749996,5.193991274999632,4.758,4.836696837499995
330.00066,256.1677148910714,-73.83294510892858,5.00001,3.8813290135010825
330.00066,330.0006599999994,-5.684341886080801e-13,5.00001,5.000009999999992
116.094,114.23348413943334,-1.8605158605666503,1.759,1.7308103657489902
120.97799999999998,167.8032134056547,46.82521340565472,1.833,2.5424729303887075
167.046,207.1393658283689,40.09336582836892,2.531,3.1384752398237716
77.74799999999999,81.18183596572864,3.4338359657286475,1.178,1.2300278176625552
94.71000000000001,96.57138446824753,1.8613844682475218,1.435,1.4632027949734474
330.00066,230.69079408035716,-99.30986591964282,5.00001,3.495315061823594
93.91799999999999,74.4078539285714,-19.510146071428593,1.423,1.1273917261904758
79.86,88.72031416904873,8.860314169048735,1.21,1.3442471843795265
177.40800000000002,200.03785508928564,22.629855089285627,2.688,3.0308765922619036
217.93200000000002,232.84768435403097,14.915684354030958,3.302,3.527995217485318
80.38799999999999,98.96107217919281,18.57307217919282,1.218,1.4994101845332244
275.154,236.10874969864054,-39.04525030135946,4.169,3.577405298464251
176.022,205.50353172731286,29.48153172731287,2.667,3.1136898746562554
125.00399999999998,132.780527921295,7.776527921295028,1.894,2.0118261806256816
292.77599999999995,198.3671075831971,-94.40889241680284,4.436,3.0055622361090473
107.57999999999997,116.70842139155718,9.128421391557211,1.63,1.7683094150235938
252.45,200.79038197372975,-51.65961802627024,3.825,3.042278514753481
70.15799999999999,93.90190157630727,23.74390157630728,1.063,1.4227560844895042
38.147999999999996,57.22353778928197,19.075537789281974,0.578,0.8670232998376056
37.949999999999996,50.195552967580795,12.2455529675808,0.575,0.7605386813269818
157.07999999999998,199.546628046688,42.466628046688015,2.38,3.0234337582831516
144.474,150.30687243996672,5.832872439966735,2.189,2.277376855151011
78.276,76.0017185353643,-2.274281464635692,1.186,1.1515411899297623
204.006,240.8397375220238,36.833737522023796,3.091,3.6490869321518757
140.712,137.2746090340217,-3.4373909659782953,2.132,2.0799183186972985
118.93199999999999,120.82403576724317,1.8920357672431862,1.802,1.8306672085945936
310.72799999999995,258.66176586243967,-52.066234137560286,4.708,3.9191176645824193
222.552,128.75670116797542,-93.79529883202457,3.372,1.9508591086056881
62.89799999999999,69.84598935729738,6.947989357297395,0.953,1.0582725660196572
68.57399999999998,93.38311144887588,24.809111448875896,1.039,1.414895628013271
330.00066,152.75983069097632,-177.24082930902367,5.00001,2.314542889257217
141.9,136.14635691710038,-5.753643082899629,2.15,2.0628235896530365
125.00399999999998,144.53396544606625,19.52996544606627,1.894,2.1899085673646406
113.124,105.86553123021595,-7.258468769784045,1.714,1.6040232004578177
235.61999999999995,230.86217235714278,-4.7578276428571655,3.57,3.4979117023809514
129.492,131.44633720555757,1.9543372055575787,1.962,1.9916111697811754
65.00999999999999,68.38726442462281,3.3772644246228225,0.985,1.0361706731003457
118.00799999999998,135.5396534210317,17.531653421031706,1.788,2.0536311124398745
149.55599999999998,183.8481336767484,34.29213367674842,2.266,2.7855777829810364
113.124,127.2396933323916,14.1156933323916,1.714,1.9278741413998728
179.124,156.2761846859065,-22.84781531409351,2.714,2.3678209800894923
143.088,187.41698471240608,44.32898471240608,2.168,2.839651283521304
44.81400000000001,66.40291892135055,21.58891892135054,0.679,1.006104832141675
113.058,98.75228356255367,-14.305716437446335,1.713,1.4962467206447527
73.19399999999999,92.7529932511736,19.558993251173618,1.109,1.4053483825935396
219.45,164.92266085959534,-54.52733914040465,3.325,2.498828194842354
99.0,93.95794861376197,-5.042051386238029,1.5,1.4236052820266967
114.44399999999999,164.0316334151786,49.5876334151786,1.734,2.485327779017857
156.75,160.22840319549817,3.4784031954981742,2.375,2.427703078719669
43.428,47.18150162440559,3.753501624405594,0.658,0.714871236733418
114.24600000000001,125.96723571320753,11.72123571320752,1.731,1.9085944805031445
211.99200000000002,220.86377303571427,8.871773035714256,3.212,3.3464208035714287
174.89999999999998,243.75187481403938,68.8518748140394,2.65,3.693210224455142
57.75,61.120248765649215,3.3702487656492153,0.875,0.9260643752371094
138.798,153.04866913011733,14.25066913011733,2.103,2.318919229244202
163.548,176.58667229391415,13.038672293914146,2.478,2.675555640816881
247.962,289.4470021850764,41.48500218507644,3.757,4.385560639167825
75.042,80.9485045645795,5.9065045645794925,1.137,1.2264924934027195
330.00066,263.2789199464285,-66.72174005357147,5.00001,3.9890745446428566
30.096,33.05947830012207,2.9634783001220733,0.456,0.500901186365486
86.196,76.18288197977722,-10.013118020222777,1.306,1.1542860906026853
131.076,142.25549138253277,11.179491382532774,1.986,2.155386233068678
288.222,274.52713051563137,-13.69486948436861,4.367,4.159501977509566
61.11599999999999,77.87166060129059,16.755660601290593,0.926,1.1798736454741
99.0,101.52465976296504,2.524659762965044,1.5,1.5382524206509856
237.534,176.01109482504683,-61.522905174953166,3.599,2.666834770076467
330.00066,320.3130768625936,-9.687583137406364,5.00001,4.8532284373120245
61.90799999999999,74.65055355806516,12.742553558065168,0.938,1.1310689933040174
252.97799999999998,225.8451075833333,-27.132892416666692,3.833,3.4218955694444437
126.522,107.92461126997762,-18.597388730022388,1.917,1.635221382878449
176.352,164.81418857424444,-11.537811425755564,2.672,2.49718467536734
184.932,158.7721955395276,-26.1598044604724,2.802,2.4056393263564786
34.385999999999996,36.94010755088589,2.5541075508858953,0.521,0.5596985992558469
72.732,72.47538296618391,-0.25661703381608447,1.102,1.0981118631239988
108.636,74.82654740907122,-33.80945259092877,1.646,1.1337355668041096
214.36800000000002,240.5701163050969,26.202116305096865,3.248,3.645001762198438
80.982,94.45685751598477,13.474857515984766,1.227,1.4311645078179511
143.022,161.1208032519258,18.0988032519258,2.167,2.4412242916958453
48.57599999999999,71.94975445324283,23.37375445324284,0.736,1.0901477947461036
167.706,175.45916099738682,7.7531609973868285,2.541,2.6584721363240424
123.75,102.73626529592646,-21.013734704073542,1.875,1.55661008024131
109.55999999999997,149.97412767775228,40.414127677752305,1.66,2.2723352678447317
104.21399999999998,111.55725447483744,7.343254474837451,1.579,1.6902614314369309
127.90799999999999,140.9773786025638,13.069378602563802,1.938,2.1360208879176334
92.92799999999998,73.64764422169058,-19.2803557783094,1.408,1.1158733972983423
62.89799999999999,52.693015695563076,-10.204984304436913,0.953,0.7983790256903497
149.82,173.23728431749606,23.41728431749607,2.27,2.62480733814388
175.296,172.0363295187386,-3.259670481261395,2.656,2.606611053314221
59.532,79.52777246651785,19.99577246651785,0.902,1.2049662494926947
120.91199999999999,124.79049769231231,3.8784976923123224,1.832,1.8907651165501869
121.836,113.15255202982091,-8.683447970179088,1.846,1.7144326065124382
107.25,134.08857711876212,26.838577118762117,1.625,2.031645107860032
82.5,115.65588678947371,33.15588678947371,1.25,1.752361921052632
64.15199999999999,90.43992176591877,26.28792176591878,0.972,1.3703018449381632
234.498,191.55371673415758,-42.944283265842415,3.553,2.90232904142663
89.892,87.89772920425214,-1.9942707957478518,1.362,1.3317837758220024
82.5,110.5439245768724,28.0439245768724,1.25,1.6749079481344302
201.696,194.07266167407514,-7.623338325924863,3.056,2.9404948738496235
116.556,98.82995610027487,-17.726043899725127,1.766,1.497423577276892
230.076,208.11409461071426,-21.961905389285732,3.486,3.153243857738095
197.472,158.46408856390977,-39.00791143609024,2.992,2.4009710388471177
47.586,120.71584275388197,73.12984275388197,0.721,1.8290279205133633
72.27,111.85686512000743,39.58686512000743,1.095,1.6948009866667793
185.52599999999998,196.7520076562262,11.226007656226216,2.811,2.9810910250943365
103.15799999999999,126.81209478824132,23.654094788241338,1.563,1.921395375579414
154.572,160.03899814916807,5.466998149168063,2.342,2.4248333052904254
39.401999999999994,46.08463040531387,6.682630405313873,0.597,0.698251975838089
165.0,186.52140537561152,21.521405375611522,2.5,2.826081899630478
134.17799999999997,180.67500129888342,46.49700129888345,2.033,2.737500019680052
114.24600000000001,125.70401876582812,11.458018765828115,1.731,1.90460634493679
198.198,184.45351415723545,-13.744485842764561,3.003,2.7947502145035674
157.07999999999998,150.53824644145425,-6.541753558545736,2.38,2.280882521840216
118.13999999999999,112.49147358679839,-5.648526413201594,1.79,1.7044162664666422
109.55999999999997,125.93284773912296,16.37284773912299,1.66,1.9080734505927723
106.062,123.04211768719591,16.980117687195914,1.607,1.8642745104120593
97.35,102.75026262272443,5.400262622724441,1.475,1.5568221609503703
126.786,128.14466995042054,1.3586699504205342,1.921,1.9415859083397051
37.224,34.88977038587745,-2.334229614122549,0.564,0.5286328846345068
201.16799999999998,227.58184188941712,26.413841889417142,3.048,3.4482097255972293
290.268,257.7708698276398,-32.49713017236019,4.398,3.9056192398127245
90.75,84.69809409987076,-6.051905900129242,1.375,1.283304456058648
90.75,78.05999960178154,-12.690000398218459,1.375,1.1827272666936597
88.836,104.7468693355909,15.910869335590903,1.346,1.5870737778119834
173.25,163.41295160027474,-9.837048399725262,2.625,2.475953812125375
55.044,63.21607015259072,8.17207015259072,0.834,0.957819244736223
74.91,62.18712179006969,-12.722878209930307,1.135,0.9422291180313589
47.123999999999995,60.842840947324376,13.71884094732438,0.714,0.9218612264746119
134.97,141.51527761817374,6.545277618173742,2.045,2.1441708730026323
186.384,218.74895427070607,32.36495427070608,2.824,3.314378095010698
96.16199999999999,110.76280233217467,14.60080233217468,1.457,1.6782242777602225
174.70199999999997,178.97767267810855,4.275672678108577,2.647,2.711782919365281
181.5,175.2084774,-6.2915226000000075,2.75,2.6546739
113.256,114.86382998386833,1.6078299838683279,1.716,1.7403610603616415
143.022,157.78369112318168,14.761691123181691,2.167,2.390661986714874
119.262,143.6972087260973,24.4352087260973,1.807,2.1772304352438985
140.25,72.27444427352266,-67.97555572647734,2.125,1.0950673374776163
110.68199999999999,179.982481644787,69.300481644787,1.677,2.7270072976482878
28.049999999999997,32.72761947382689,4.677619473826894,0.425,0.4958730223307105
157.344,168.4165266171765,11.072526617176493,2.384,2.551765554805704
95.03999999999999,55.45191764718283,-39.58808235281716,1.44,0.8401805704118612
28.776,32.89063634040471,4.1146363404047115,0.436,0.4983429748546168
239.90999999999994,179.6951594667367,-60.21484053326324,3.635,2.7226539313141926
122.892,155.20167493092833,32.30967493092834,1.862,2.35154052925649
44.55,42.12502822645555,-2.424971773544449,0.675,0.6382580034311447
105.336,172.7067916668117,67.37079166681171,1.596,2.6167695707092684
129.09599999999998,137.74735632311464,8.651356323114669,1.956,2.087081156410828
102.16799999999999,119.36425890087065,17.19625890087066,1.548,1.8085493772859191
297.46199999999993,306.7533126101189,9.29131261011895,4.507,4.64777746378968
46.13399999999999,44.825184021800645,-1.3088159781993483,0.699,0.6791694548757674
87.252,88.70630159120124,1.4543015912012436,1.322,1.3440348725939582
216.47999999999996,249.46929920151092,32.98929920151096,3.28,3.7798378666895593
180.048,192.3215590805471,12.273559080547102,2.728,2.913963016371926
43.758,82.95322100657285,39.195221006572844,0.663,1.2568669849480734
85.338,94.58262769977995,9.244627699779954,1.293,1.4330701166633326
50.885999999999996,55.07297797366554,4.186977973665542,0.771,0.8344390602070536
102.62999999999998,107.88747673512793,5.257476735127952,1.555,1.6346587384110294
83.16,99.96785939376728,16.807859393767288,1.26,1.5146645362692013
158.59799999999998,128.0517605555991,-30.546239444400896,2.403,1.94017819023635
87.78,89.32704892023231,1.5470489202323137,1.33,1.3534401351550351
62.634,81.61159281156579,18.977592811565785,0.949,1.236539285023724
134.57399999999998,170.38857633217978,35.8145763321798,2.039,2.5816450959421178
40.26,47.99908762346061,7.7390876234606125,0.61,0.7272589033857668
91.87199999999999,88.46501334308608,-3.406986656913901,1.392,1.340378990046759
151.272,146.0325301774804,-5.239469822519595,2.292,2.212614093598188
171.99599999999998,232.38885564583327,60.39285564583329,2.606,3.5210432673611103
165.726,167.95403834596348,2.2280383459634834,2.511,2.5447581567570223
216.21599999999998,151.39994726113997,-64.81605273886001,3.276,2.2939385948657574
110.814,124.1404629165355,13.326462916535505,1.679,1.8809161047959926
139.92000000000002,142.2070556736856,2.287055673685586,2.12,2.154652358692206
153.978,141.6552052610977,-12.322794738902303,2.333,2.1462909888045107
168.564,191.92013991071428,23.35613991071429,2.554,2.9078809077380954
44.55,66.46231743371051,21.912317433710513,0.675,1.0070048096016744
106.92000000000002,168.83358348519167,61.91358348519165,1.62,2.55808459826048
77.35199999999999,77.64324234615673,0.2912423461567357,1.172,1.1764127628205565
72.40199999999999,83.38077954157144,10.978779541571456,1.097,1.2633451445692643
181.5,60.45518621507774,-121.04481378492227,2.75,0.9159876699254204
73.78800000000001,85.82189859478709,12.033898594787075,1.118,1.3003317968907135
109.55999999999997,123.33490777504089,13.774907775040916,1.66,1.8687107238642562
61.181999999999995,63.66254777870653,2.480547778706537,0.927,0.9645840572531293
122.76,127.55696328081324,4.79696328081323,1.86,1.9326812618305038
64.218,78.73818657254698,14.520186572546976,0.973,1.1930028268567725
159.25799999999998,194.90118967968232,35.64318967968234,2.413,2.953048328480035
170.61,166.2804061299605,-4.329593870039503,2.585,2.5194000928781897
91.21199999999999,105.3921615550261,14.180161555026118,1.382,1.5968509326519107
129.426,172.03864412298168,42.61264412298169,1.961,2.60664612307548
276.67199999999997,309.06111882857124,32.38911882857127,4.192,4.682744224675322
91.60799999999999,94.2936869450429,2.685686945042903,1.388,1.428692226440044
248.55599999999995,305.50748356765877,56.95148356765881,3.766,4.628901266176649
108.96600000000001,110.37000658138726,1.4040065813872502,1.651,1.672272826990716
119.98799999999999,117.87876058219938,-2.109239417800609,1.818,1.786041827003021
139.78799999999998,105.4832220111515,-34.304777988848485,2.118,1.5982306365325987
74.25,103.76730486105443,29.517304861054427,1.125,1.572231891834158
95.238,84.85903623308201,-10.378963766917991,1.443,1.2857429732285153
146.52,163.15230285609394,16.63230285609393,2.22,2.472004588728696
35.376,44.664136748949005,9.288136748949007,0.536,0.6767293446810456
86.32799999999999,92.70125720506435,6.3732572050643626,1.308,1.4045645031070357
150.21599999999998,196.30400366964287,46.08800366964289,2.276,2.97430308590368
181.5,197.5251649181677,16.02516491816769,2.75,2.992805529063147
126.654,128.1210799451391,1.4670799451390906,1.919,1.941228484017259
42.306,48.672975949553994,6.366975949553996,0.641,0.7374693325689999
44.946,62.61050508910152,17.664505089101525,0.681,0.9486440165015383
168.432,160.14383659169795,-8.28816340830204,2.552,2.4264217665408783
161.10599999999997,167.94520364482668,6.839203644826711,2.441,2.5446242976488893
222.42000000000002,172.56329243090116,-49.85670756909886,3.37,2.614595339862139
137.478,120.07780224184668,-17.400197758153325,2.083,1.81936064002798
330.00066,315.2532942624997,-14.747365737500274,5.00001,4.776565064583329
113.586,126.22104078067765,12.635040780677656,1.721,1.9124400118284495
85.07399999999998,53.621129962466014,-31.45287003753397,1.289,0.8124413630676669
95.634,63.48238354427945,-32.15161645572055,1.449,0.9618542961254463
47.519999999999996,47.246941989654054,-0.2730580103459417,0.72,0.7158627574190009
94.31400000000001,105.17923878259704,10.865238782597032,1.429,1.5936248300393492
287.82599999999996,208.7785953236136,-79.04740467638638,4.361,3.163312050357782
134.772,120.89542039312168,-13.876579606878309,2.042,1.831748793835177
129.162,154.23312048782006,25.071120487820053,1.957,2.3368654619366676
59.730000000000004,71.92436437403065,12.194364374030641,0.905,1.089763096576222
155.82600000000002,123.04644516285099,-32.779554837149036,2.361,1.864340078225015
123.354,124.56460326797244,1.210603267972445,1.869,1.8873424737571582
107.25,129.31923352564118,22.06923352564118,1.625,1.9593823261460783
74.25,93.73434623308697,19.484346233086967,1.125,1.4202173671679845
38.279999999999994,37.452534370827095,-0.8274656291728988,0.58,0.5674626419822287
202.884,253.2503448882327,50.3663448882327,3.074,3.8371264377004954
233.50799999999995,317.3216875568253,83.81368755682533,3.538,4.807904356921595
191.99399999999997,179.2768638340337,-12.71713616596628,2.909,2.7163161186974802
236.676,228.72864008403346,-7.94735991596653,3.586,3.465585455818689
162.492,146.27612706535388,-16.215872934646114,2.462,2.216304955535665
47.586,83.81304330813099,36.22704330813099,0.721,1.269894595577742
70.95,81.09862617811875,10.148626178118747,1.075,1.2287670633048295
51.876,50.96153077364101,-0.9144692263589889,0.786,0.7721444056612274
123.81599999999997,121.1586894042598,-2.657310595740171,1.876,1.8357377182463608
64.61399999999999,87.88394850277902,23.26994850277903,0.979,1.3315749773148338
123.15599999999999,155.4188410535559,32.2628410535559,1.866,2.3548309250538773
129.954,132.99021671987322,3.0362167198732095,1.969,2.0150032836344427
73.59,57.36389774278064,-16.226102257219367,1.115,0.8691499657997067
103.15799999999999,121.60183460791302,18.443834607913033,1.563,1.8424520395138337
144.012,176.57912909645125,32.567129096451254,2.182,2.6754413499462313
193.71,307.82206648154744,114.11206648154743,2.935,4.6639707042658705
38.94,65.11980759666062,26.179807596660623,0.59,0.986663751464555
107.44799999999998,100.63692427353853,-6.811075726461453,1.628,1.524801882932402
67.91399999999999,67.36246375422543,-0.5515362457745567,1.029,1.0206433902155367
35.838,65.11672782738096,29.278727827380955,0.543,0.9866170882936508
109.75799999999998,95.31115655253745,-14.446843447462527,1.663,1.444108432614204
100.64999999999999,123.20360061161877,22.553600611618776,1.525,1.8667212213881634
94.116,137.67579092607764,43.55979092607764,1.426,2.0859968322132976
99.0,90.13210143736687,-8.86789856263313,1.5,1.3656379005661647
55.70399999999999,59.22975101958033,3.5257510195803334,0.844,0.8974204699936413
138.6,125.27906853674503,-13.320931463254965,2.1,1.8981677051021975
90.75,93.87580124999997,3.1258012499999666,1.375,1.4223606249999996
231.0,195.6499628122024,-35.3500371877976,3.5,2.964393375942461
113.45400000000001,86.56291249104449,-26.891087508955522,1.719,1.3115592801673408
94.446,106.93402485905645,12.488024859056452,1.431,1.6202124978644918
298.518,250.6661266244996,-47.85187337550036,4.523,3.7979716155227217
116.16,109.97524383320945,-6.1847561667905495,1.76,1.6662915732304462
74.38199999999999,76.70639356225908,2.3243935622590897,1.127,1.1622180842766527
45.144000000000005,55.30206101515551,10.158061015155504,0.684,0.8379100153811441
125.862,120.51764655468875,-5.344353445311242,1.907,1.8260249477983144
218.988,278.4767306577381,59.488730657738074,3.318,4.219344403905123
121.44000000000001,137.04846943752483,15.608469437524818,1.84,2.076491961174619
107.25,102.8077215705128,-4.442278429487203,1.625,1.5576927510683758
85.40400000000001,97.63022593726446,12.226225937264445,1.294,1.47924584753431
114.048,97.67697769674992,-16.371022303250086,1.728,1.479954207526514
126.12599999999999,111.20041628657467,-14.925583713425326,1.911,1.6848547922208283
194.634,196.92445162881856,2.2904516288185732,2.949,2.983703812557857
124.47599999999998,129.3894603451608,4.9134603451608285,1.886,1.960446368866073
42.108,77.6795916950674,35.571591695067404,0.638,1.1769635105313243
307.626,296.21021240267845,-11.415787597321525,4.661,4.488033521252705
123.288,127.95123885056832,4.6632388505683195,1.868,1.9386551340995202
91.93799999999999,89.8896288053611,-2.0483711946388894,1.393,1.3619640728085016
217.998,157.68593928602402,-60.31206071397597,3.303,2.3891808982730915
187.96799999999996,204.2568247442526,16.28882474425265,2.848,3.0948003749129187
131.208,125.54679404183265,-5.6612059581673435,1.988,1.9022241521489796
45.73799999999999,53.83598723071518,8.09798723071519,0.693,0.8156967762229573
96.03,99.52955910322726,3.4995591032272557,1.455,1.5080236227761705
109.69199999999998,115.10113036819273,5.4091303681927485,1.662,1.7439565207301928
180.70799999999997,160.24866075809862,-20.459339241901347,2.738,2.428010011486343
98.34,91.37604615332125,-6.9639538466787485,1.49,1.3844855477775948
142.164,149.1512339960238,6.987233996023804,2.154,2.259867181757936
189.948,255.44489075388861,65.49689075388861,2.878,3.870377132634676
268.15799999999996,168.16880771156963,-99.98919228843033,4.063,2.5480122380540853
105.798,98.27224648653569,-7.525753513464309,1.603,1.4889734316141774
158.39999999999998,206.18170444048732,47.781704440487346,2.4,3.1239652187952625
40.193999999999996,62.38405366382617,22.190053663826177,0.609,0.9452129343003965
93.91799999999999,99.87769694270841,5.959696942708419,1.423,1.5132984385258852
55.967999999999996,72.19356072929547,16.225560729295474,0.848,1.0938418292317498
135.564,127.4237955459315,-8.140204454068495,2.054,1.93066356887775
261.888,236.0027051911786,-25.885294808821385,3.968,3.575798563502706
89.364,125.95498342857138,36.59098342857138,1.354,1.9084088398268393
76.16399999999999,92.08871491695827,15.92471491695828,1.154,1.3952835593478525
107.25,199.96105361071432,92.71105361071432,1.625,3.0297129334956714
280.5,184.15375540811195,-96.34624459188805,4.25,2.7902084152744235
75.43799999999999,62.49953797527427,-12.938462024725716,1.143,0.9469626965950647
330.00066,322.98438476071385,-7.016275239286131,5.00001,4.893702799404755
330.00066,325.038306885739,-4.962353114260964,5.00001,4.924822831602107
32.141999999999996,39.462384623666026,7.32038462366603,0.487,0.5979149185403944
194.50199999999998,200.50384979061056,6.001849790610578,2.947,3.037937118039554
198.32999999999998,154.73956575106834,-43.59043424893164,3.005,2.344538875016187
226.512,126.40114865331381,-100.11085134668619,3.432,1.9151689189896033
60.720000000000006,108.1699791148246,47.44997911482459,0.92,1.6389390774973425
183.546,193.8159496184491,10.269949618449118,2.781,2.936605297249229
251.394,264.43574138928557,13.041741389285562,3.809,4.006602142261903
224.268,178.23025857630077,-46.03774142369923,3.398,2.700458463277285
63.888,68.11250507240753,4.224505072407531,0.968,1.0320076526122353
178.2,142.37531740269372,-35.824682597306264,2.7,2.157201778828693
125.39999999999999,139.9855851174658,14.585585117465811,1.9,2.1209937139009973
119.65799999999999,125.95462120766504,6.296621207665055,1.813,1.9084033516312886
66.396,74.39821488674319,8.00221488674319,1.006,1.1272456801021695
112.72799999999998,104.7790775275528,-7.94892247244718,1.708,1.587561780720497
100.782,104.07795416187601,3.2959541618760113,1.527,1.576938699422364
233.37599999999998,182.58991214055635,-50.786087859443626,3.536,2.7665138203114603
132.0,155.97870461249997,23.978704612499968,2.0,2.3633137062499996
140.844,181.14193153666798,40.29793153666799,2.134,2.7445747202525452
101.04599999999999,109.80778265055663,8.76178265055664,1.531,1.6637542825841916
250.60199999999998,186.69281221554533,-63.909187784454645,3.797,2.828678972962808
181.5,169.48785555490193,-12.012144445098073,2.75,2.567997811437908
51.876,106.32272686182165,54.44672686182165,0.786,1.6109504069972977
124.27799999999998,157.7415093694588,33.46350936945883,1.883,2.3900228692342247
91.07999999999998,95.81059280269524,4.730592802695256,1.38,1.4516756485256856
330.00066,319.98743339374965,-10.013226606250328,5.00001,4.848294445359843
130.284,126.13097839020818,-4.153021609791807,1.974,1.9110754301546695
161.436,188.55150445837594,27.115504458375938,2.446,2.8568409766420597
109.098,107.70307496914411,-1.3949250308558874,1.653,1.6318647722597592
198.26399999999998,203.1709995425413,4.906999542541314,3.004,3.0783484779172925
58.211999999999996,69.72260123466154,11.510601234661543,0.882,1.0564030490100234
330.00066,319.0209150320943,-10.979744967905674,5.00001,4.833650227759005
107.64599999999999,85.62301283585327,-22.022987164146713,1.631,1.2973183763008074
126.654,135.00535821417128,8.351358214171285,1.919,2.045535730517747
234.498,213.0005640432683,-21.497435956731692,3.553,3.227281273382853
283.998,233.50797804827693,-50.490021951723065,4.303,3.537999667398135
28.181999999999995,33.63549937290793,5.453499372907935,0.427,0.5096287783773928
249.546,251.6497894350624,2.103789435062396,3.781,3.8128755975009456
174.24,155.23821874426727,-19.001781255732737,2.64,2.352094223397989
73.854,120.50857102339381,46.654571023393814,1.119,1.825887439748391
148.17000000000002,139.9493634433771,-8.220636556622907,2.245,2.120444900657229
82.5,97.02280126647469,14.522801266474687,1.25,1.4700424434314348
42.306,51.25713560359583,8.95113560359583,0.641,0.7766232667211489
58.343999999999994,70.95241544227223,12.608415442272232,0.884,1.0750365976101852
256.872,226.98093637462395,-29.891063625376063,3.892,3.4391050965852115
127.90799999999999,66.89530037794934,-61.01269962205065,1.938,1.0135651572416566
330.00066,297.98420957884906,-32.01645042115092,5.00001,4.514912266346198
123.75,254.7556045473214,131.0056045473214,1.875,3.859933402232143
138.798,134.80226353470914,-3.995736465290861,2.103,2.042458538404684
140.448,128.8143138638901,-11.633686136109901,2.128,1.9517320282407593
117.14999999999999,143.763113689862,26.613113689862004,1.775,2.1782289953009393
119.65799999999999,94.62783657468098,-25.030163425319003,1.813,1.4337550996163786
105.27,103.1469336546854,-2.123066345314598,1.595,1.562832328101294
117.14999999999999,116.82570809441931,-0.32429190558067944,1.775,1.7700864862790806
76.62599999999999,86.42302438697794,9.797024386977952,1.161,1.3094397634390598
330.00066,253.84783781863663,-76.15282218136335,5.00001,3.846179360888434
107.25,102.03791575855882,-5.212084241441175,1.625,1.5460290266448307
89.43,104.54881222677373,15.118812226773727,1.355,1.5840729125268749
65.736,79.63866132293224,13.902661322932232,0.996,1.2066463836807917
78.21000000000001,85.53774317158633,7.32774317158632,1.185,1.2960264116907019
103.55399999999999,96.58368807899538,-6.970311921004608,1.569,1.463389213318112
97.15199999999999,99.56972813076207,2.417728130762086,1.472,1.508632244405486
56.628,62.424401672387965,5.796401672387965,0.858,0.9458242677634541
330.00066,218.17761522034226,-111.82304477965772,5.00001,3.305721442732459
112.794,117.29263623779627,4.498636237796276,1.709,1.7771611551181254
170.214,216.21471991932768,46.00071991932768,2.579,3.2759806048382982
108.43799999999999,109.50156342761589,1.0635634276159038,1.643,1.6591145973881196
289.674,262.3438504664834,-27.33014953351659,4.389,3.974906825249749
64.68,69.33585281616251,4.655852816162508,0.98,1.050543224487311
190.542,188.34522103087102,-2.196778969128985,2.887,2.8537154701647127
134.112,161.72427997665577,27.61227997665577,2.032,2.4503678784341782
187.176,184.62512529291567,-2.5508747070843185,2.836,2.797350383225995
107.25,210.83972229605934,103.58972229605934,1.625,3.1945412469099903
62.89799999999999,61.32819243061906,-1.5698075693809272,0.953,0.9292150368275616
106.72200000000001,104.42025208707584,-2.3017479129241707,1.617,1.5821250316223612
123.75,107.91083480825765,-15.839165191742353,1.875,1.6350126486099643
104.28,105.60615885708576,1.3261588570857583,1.58,1.600093316016451
301.02599999999995,189.27524088123693,-111.75075911876303,4.561,2.867806680018741
67.91399999999999,87.1456269530244,19.231626953024417,1.029,1.3203882871670365
109.16399999999999,133.75563153749079,24.591631537490798,1.654,2.0266004778407694
35.904,33.40704051963258,-2.4969594803674227,0.544,0.5061672806004938
97.15199999999999,99.72434403314563,2.57234403314564,1.472,1.5109749095931158
62.699999999999996,66.54807750802357,3.8480775080235716,0.95,1.0083042046670239
94.37999999999998,165.1936944787047,70.81369447870473,1.43,2.5029347648288596
64.15199999999999,85.4752320499022,21.323232049902217,0.972,1.2950792734833667
74.514,77.57762041661113,3.06362041661113,1.129,1.1754184911607746
114.378,117.8644808652946,3.4864808652945953,1.733,1.7858254676559788
259.446,187.10175314409415,-72.34424685590588,3.931,2.83487504763779
41.58,52.25718970077722,10.67718970077722,0.63,0.7917756015269276
196.21799999999996,178.79948375368127,-17.41851624631869,2.973,2.7090830871769893
159.78599999999997,127.78177493846064,-32.00422506153933,2.421,1.9360874990675856
193.974,215.5543711375,21.58037113750001,2.939,3.2659753202651514
74.646,91.96394424471066,17.31794424471066,1.131,1.3933930946168283
90.55199999999999,84.42888821306373,-6.1231117869362635,1.372,1.279225578985814
196.08599999999998,112.70907955256706,-83.37692044743292,2.971,1.7077133265540465
160.71,158.56740447695807,-2.1425955230419333,2.435,2.402536431469062
65.20799999999998,58.13175964837786,-7.0762403516221255,0.988,0.8807842370966343
161.56799999999998,166.48108965724902,4.9130896572490315,2.448,2.522440752382561
216.34799999999998,219.47485291220232,3.126852912202338,3.278,3.325376559275793
288.75,243.97370698549807,-44.77629301450193,4.375,3.696571317962092
107.91,111.4236607472633,3.5136607472633017,1.635,1.688237284049444
67.584,90.63413118816896,23.05013118816896,1.024,1.373244411941954
74.052,72.08878061799857,-1.9632193820014407,1.122,1.0922542517878573
109.494,148.18412807119964,38.69012807119964,1.659,2.2452140616848433
165.0,186.4773727270933,21.477372727093297,2.5,2.8254147382892922
104.34599999999999,116.71312785849776,12.367127858497767,1.581,1.768380725128754
57.75,67.23275215854491,9.482752158544912,0.875,1.0186780630082564
89.1,92.8015272819549,3.7015272819549097,1.35,1.4060837466962866
52.47,95.30267940476193,42.83267940476193,0.795,1.4439799909812414
106.986,89.18338484396602,-17.80261515603398,1.621,1.351263406726758
150.74399999999997,129.2228532157286,-21.521146784271366,2.284,1.9579220184201305
92.79599999999999,114.52327835854197,21.72727835854198,1.406,1.7352011872506359
47.058,117.5511772678571,70.4931772678571,0.713,1.7810784434523803
175.75799999999998,174.75509409671406,-1.0029059032859209,2.663,2.647804456010819
53.65799999999999,50.01800346777681,-3.6399965322231793,0.813,0.7578485373905577
122.1,141.4799937219841,19.379993721984107,1.85,2.1436362685149106
217.338,237.40121189583326,20.063211895833263,3.293,3.596988059027777
111.40799999999999,97.27152530538098,-14.136474694619011,1.688,1.4738109894754694
72.864,103.42584724877949,30.561847248779486,1.104,1.5670582916481741
330.00066,300.97117653373704,-29.029483466262946,5.00001,4.560169341420258
56.562,105.7116870942744,49.1496870942744,0.857,1.6016922287011273
41.778,35.943672543559096,-5.834327456440903,0.633,0.5446010991448348
330.00066,326.5331172793914,-3.4675427206086056,5.00001,4.947471473930173
121.308,139.05583854839404,17.74783854839403,1.838,2.106906644672637
99.46199999999999,88.63836883893255,-10.82363116106744,1.507,1.3430055884686751
160.314,163.6992236164348,3.385223616434814,2.429,2.480291266915679
215.62199999999999,176.27272260240508,-39.3492773975949,3.267,2.670798827309168
145.464,130.34352123732015,-15.120478762679852,2.204,1.9749018369290934
158.862,142.70187269999008,-16.16012730000992,2.407,2.162149586363486
330.00066,323.387410826831,-6.613249173168981,5.00001,4.899809254951985
64.944,76.55945891360669,11.615458913606687,0.984,1.1599918017213136
110.154,129.09517854604616,18.94117854604616,1.669,1.9559875537279723
135.564,135.68655692455258,0.12255692455258327,2.054,2.055856923099282
59.465999999999994,66.74592094136803,7.279920941368033,0.901,1.01130183244497
125.268,119.25642856861076,-6.0115714313892425,1.898,1.8069155843728903
107.25,90.78004309267678,-16.469956907323223,1.625,1.3754551983738907
220.24200000000002,165.43436921428574,-54.80763078571428,3.337,2.5065813517316022
56.166,74.9931781912675,18.827178191267507,0.851,1.1362602756252653
88.70400000000001,78.3992503134606,-10.30474968653941,1.344,1.1878674289918272
95.43599999999999,118.80315751304651,23.36715751304652,1.446,1.8000478411067653
141.9,135.20153903270676,-6.698460967293244,2.15,2.0485081671622236
64.35,80.08935812155943,15.739358121559434,0.975,1.213475123053931
138.6,185.083500041039,46.48350004103901,2.1,2.804295455167258
205.92000000000002,201.66558859324832,-4.2544114067517,3.12,3.055539221109823
198.0,190.97024049381875,-7.02975950618125,3.0,2.8934884923305875
133.584,127.9449475644296,-5.639052435570406,2.024,1.9385598115822666
167.706,222.32740335470243,54.62140335470244,2.541,3.3685970205257947
76.55999999999999,108.63233667029616,32.07233667029617,1.16,1.6459444950044873
110.21999999999998,121.16689096315046,10.94689096315048,1.67,1.8358619842901587
261.95399999999995,216.88750254389402,-45.066497456105935,3.969,3.2861742809680914
149.82,125.51968672572143,-24.300313274278565,2.27,1.9018134352382035
330.00066,269.01058142477814,-60.990078575221844,5.00001,4.075917900375427
330.00066,298.62171269533195,-31.37894730466803,5.00001,4.5245714044747265
131.33999999999997,135.27554721096257,3.9355472109625964,1.99,2.0496295031964027
243.60599999999997,318.7054089999996,75.09940899999961,3.691,4.828869833333327
14.85,109.95629813659535,95.10629813659536,0.225,1.666004517221142
63.162,67.6727379113528,4.510737911352798,0.957,1.0253445138083757
241.49399999999997,291.6497043214286,50.15570432142863,3.659,4.418934913961039
142.42799999999997,146.75771912694387,4.3297191269439,2.158,2.223601804953695
135.63,110.65434155816102,-24.975658441838974,2.055,1.6765809326994094
330.00066,303.29044411817216,-26.71021588182782,5.00001,4.595309759366245
165.528,132.28330388832657,-33.24469611167342,2.508,2.0042924831564632
239.97599999999997,257.67589980251836,17.699899802518388,3.636,3.904180300038157
194.172,200.6622377782857,6.490237778285689,2.942,3.040336936034632
113.124,98.32577948157962,-14.79822051842038,1.714,1.4897845375996912
172.45799999999997,140.9191694689482,-31.538830531051758,2.613,2.1351389313477003
75.834,84.53324867831698,8.699248678316977,1.149,1.280806798156318
170.54399999999998,142.0800740216085,-28.463925978391472,2.584,2.152728394266796
70.15799999999999,54.90287644757722,-15.255123552422766,1.063,0.8318617643572306
65.274,71.19796837814785,5.923968378147848,0.989,1.0787570966386038
159.72,140.99318144152227,-18.72681855847773,2.42,2.1362603248715493
96.426,114.75845901208083,18.332459012080832,1.461,1.7387645304860733
102.036,122.67270381868131,20.636703818681312,1.546,1.8586773305860806
130.35,152.30431532142862,21.954315321428624,1.975,2.307641141233767
191.136,212.43375423809516,21.297754238095166,2.896,3.2186932460317452
214.962,150.00379632703078,-64.9582036729692,3.257,2.2727847928337996
35.178,40.138950192270855,4.960950192270857,0.533,0.6081659120041039
57.94799999999999,70.98290628384309,13.0349062838431,0.878,1.0754985800582288
117.67799999999998,130.9381400833491,13.260140083349128,1.783,1.9839112133840775
130.086,137.31860915957765,7.232609159577635,1.971,2.0805849872663282
81.44399999999999,100.26136047423776,18.817360474237773,1.234,1.5191115223369358
193.314,202.51545012441247,9.201450124412474,2.929,3.0684159109759466
72.468,90.11125212438635,17.64325212438635,1.098,1.3653220018846417
81.972,109.15308379707523,27.18108379707523,1.242,1.6538346029859885
37.818,35.454832529944,-2.3631674700559984,0.573,0.5371944322718788
267.102,233.5563088059879,-33.54569119401208,4.047,3.5387319516058775
123.75,162.03680461402297,38.28680461402297,1.875,2.4551031002124697
42.042,53.5146760418065,11.472676041806501,0.637,0.8108284248758562
66.792,82.52348504141257,15.731485041412569,1.012,1.2503558339607967
330.0,317.9266585982139,-12.073341401786081,5.0,4.8170705848214235
30.029999999999998,43.75364705646116,13.723647056461164,0.455,0.6629340463100176
305.90999999999997,247.64315783371072,-58.26684216628925,4.635,3.752169058086526
119.65799999999999,162.34061466718484,42.68261466718485,1.813,2.4597062828361342
202.884,168.39244702805385,-34.491552971946135,3.074,2.5514007125462705
245.38799999999998,271.38730547499995,25.99930547499997,3.718,4.111928870833333
36.96,50.06770799536581,13.107707995365807,0.56,0.7586016362934214
190.938,144.50870620457272,-46.42929379542727,2.893,2.189525851584435
84.612,104.02766103461782,19.415661034617827,1.282,1.5761766823426944
179.124,168.63528154532963,-10.488718454670362,2.714,2.5550800234140856
120.18599999999999,126.19672179203218,6.010721792032186,1.821,1.912071542303518
144.80399999999997,149.79338244750892,4.9893824475089446,2.194,2.2695967037501354
51.744,71.26736569019617,19.523365690196172,0.784,1.0798085710635783
63.425999999999995,77.27416508328446,13.848165083284464,0.961,1.1708206830800676
260.50199999999995,252.10952785989755,-8.392472140102399,3.947,3.8198413312105695
146.85,150.69973402750844,3.849734027508447,2.225,2.283329303447098
57.75,125.1162496126088,67.3662496126088,0.875,1.895700751706194
90.75,103.46170391479531,12.711703914795308,1.375,1.5676015744665956
162.426,117.1252369745985,-45.300763025401494,2.461,1.7746248026454317
115.96199999999999,104.9401112805106,-11.021888719489382,1.757,1.5900016860683426
108.306,110.28882771777529,1.9828277177752938,1.641,1.6710428442087166
87.648,80.41702284465313,-7.230977155346864,1.328,1.218439740070502
85.27199999999999,55.99131729044731,-29.28068270955268,1.292,0.8483532922795047
147.906,125.48262776356134,-22.423372236438667,2.241,1.9012519358115356
68.57399999999998,56.14885739762471,-12.425142602375274,1.039,0.8507402636003745
74.448,84.08089628571435,9.632896285714352,1.128,1.273952974025975
160.90800000000002,194.92700807967114,34.019008079671124,2.438,2.953439516358654
58.47599999999999,62.98001657485057,4.504016574850581,0.886,0.954242675376524
122.826,170.00634629389506,47.18034629389507,1.861,2.575853731725683
122.826,82.80550895833338,-40.02049104166662,1.861,1.254628923611112
106.19399999999999,96.3915172936607,-9.80248270633929,1.609,1.4604775347524348
98.472,94.8937555854577,-3.578244414542297,1.492,1.437784175537238
50.424,48.26905511848267,-2.1549448815173307,0.764,0.7313493199770102
330.00066,231.93383745654754,-98.06682254345245,5.00001,3.5141490523719328
63.09599999999999,87.69854875728157,24.602548757281582,0.956,1.3287658902618422
156.75,144.63036907177874,-12.119630928221255,2.375,2.1913692283602844
276.078,245.4204277541208,-30.65757224587918,4.183,3.718491329607891
130.35,166.18369310390185,35.83369310390185,1.975,2.517934743998513
43.824,52.9150082103042,9.091008210304203,0.664,0.8017425486409728
177.54,228.50986371245418,50.969863712454185,2.69,3.462270662309912
144.54,228.08579740849984,83.54579740849985,2.19,3.455845415280301
103.55399999999999,105.08157179942124,1.5275717994212528,1.569,1.5921450272639581
88.572,105.40977510579965,16.83777510579965,1.342,1.5971178046333283
134.772,123.55403673742316,-11.21796326257683,2.042,1.872030859657927
144.40800000000002,192.3747116034013,47.96671160340128,2.188,2.9147683576272927
119.98799999999999,168.2416343710317,48.25363437103171,1.818,2.5491156722883592
111.21000000000001,140.11644401597576,28.90644401597575,1.685,2.1229764244844813
197.472,158.3985989676672,-39.07340103233281,2.992,2.399978772237382
109.55999999999997,96.56557517071226,-12.99442482928771,1.66,1.4631147753138223
127.71000000000001,101.91832344050343,-25.79167655949658,1.935,1.5442170218258096
140.25,135.54689423192917,-4.703105768070827,2.125,2.0537408216958966
254.89200000000002,172.7831208564041,-82.10887914359591,3.862,2.617926073581881
177.144,128.532531656067,-48.61146834393301,2.684,1.9474626008495002
84.54599999999999,148.15039452948744,63.60439452948745,1.281,2.2447029474164766
178.992,174.97627897563137,-4.0157210243686166,2.712,2.651155742055021
58.343999999999994,74.2806566400045,15.9366566400045,0.884,1.1254644945455226
66.98999999999998,66.82847097738335,-0.1615290226166337,1.015,1.0125525905664143
327.03,263.1995581993148,-63.83044180068515,4.955,3.9878720939290124
110.41799999999999,97.5781602395779,-12.839839760422095,1.673,1.478456973326938
93.258,121.8440388207054,28.58603882070541,1.413,1.8461218003137183
330.00066,328.55954676689134,-1.4411132331086378,5.00001,4.978174951013505
212.058,225.0375108488982,12.979510848898201,3.213,3.4096592552863365
54.18599999999999,73.81300614671743,19.627006146717434,0.821,1.1183788810108701
61.314,81.25629398223275,19.942293982232748,0.929,1.231155969427769
110.88,99.40304916651624,-11.476950833483755,1.68,1.5061068055532765
89.1,98.37851497654646,9.278514976546461,1.35,1.490583560250704
160.446,152.96456473408506,-7.481435265914939,2.431,2.31764492021341
103.68599999999999,110.19244393515041,6.506443935150415,1.571,1.6695824838659152
64.61399999999999,80.2588256563275,15.644825656327512,0.979,1.2160428129746592
117.282,122.90546910409599,5.623469104095989,1.777,1.8622040773347877
86.988,90.85209329231729,3.8640932923172926,1.318,1.3765468680654136
177.40800000000002,209.8455850660714,32.43758506607139,2.688,3.1794785616071426
207.438,129.13395589302817,-78.30404410697182,3.143,1.9565750892883056
121.17599999999999,147.36106132528155,26.185061325281566,1.836,2.232743353413357
66.0,46.00031807588975,-19.99968192411025,1.0,0.69697451630136
153.25199999999998,160.00812060724363,6.756120607243645,2.322,2.4243654637461156
91.146,86.52318337039625,-4.622816629603747,1.381,1.3109573237938827
107.25,95.72971030194986,-11.520289698050135,1.625,1.4504501560901495
301.818,194.0541299176812,-107.76387008231879,4.573,2.9402140896618367
91.87199999999999,93.64212106582143,1.7701210658214421,1.392,1.4188200161488096
161.36999999999998,174.05455404376403,12.684554043764052,2.445,2.6371902127843034
40.656,40.35504133606121,-0.30095866393878623,0.616,0.6114400202433516
156.42000000000002,139.97960815304268,-16.44039184695734,2.37,2.12090315383398
74.25,92.92882051917414,18.67882051917414,1.125,1.408012432108699
80.718,101.24197391056511,20.523973910565104,1.223,1.533969301675229
330.00066,176.07374718274912,-153.92691281725087,5.00001,2.6677840482234716
72.666,94.27666757905183,21.610667579051835,1.101,1.4284343572583613
198.594,188.72478120464797,-9.869218795352026,3.009,2.859466381888606
110.55,92.21245279498895,-18.33754720501105,1.675,1.3971583756816508
162.624,201.14370313213158,38.51970313213158,2.464,3.0476318656383574
184.338,237.70856932420565,53.37056932420566,2.793,3.601644989760692
273.23999999999995,187.82897339486883,-85.41102660513113,4.14,2.8458935362858915
38.74199999999999,35.51383640740266,-3.2281635925973333,0.587,0.5380884304151918
194.634,235.28798090278366,40.65398090278367,2.949,3.5649694076179346
241.032,223.3049200038758,-17.727079996124218,3.652,3.383407878846603
243.07799999999997,210.738031532985,-32.339968467014984,3.683,3.1930004777725
157.87199999999999,132.0069698309256,-25.865030169074373,2.392,2.0001056034988727
80.124,116.55963929786085,36.43563929786086,1.214,1.7660551408766796
141.9,152.6989308721805,10.798930872180506,2.15,2.313620164730008
75.174,82.7842638284676,7.610263828467595,1.139,1.2543070277040544
156.024,154.44941696072124,-1.5745830392787639,2.364,2.340142681223049
113.322,131.4727392261905,18.150739226190495,1.717,1.9920112003968256
164.01,203.0759938471005,39.065993847100515,2.485,3.0769089976833413
38.41199999999999,43.68439498942849,5.2723949894284985,0.582,0.6618847725670983
44.748,37.62677276764175,-7.121227232358251,0.678,0.5701026176915416
49.961999999999996,63.82682274998352,13.864822749983524,0.757,0.9670730719694474
117.48,123.34552437195974,5.8655243719597365,1.78,1.8688715813933297
39.864,40.97543138961641,1.1114313896164134,0.604,0.6208398695396427
149.226,187.6807391249999,38.45473912499989,2.261,2.8436475624999984
118.46999999999998,130.36256474534835,11.892564745348366,1.795,1.9751903749295205
104.41199999999999,127.09351952448806,22.681519524488067,1.582,1.9256593867346676
183.87599999999998,186.23819523323462,2.362195233234644,2.786,2.8217908368671916
317.328,258.881066187395,-58.44693381260498,4.808,3.922440396778712
126.91799999999999,131.38501439364342,4.467014393643424,1.923,1.9906820362673243
93.52199999999999,78.25972007386494,-15.26227992613505,1.417,1.185753334452499
218.32799999999997,208.62467389036615,-9.70332610963382,3.308,3.16097990742979
66.0,65.10506493974691,-0.8949350602530899,1.0,0.9864403778749532
68.112,84.81528447487757,16.703284474877577,1.032,1.2850800678011756
35.31,37.70875949241683,2.398759492416829,0.535,0.5713448407941945
122.562,109.34328789764533,-13.218712102354672,1.857,1.6567164832976566
127.314,119.28316781397882,-8.030832186021172,1.929,1.8073207244542246
168.96,197.43380129969637,28.473801299696362,2.56,2.9914212318135815
91.41,104.41782013962897,13.007820139628976,1.385,1.5820881839337724
45.93599999999999,66.33434024038459,20.3983402403846,0.696,1.0050657612179486
162.88799999999998,227.53888118542625,64.65088118542627,2.468,3.4475588058397917
175.49399999999997,198.86346460773112,23.369464607731146,2.659,3.0130827970868355
107.25,92.16421923065705,-15.085780769342946,1.625,1.3964275641008643
212.98199999999997,225.01231020817676,12.030310208176786,3.227,3.409277427396618
98.274,118.10535043036136,19.831350430361354,1.489,1.7894750065206266
283.14,289.43227911845224,6.292279118452257,4.29,4.3853375624007915
330.00066,311.41505110254093,-18.585608897459053,5.00001,4.718409865190014
167.706,184.22387809498437,16.517878094984383,2.541,2.791270880227036
216.546,201.9744822192308,-14.571517780769199,3.281,3.060219427564103
111.606,136.1040426544683,24.498042654468293,1.691,2.0621824644616407
168.564,156.26939426273483,-12.294605737265158,2.554,2.3677180948899217
50.424,59.215043831661355,8.791043831661355,0.764,0.8971976338130508
99.92399999999999,127.87464084414268,27.950640844142683,1.514,1.9374945582445862
205.32600000000002,190.37418245056725,-14.951817549432775,3.111,2.88445730985708
123.75,132.84255838102803,9.092558381028027,1.875,2.012766036076182
140.712,140.12853809408793,-0.5834619059120598,2.132,2.1231596680922413
137.478,116.57831871112062,-20.899681288879393,2.083,1.7663381622897063
133.848,147.78228479619142,13.934284796191406,2.028,2.2391255272150214
59.465999999999994,157.8635490565202,98.39754905652022,0.901,2.3918719554018213
60.983999999999995,76.38868805957078,15.404688059570788,0.924,1.1574043645389511
90.09,74.69008151785715,-15.399918482142851,1.365,1.1316679017857145
60.852000000000004,72.74648575435872,11.894485754358712,0.922,1.1022194811266472
52.403999999999996,50.33332489806865,-2.070675101931343,0.794,0.762626134819222
63.02999999999999,68.08988863099124,5.059888630991253,0.955,1.031664979257443
164.472,145.68886343589682,-18.783136564103188,2.492,2.207407021756013
73.722,82.97430348697597,9.252303486975975,1.117,1.257186416469333
125.79599999999998,101.53439739466751,-24.26160260533247,1.906,1.5383999605252654
126.588,149.30254918897418,22.71454918897419,1.918,2.2621598361965787
330.00066,285.10252358416193,-44.89813641583805,5.00001,4.319735205820636
33.528,47.66491967169786,14.13691967169786,0.508,0.7221957526014828
107.91,73.37599659097984,-34.53400340902016,1.635,1.1117575241057551
243.474,269.48393775416537,26.009937754165378,3.689,4.083089965972203
37.61999999999999,46.46038166106969,8.8403816610697,0.57,0.7039451766828742
49.5,67.7862160852644,18.2862160852644,0.75,1.0270638800797636
151.14,161.03387493053438,9.893874930534395,2.29,2.4399071959171876
224.99399999999997,256.0534067732142,31.05940677321422,3.409,3.8795970723214275
182.55599999999998,191.2734740571071,8.717474057107125,2.766,2.8980829402591985
124.344,126.05308685512303,1.709086855123033,1.884,1.9098952553806519
48.773999999999994,47.63267420370243,-1.141325796297565,0.739,0.7217071849045823
99.0,137.12211853590009,38.122118535900086,1.5,2.077607856604547
97.086,108.71515084047617,11.629150840476171,1.471,1.6471992551587298
122.95799999999998,120.30847171265934,-2.649528287340644,1.863,1.8228556320099902
155.034,153.15203300057058,-1.8819669994294088,2.349,2.3204853484934937
80.85,92.1636043025904,11.313604302590406,1.225,1.3964182470089457
263.274,211.31946809047614,-51.954531909523865,3.989,3.201810122582972
165.0,237.19715591741067,72.19715591741067,2.5,3.59389630177895
74.976,102.50451734414159,27.52851734414159,1.136,1.553098747638509
161.56799999999998,172.49525454085293,10.927254540852942,2.448,2.6135644627401957
148.5,139.1312230674307,-9.36877693256929,2.25,2.108048834355011
123.354,189.57369256641607,66.21969256641607,1.869,2.8723286752487285
204.402,223.04657981301574,18.644579813015753,3.097,3.3794936335305414
86.196,103.16976061731927,16.97376061731927,1.306,1.5631781911715041
225.918,180.1892086440125,-45.72879135598751,3.423,2.7301395249092804
42.9,45.44242594329004,2.5424259432900413,0.65,0.6885216052013643
184.07399999999998,142.86226898143474,-41.211731018565246,2.789,2.164579833052042
111.40799999999999,155.684652327944,44.27665232794402,1.688,2.3588583686052127
276.144,234.75669394045514,-41.38730605954487,4.184,3.5569196051584115
71.94,94.21543879651861,22.275438796518614,1.09,1.4275066484321004
105.66599999999998,122.00261698791648,16.3366169879165,1.601,1.8485244998169166
227.7,239.0234414179886,11.323441417988619,3.45,3.621567294211949
276.40799999999996,243.42703688701067,-32.980963112989286,4.188,3.6882884376819804
138.00600000000003,132.2012103809747,-5.8047896190253425,2.091,2.0030486421359806
64.35,72.35417785714283,8.004177857142835,0.975,1.0962754220779218
330.00066,324.71246951785673,-5.28819048214325,5.00001,4.919885901785708
71.676,59.34220128753761,-12.33379871246239,1.086,0.899124261932388
87.978,119.80378322281707,31.82578322281708,1.333,1.8152088367093497
33.593999999999994,39.012531208390826,5.4185312083908315,0.509,0.5910989577028913
205.65599999999998,205.19869213167914,-0.45730786832083936,3.116,3.1090710929042293
241.22999999999996,239.1168133326348,-2.11318666736517,3.655,3.6229820201914364
115.5,163.46597439011956,47.965974390119555,1.75,2.476757187729084
112.398,86.33845124903266,-26.059548750967338,1.703,1.3081583522580706
184.47,164.92490027281752,-19.545099727182475,2.795,2.49886212534572
83.094,98.88312492354055,15.789124923540555,1.259,1.49822916550819
102.762,105.55815950651517,2.796159506515167,1.557,1.599366053129018
54.977999999999994,62.03832271885848,7.060322718858487,0.833,0.939974586649371
103.15799999999999,151.69635707812307,48.538357078123084,1.563,2.2984296526988346
141.768,175.27559761980785,33.507597619807854,2.148,2.6556908730273916
72.79799999999999,53.28086719133696,-19.51713280866303,1.103,0.8072858665354085
108.89999999999999,69.36670441242738,-39.53329558757261,1.65,1.0510106729155664
230.67000000000002,219.04459274894964,-11.625407251050376,3.495,3.3188574658931764
330.00066,330.0006599999994,-5.684341886080801e-13,5.00001,5.000009999999992
82.96199999999999,80.26719244060305,-2.694807559396935,1.257,1.2161695824333796
127.44600000000001,144.7995664102863,17.35356641028629,1.931,2.1939328243982774
330.00066,329.53093524999946,-0.4697247500005233,5.00001,4.992892958333326
131.736,154.30974717713337,22.573747177133384,1.996,2.338026472380809
330.00066,236.84566109233717,-93.15499890766282,5.00001,3.5885706226111695
107.844,127.38914433058609,19.545144330586098,1.634,1.9301385504634259
90.75,105.36898674486585,14.61898674486585,1.375,1.5964997991646341
80.19,89.86389327929132,9.67389327929132,1.215,1.3615741405953232
251.59199999999996,231.85370308704057,-19.738296912959385,3.812,3.5129348952581907
73.854,106.33659651544694,32.48259651544694,1.119,1.6111605532643476
38.279999999999994,53.56350723789319,15.283507237893197,0.58,0.8115682914832302
42.108,61.762114170364704,19.654114170364707,0.638,0.9357896086418895
239.712,205.88409094118293,-33.827909058817056,3.632,3.1194559233512567
136.224,130.51798926364367,-5.706010736356319,2.064,1.9775452918733891
244.72799999999998,179.91378729196342,-64.81421270803656,3.708,2.725966474120658
53.98799999999999,63.56799686657183,9.57999686657184,0.818,0.9631514676753309
179.18999999999997,164.93078292087785,-14.259217079122124,2.715,2.498951256376937
130.01999999999998,147.5443769956223,17.524376995622305,1.97,2.2355208635700348
48.443999999999996,61.740587589379565,13.29658758937957,0.734,0.9354634483239328
199.12199999999999,220.48422552337942,21.362225523379436,3.017,3.3406700836875673
78.93599999999999,113.52683553842067,34.59083553842068,1.196,1.7201035687639497
170.34599999999998,149.466011624483,-20.879988375516973,2.581,2.2646365397648944
11.549999999999999,210.1393619247254,198.58936192472538,0.175,3.1839297261322033
96.16199999999999,118.30432809924177,22.14232809924178,1.457,1.7924898196854815
67.32,62.905176517870935,-4.414823482129059,1.02,0.9531087351192566
264.0,254.82674651871363,-9.173253481286366,4.0,3.8610113108896007
65.472,60.56417466821807,-4.907825331781922,0.992,0.9176390101245163
320.364,269.894838845238,-50.46916115476199,4.854,4.089315740079364
314.88599999999997,312.86567940833316,-2.0203205916668026,4.771,4.740389081944442
44.154,39.54402231722945,-4.609977682770555,0.669,0.5991518532913553
247.76399999999998,304.3644149464282,56.60041494642823,3.754,4.611582044642852
111.93599999999999,146.21593069113328,34.27993069113329,1.696,2.2153928892595953
163.41599999999997,181.2596469202166,17.843646920216628,2.476,2.7463582866699485
108.70199999999998,108.45049009966212,-0.25150990033786513,1.647,1.6431892439342746
204.20399999999998,205.81851484671543,1.6145148467154513,3.094,3.1184623461623553
122.298,120.35771762706669,-1.9402823729333107,1.853,1.8236017822282833
151.932,161.76754663978653,9.835546639786543,2.302,2.4510234339361596
103.026,105.15229214786122,2.1262921478612213,1.561,1.593216547694867
199.64999999999998,218.94328325513172,19.29328325513174,3.025,3.3173224735626023
64.54799999999999,81.69384213009458,17.145842130094593,0.978,1.237785486819615
165.85799999999998,186.19132019948927,20.333320199489293,2.513,2.821080609083171
185.65800000000002,183.6063978571428,-2.051602142857206,2.813,2.7819151190476186
101.04599999999999,86.13786003955124,-14.90813996044875,1.531,1.3051190915083521
234.696,254.25363872606255,19.55763872606255,3.556,3.852327859485796
66.85799999999999,67.6717452483216,0.8137452483216094,1.013,1.025329473459418
175.56,143.2386733367671,-32.321326663232895,2.66,2.1702829293449564
106.062,96.74749916882003,-9.31450083117997,1.607,1.4658711995275762
201.82799999999997,194.22942541315533,-7.598574586844649,3.058,2.9428700820175053
97.35,79.14805674718073,-18.201943252819262,1.475,1.1992129810178898
122.95799999999998,120.53140331113381,-2.4265966888661694,1.863,1.8262333835020275
107.31599999999997,109.49225178704039,2.176251787040414,1.626,1.6589735119248545
319.90200000000004,247.92853299107134,-71.97346700892871,4.847,3.7564929241071416
115.5,128.9154363407571,13.415436340757111,1.75,1.9532641869811684
83.952,81.71908783476283,-2.232912165237167,1.272,1.2381679974964066
240.96599999999998,197.9221911353045,-43.04380886469548,3.651,2.998821077807644
156.09,122.34583586920024,-33.74416413079976,2.365,1.8537247858969734
141.24,136.73280115470098,-4.50719884529903,2.14,2.0717091084045607
149.028,200.20510666668912,51.17710666668913,2.258,3.0334107070710474
85.07399999999998,83.66325242177957,-1.410747578220409,1.289,1.26762503669363
48.51,97.64572409065937,49.13572409065937,0.735,1.4794806680402934
75.702,129.62384373062412,53.92184373062412,1.147,1.9639976322821837
115.5,127.59569383993882,12.095693839938818,1.75,1.9332680884839217
209.946,144.447151317714,-65.498848682286,3.181,2.1885932017835454
218.59199999999998,210.48359213598903,-8.108407864010957,3.312,3.1891453353937735
127.05,176.51512194673208,49.46512194673208,1.925,2.6744715446474556
105.27,102.4669532375,-2.803046762500003,1.595,1.5525295945075759
107.38199999999999,115.8229658958761,8.440965895876104,1.627,1.7548934226647894
44.418,67.46742563837475,23.04942563837475,0.673,1.0222337217935569
140.51399999999998,110.8946098871044,-29.619390112895587,2.129,1.6802213619258244
92.79599999999999,100.97067678474525,8.174676784745259,1.406,1.529858739162807
123.08999999999999,92.16591778788246,-30.924082212117526,1.865,1.396453299816401
259.512,254.29444728482144,-5.217552715178556,3.932,3.8529461709821433
36.498,50.840131465734224,14.342131465734226,0.553,0.7703050222080943
270.46799999999996,231.43197073024754,-39.03602926975242,4.098,3.5065450110643566
126.588,131.01817356253798,4.430173562537988,1.918,1.9851238418566362
65.66999999999999,84.96212005005142,19.292120050051437,0.995,1.2873048492432035
115.5,133.60321041904317,18.103210419043165,1.75,2.0242910669551994
104.28,101.5521203229444,-2.727879677055597,1.58,1.538668489741582
70.55399999999999,78.2360345103765,7.682034510376511,1.069,1.1853944622784318
182.95199999999997,153.01551291574086,-29.936487084259113,2.772,2.31841686235971
215.62199999999999,180.03989993738927,-35.58210006261072,3.267,2.7278772717786253
63.35999999999999,47.533272524114565,-15.826727475885427,0.96,0.7202010988502207
284.98799999999994,328.93158236331993,43.94358236331999,4.318,4.983811853989696
113.65199999999999,121.84874185151766,8.196741851517672,1.722,1.8461930583563284
74.25,86.40833235845015,12.158332358450153,1.125,1.3092171569462145
148.5,65.16234564257027,-83.33765435742973,2.25,0.9873082673116709
171.27,150.24680774413383,-21.023192255866178,2.595,2.276466784002028
192.39,196.23192075549449,3.841920755494499,2.915,2.9732109205377952
33.263999999999996,46.82226194917184,13.558261949171843,0.504,0.7094282113510885
99.0,178.53515116576284,79.53515116576284,1.5,2.705078047966104
148.236,159.5937433108363,11.357743310836298,2.246,2.418087019861156
86.196,94.36566926748436,8.169669267484366,1.306,1.429782867689157
46.001999999999995,54.13233508982272,8.130335089822722,0.697,0.8201868953003443
232.97999999999996,172.90980288996712,-60.07019711003284,3.53,2.619845498332835
152.59199999999998,185.9460324304615,33.35403243046153,2.312,2.8173641277342654
135.366,118.34957281678861,-17.016427183211405,2.051,1.7931753457089183
262.746,255.06136799303587,-7.684632006964108,3.981,3.8645661817126653
93.258,102.18766917656596,8.929669176565966,1.413,1.5482980178267571
114.378,95.0461715399502,-19.331828460049806,1.733,1.4400935081810637
84.41399999999999,79.85448230961319,-4.559517690386798,1.279,1.209916398630503
191.07,136.14266795264365,-54.927332047356344,2.895,2.062767696252177
63.294,70.28976246127145,6.995762461271454,0.959,1.0649964009283555
88.044,104.79319644681016,16.74919644681016,1.334,1.587775703739548
96.88799999999999,111.07085557842957,14.182855578429582,1.468,1.6828917511883268
119.65799999999999,144.4367215881772,24.778721588177206,1.813,2.188435175578442
36.036,51.292659450927694,15.256659450927692,0.546,0.7771615068322378
36.63,38.113371992640445,1.4833719926404427,0.555,0.577475333221825
99.0,117.75493401386025,18.75493401386025,1.5,1.7841656668766706
67.848,56.03271782237748,-11.815282177622521,1.028,0.8489805730663255
61.577999999999996,64.9417361182772,3.3637361182772096,0.933,0.983965698761776
81.246,89.93247756266359,8.686477562663597,1.231,1.3626132964039939
152.988,99.1347455270599,-53.853254472940094,2.318,1.5020415988948472
105.27,110.64532504542416,5.375325045424162,1.595,1.6764443188700633
71.478,72.67063195798964,1.1926319579896472,1.083,1.1010701811816612
28.445999999999994,32.963393344582414,4.51739334458242,0.431,0.4994453537057941
69.696,61.73856580303688,-7.957434196963121,1.056,0.9354328151975284
111.078,111.70918267799598,0.6311826779959802,1.683,1.6925633739090302
18.677999999999997,88.91711145676689,70.23911145676689,0.283,1.3472289614661652
186.714,172.9292793946319,-13.784720605368108,2.829,2.6201405968883624
154.63799999999998,130.51731424159615,-24.120685758403823,2.343,1.9775350642666087
140.25,71.1917166464235,-69.0582833535765,2.125,1.078662373430659
135.696,134.8246056498641,-0.871394350135887,2.056,2.0427970553009716
99.0,135.47750460816135,36.477504608161354,1.5,2.0526894637600206
127.38,126.11887161982622,-1.2611283801737727,1.93,1.9108919942397915
9.89934,166.37882410709875,156.47948410709876,0.14999,2.520891274349981
112.19999999999999,108.49026797109701,-3.7097320289029767,1.7,1.6437919389560154
111.078,115.15862051246928,4.080620512469281,1.683,1.744827583522262
61.71000000000001,81.87908585132305,20.169085851323047,0.935,1.2405922098685314
126.588,141.24671771701523,14.658717717015236,1.918,2.14010178359114
119.78999999999998,150.81025230029866,31.02025230029868,1.815,2.285003822731798
128.964,129.38224172149222,0.4182417214922225,1.954,1.9603369957801853
80.45400000000001,106.87927035714284,26.425270357142836,1.219,1.619382884199134
94.116,120.7368167806424,26.6208167806424,1.426,1.8293457087976122
104.478,101.79989057718282,-2.6781094228171725,1.583,1.5424225845027701
109.098,91.67324940703827,-17.42475059296173,1.653,1.388988627379368
102.3,103.8191831231121,1.5191831231121,1.55,1.573017926107759
60.786,68.57640598978705,7.790405989787047,0.921,1.039036454390713
44.946,42.815259953817716,-2.1307400461822823,0.681,0.6487160599063291
182.35799999999998,168.41423947811467,-13.94376052188531,2.763,2.551730901183556
221.23199999999997,268.9848363401785,47.75283634017853,3.352,4.075527823336039
79.926,88.6431913452381,8.717191345238092,1.211,1.3430786567460318
116.886,91.00551763846873,-25.880482361531264,1.771,1.3788714793707384
123.75,115.42945233356224,-8.320547666437761,1.875,1.7489310959630644
126.71999999999998,120.84949839285707,-5.870501607142913,1.92,1.83105300595238
198.792,188.1623330037621,-10.629666996237916,3.012,2.8509444394509407
105.006,99.7451296779621,-5.260870322037903,1.591,1.5112898436054865
330.00066,330.0006599999994,-5.684341886080801e-13,5.00001,5.000009999999992
180.642,166.73147706464826,-13.910522935351736,2.737,2.526234500979519
154.374,164.30434147658931,9.93034147658932,2.339,2.4894597193422627
330.00066,157.08247643825518,-172.9181835617448,5.00001,2.3800375217917455
147.048,170.68039989072625,23.632399890726248,2.228,2.586066665011004
92.532,106.97361100274728,14.44161100274728,1.402,1.6208122879204132
105.468,109.95918634161427,4.4911863416142666,1.598,1.6660482779032466
78.40799999999999,83.14683030393756,4.738830303937576,1.188,1.2598004591505692
330.00066,232.8218816525198,-97.17877834748018,5.00001,3.5276042674624213
69.63,99.14252941506409,29.512529415064094,1.055,1.5021595365918803
143.748,134.87070076053647,-8.877299239463525,2.178,2.043495466068735
123.75,143.7197715384808,19.969771538480813,1.875,2.1775722960375883
189.61800000000002,230.70855852396915,41.09055852396912,2.873,3.495584220060139
86.46000000000001,146.4935728779056,60.033572877905584,1.31,2.2195995890591758
36.827999999999996,42.99578835691451,6.167788356914514,0.558,0.6514513387411289
106.854,116.78121250157848,9.927212501578481,1.619,1.769412310629977
167.37599999999998,146.52784318510422,-20.84815681489576,2.536,2.220118836137943
102.3,108.49982308884411,6.199823088844113,1.55,1.643936713467335
205.59,235.21555489875595,29.62555489875595,3.115,3.563872043920545
57.94799999999999,58.29583487028699,0.3478348702869951,0.878,0.8832702253073788
69.828,69.22180816008066,-0.6061918399193473,1.058,1.0488152751527373
90.42,111.99152028727383,21.571520287273827,1.37,1.696841216473846
103.15799999999999,103.54348791793585,0.3854879179358619,1.563,1.5688407260293311
102.10199999999999,99.55452518501004,-2.547474814989954,1.547,1.5084018967425765
110.48399999999998,101.85635429923863,-8.627645700761349,1.674,1.5432780954430096
302.14799999999997,269.4369532785714,-32.711046721428545,4.578,4.082378079978355
330.00066,254.71533263692154,-75.28532736307844,5.00001,3.8593232217715387
124.27799999999998,257.7601640282737,133.48216402827376,1.883,3.9054570307314203
292.314,216.25393889762833,-76.06006110237169,4.429,3.2765748317822476
330.00066,329.37468093749953,-0.6259790625004484,5.00001,4.990525468749993
330.00066,299.7266474949167,-30.274012505083306,5.00001,4.541312840832071
123.75,114.0624019833359,-9.687598016664097,1.875,1.728218211868726
37.88399999999999,36.16681896684324,-1.7171810331567556,0.574,0.5479821055582309
255.75,142.6021033322547,-113.1478966677453,3.875,2.1606379292765867
179.52,194.12811243041378,14.608112430413769,2.72,2.9413350368244515
110.61599999999999,88.83382079613145,-21.782179203868537,1.676,1.3459669817595674
266.44199999999995,193.68274625482067,-72.75925374517928,4.037,2.9345870644669803
126.522,98.1825689106338,-28.3394310893662,1.917,1.4876146804641486
330.00066,207.14001415851314,-122.86064584148684,5.00001,3.138485063007775
123.486,125.79369160123552,2.3076916012355184,1.871,1.9059650242611443
63.624,87.09806424631532,23.474064246315315,0.964,1.3196676400956866
60.983999999999995,84.45803991089856,23.47403991089857,0.924,1.279667271377251
141.17399999999998,140.53380899662858,-0.6401910033713989,2.139,2.1293001363125543
102.3,158.64272028275798,56.34272028275798,1.55,2.403677580041788
87.78,110.31397965720126,22.533979657201257,1.33,1.671423934200019
181.5,125.62598479989899,-55.87401520010101,2.75,1.9034240121196817
157.40999999999997,147.87721894857708,-9.532781051422887,2.385,2.2405639234632893
104.478,87.75942279399123,-16.71857720600876,1.583,1.3296882241513823
46.529999999999994,54.8788460742271,8.348846074227104,0.705,0.8314976677913197
146.71799999999996,121.3023734796291,-25.415626520370864,2.223,1.83791474969135
271.854,248.60287538924908,-23.251124610750907,4.119,3.7667102331704405
122.16599999999998,129.22170533917568,7.055705339175702,1.851,1.9579046263511468
330.00066,216.39132697732165,-113.60933302267833,5.00001,3.2786564693533586
92.26799999999999,88.7506744351001,-3.517325564899892,1.398,1.3447071884106074
117.54599999999999,124.57523946976589,7.029239469765898,1.781,1.8875036283297864
105.13799999999999,134.60861887955176,29.470618879551765,1.593,2.039524528478057
82.5,71.97019851532127,-10.529801484678728,1.25,1.0904575532624436
130.086,155.79773982910902,25.711739829109007,1.971,2.3605718155925612
42.24,48.92719895428053,6.687198954280525,0.64,0.7413211962769777
128.436,136.07672894819808,7.640728948198074,1.946,2.0617686204272436
107.25,85.38764312599453,-21.86235687400547,1.625,1.2937521685756748
55.70399999999999,36.121171117565,-19.582828882434995,0.844,0.5472904714782576
40.458,76.18548455130657,35.727484551306574,0.613,1.1543255235046452
243.012,224.8289839251595,-18.18301607484051,3.682,3.4064997564418107
80.586,88.26191138988389,7.675911389883893,1.221,1.3373016877255135
56.82599999999999,95.3775157479645,38.5515157479645,0.861,1.445113874969159
138.534,148.2367665609053,9.702766560905303,2.099,2.2460116145591713
112.72799999999998,107.37797626514539,-5.350023734854588,1.708,1.626939034320385
115.5,115.04994333228511,-0.4500566677148896,1.75,1.7431809595800776
83.556,77.7677119001152,-5.788288099884795,1.266,1.1782986651532608
186.25199999999998,204.93808400260346,18.68608400260348,2.822,3.1051224848879313
137.082,130.45498839376216,-6.627011606237829,2.077,1.9765907332388206
68.77199999999999,127.2032009285714,58.431200928571414,1.042,1.927321226190476
141.438,229.63764145157967,88.19964145157968,2.143,3.479358203811813
52.998000000000005,48.750905710225055,-4.2470942897749495,0.803,0.7386500865185615
180.24599999999998,124.41739889398606,-55.82860110601392,2.731,1.8851121044543344
156.75,160.09946907907533,3.349469079075334,2.375,2.4257495315011415
48.708,60.97833343467848,12.270333434678484,0.738,0.923914142949674
121.70400000000001,120.2303520847152,-1.4736479152848148,1.844,1.8216720012835637
225.72,199.93771267080479,-25.782287329195213,3.42,3.0293592828909817
85.60199999999999,96.31333867573076,10.711338675730772,1.297,1.459293010238345
147.84,169.76590365553477,21.925903655534768,2.24,2.572210661447497
103.55399999999999,81.4681020581492,-22.08589794185079,1.569,1.2343651826992303
260.63399999999996,161.53521625584258,-99.09878374415737,3.949,2.4475032766036757
104.082,124.43835657419845,20.356356574198458,1.577,1.885429645063613
79.134,75.0425763682396,-4.0914236317604065,1.199,1.1370087328521152
209.154,225.1970834198947,16.043083419894714,3.169,3.4120770215135563
140.25,159.13086899481112,18.880868994811124,2.125,2.4110737726486535
45.077999999999996,51.21935399681151,6.141353996811517,0.683,0.7760508181335078
108.96600000000001,118.86319851175683,9.897198511756827,1.651,1.800957553208437
61.776,65.50835170314065,3.732351703140644,0.936,0.9925507833809191
58.608000000000004,66.28615352777895,7.678153527778946,0.888,1.0043356595118023
121.90199999999999,126.7046500604128,4.802650060412816,1.847,1.9197674251577699
215.886,236.9551905327508,21.06919053275081,3.271,3.5902301595871338
88.63799999999999,71.77539971597749,-16.862600284022506,1.343,1.0875060563026893
330.00066,198.42163372917284,-131.57902627082714,5.00001,3.0063883898359522
106.986,110.16830798305861,3.1823079830586067,1.621,1.6692167876221002
330.00066,329.11460174999945,-0.8860582500005307,5.00001,4.986584874999992
151.272,146.08618851788873,-5.185811482111262,2.292,2.21342709875589
74.25,58.87090702590312,-15.379092974096878,1.125,0.8919834397864109
233.772,164.18424117573346,-69.58775882426653,3.542,2.4876400178141433
238.986,222.62506048403577,-16.36093951596422,3.621,3.373106977030845
107.25,66.8672408297085,-40.38275917029149,1.625,1.013140012571341
66.32999999999998,78.56536344335638,12.235363443356391,1.005,1.1903842945963088
44.682,56.08756697802199,11.405566978021987,0.677,0.8498116208791211
37.68599999999999,39.304267854130096,1.618267854130103,0.571,0.595519209911062
108.768,163.85213015035436,55.084130150354355,1.648,2.4826080325811266
134.772,138.64497087063208,3.872970870632088,2.042,2.100681376827759
225.984,216.83451282268814,-9.149487177311869,3.424,3.2853714064043658
119.78999999999998,104.3806753654914,-15.409324634508579,1.815,1.5815253843256274
200.96999999999997,182.85397080089015,-18.116029199109818,3.045,2.770514709104396
155.298,157.00334753698777,1.705347536987773,2.353,2.3788385990452694
69.49799999999999,152.66318356938868,83.16518356938869,1.053,2.3130785389301316
192.32399999999998,193.7710344257567,1.4470344257567263,2.914,2.935924764026617
105.336,120.90506365775154,15.569063657751542,1.596,1.8318949039053265
73.78800000000001,69.73525146801771,-4.052748531982303,1.118,1.0565947192123895
78.93599999999999,90.20705643016393,11.271056430163938,1.196,1.366773582275211
217.60199999999998,124.10561931841761,-93.49638068158237,3.297,1.880388171491176
90.222,104.03812086386529,13.816120863865294,1.367,1.5763351646040196
66.924,68.21074232866823,1.2867423286682254,1.014,1.0334960958889128
78.276,65.25999206443342,-13.016007935566577,1.186,0.9887877585520215
87.978,103.63344243818682,15.655442438186824,1.333,1.570203673305861
34.65,43.91473185561809,9.264731855618095,0.525,0.6653747250851227
154.83599999999998,163.83680831761586,9.000808317615878,2.346,2.4823758836002403
49.5,61.9811739750775,12.481173975077503,0.75,0.9391086965920834
116.35799999999999,113.82571794752035,-2.532282052479644,1.763,1.724632090113945
228.88799999999998,203.362836264881,-25.52516373511898,3.468,3.0812550949224393
166.188,205.3021965984401,39.11419659844012,2.518,3.110639342400608
35.772,43.4157610665919,7.6437610665919,0.542,0.6578145616150288
44.55,89.55337042921974,45.00337042921974,0.675,1.356869248927572
94.05,116.94156742013034,22.891567420130343,1.425,1.7718419306080357
67.056,73.90103825181343,6.845038251813435,1.016,1.119712700785052
150.018,201.3696198126547,51.35161981265469,2.273,3.0510548456462834
222.552,264.0218644642857,41.469864464285735,3.372,4.000331279761905
78.40799999999999,161.6886586658407,83.28065866584072,1.188,2.449828161603647
44.55,52.00036229974229,7.450362299742295,0.675,0.7878842772688227
133.32,165.95110908653706,32.631109086537066,2.02,2.51441074373541
62.172,65.84242549635837,3.6704254963583764,0.942,0.9976125075205815
63.49199999999999,59.01732620019841,-4.474673799801579,0.962,0.8942019121242184
148.5,166.2360288919414,17.7360288919414,2.25,2.5187277104839607
170.742,164.54327003342615,-6.198729966573836,2.587,2.4930798489913055
68.04599999999999,72.28782154404763,4.241821544047639,1.031,1.095270023394661
77.35199999999999,97.54044166493934,20.188441664939347,1.172,1.4778854797718082
108.768,100.43475064487721,-8.333249355122788,1.648,1.5217386461345033
95.03999999999999,105.11332876266766,10.073328762667671,1.44,1.5926261933737524
330.00066,261.1965442369862,-68.80411576301378,5.00001,3.957523397530094
102.56400000000001,108.22878200774271,5.664782007742701,1.554,1.6398300304203441
75.702,75.7006855461209,-0.001314453879103894,1.147,1.1469800840321347
81.246,97.95129304683613,16.705293046836132,1.231,1.4841105007096385
149.688,136.9204836184057,-12.767516381594277,2.268,2.074552782097056
119.064,106.3181023067751,-12.74589769322489,1.804,1.6108803379814411
205.194,254.1266013966837,48.93260139668371,3.109,3.8504030514649044
98.20799999999998,106.48504108391894,8.27704108391896,1.488,1.6134097133927114
55.90199999999999,70.54689338845499,14.644893388455003,0.847,1.0688923240675
42.042,55.199714166254786,13.157714166254785,0.637,0.8363593055493149
172.92000000000002,159.16207901529526,-13.757920984704754,2.62,2.411546651746898
289.146,270.08537040152254,-19.060629598477476,4.381,4.092202581841251
149.49,150.19871588098218,0.7087158809821688,2.265,2.275738119408821
57.815999999999995,73.14063701799857,15.324637017998576,0.876,1.1081914699696753
228.02999999999997,243.04750763142854,15.017507631428572,3.455,3.682537994415584
92.466,70.41549712400878,-22.050502875991214,1.401,1.0669014715758907
242.022,196.389909303228,-45.632090696771996,3.667,2.9756046864125456
178.728,185.6681349285714,6.940134928571382,2.708,2.8131535595238093
111.40799999999999,131.33138772346092,19.923387723460934,1.688,1.9898695109615292
193.90800000000002,241.53386122932895,47.62586122932893,2.938,3.659603958020136
166.188,180.00312073078473,13.815120730784741,2.518,2.727320011072496
56.166,58.701610007549505,2.535610007549508,0.851,0.8894183334477198
176.54999999999998,194.3908386376926,17.840838637692627,2.675,2.9453157369347367
92.994,98.32195444216424,5.327954442164241,1.409,1.489726582457034
188.43,128.8773448155267,-59.55265518447331,2.855,1.9526870426594953
99.85799999999999,78.3576028867168,-21.500397113283185,1.513,1.187236407374497
148.5,197.38076102678568,48.88076102678568,2.25,2.9906175913149347
29.436,46.09948497913291,16.66348497913291,0.446,0.6984770451383775
297.0,160.84416038056654,-136.15583961943346,4.5,2.4370327330388872
151.338,212.07086371866538,60.732863718665385,2.293,3.2131949048282635
148.5,43.76175186245762,-104.73824813754237,2.25,0.6630568464008731
91.07999999999998,120.80395932077059,29.723959320770604,1.38,1.8303630200116756
63.95399999999999,54.78258432714299,-9.171415672857002,0.969,0.8300391564718635
106.392,141.6326642327155,35.24066423271552,1.612,2.1459494580714473
95.238,82.02734247054451,-13.210657529455489,1.443,1.2428385222809775
297.0,208.5089027269689,-88.4910972730311,4.5,3.1592257988934684
80.85,84.31716325083087,3.467163250830879,1.225,1.2775327765277407
164.142,151.36967600773485,-12.772323992265143,2.487,2.2934799395111343
88.572,96.76440518597472,8.192405185974721,1.342,1.4661273513026474
229.746,228.32109368246336,-1.424906317536653,3.481,3.459410510340354
51.678,82.9710822542145,31.293082254214497,0.783,1.2571376099123408
71.14800000000001,66.00765693796174,-5.140343062038269,1.078,1.0001160142115417
96.95400000000001,91.39943890597883,-5.554561094021182,1.469,1.3848399834239218
124.27799999999998,138.200651268315,13.922651268315022,1.883,2.0939492616411366
107.25,100.19091074428042,-7.059089255719584,1.625,1.518044102186067
38.675999999999995,39.254064814288014,0.5780648142880196,0.586,0.5947585577922426
121.242,117.46214797779996,-3.7798520222000462,1.837,1.7797295148151508
119.064,124.0581349236542,4.994134923654201,1.804,1.8796687109644576
115.5,121.16945775328479,5.669457753284789,1.75,1.8359008750497696
90.55199999999999,153.74818819642852,63.19618819642852,1.372,2.3295180029761897
72.6,149.99061910714286,77.39061910714287,1.1,2.2725851379870132
154.04399999999998,173.83585496060925,19.79185496060927,2.334,2.633876590312261
84.67799999999998,90.26848488743975,5.5904848874397715,1.283,1.36770431647636
231.0,163.5933701964286,-67.4066298035714,3.5,2.4786874272186155
102.43199999999999,114.01042208757977,11.578422087579781,1.552,1.7274306376906026
169.422,189.98337085650337,20.561370856503373,2.567,2.878535922068233
56.693999999999996,72.78704930810572,16.093049308105726,0.859,1.1028340804258443
48.312,54.0088775983014,5.6968775983014055,0.732,0.818316327246991
170.478,156.2184718253637,-14.259528174636301,2.583,2.3669465428085408
41.448,51.55601264523808,10.108012645238077,0.628,0.7811517067460315
320.09999999999997,198.23040030917815,-121.86959969082181,4.85,3.0034909137754267
81.84,96.95176022201785,15.11176022201785,1.24,1.4689660639699675
104.60999999999999,112.13136957309786,7.521369573097871,1.585,1.6989601450469372
64.218,67.14503513715368,2.9270351371536805,0.973,1.0173490172296014
123.22200000000001,127.30054398258703,4.078543982587021,1.867,1.9287961209482885
227.10599999999997,239.04548354184723,11.939483541847267,3.441,3.6219012657855645
110.022,112.74917077538788,2.727170775387876,1.667,1.7083207693240587
71.874,73.96010983068335,2.0861098306833554,1.089,1.1206077247073236
318.714,299.2496903293444,-19.46430967065561,4.829,4.534086217111279
134.904,231.65643995476177,96.75243995476177,2.044,3.509946059920633
152.262,145.46679293863454,-6.79520706136546,2.307,2.2040423172520383
34.980000000000004,53.63134880680695,18.651348806806944,0.53,0.8125961940425295
117.80999999999997,113.37123415256102,-4.438765847438958,1.785,1.7177459720085004
330.00066,229.23240182985992,-100.76825817014006,5.00001,3.473218209543332
330.00066,291.48632151964256,-38.514338480357424,5.00001,4.4164594169642815
56.034,46.22519670117153,-9.808803298828472,0.849,0.7003817681995687
330.00066,246.12063054441987,-83.88002945558011,5.00001,3.7291004627942406
162.88799999999998,170.28617306323812,7.398173063238147,2.468,2.5800935312611837
103.15799999999999,107.97356253365973,4.815562533659744,1.563,1.635963068691814
154.83599999999998,124.77174333341189,-30.064256666588093,2.346,1.89048095959715
32.208,60.85510404021862,28.647104040218622,0.488,0.9220470309124034
96.228,106.48570855585533,10.25770855585533,1.458,1.6134198266038688
179.18999999999997,155.050788971559,-24.139211028440968,2.715,2.349254378356955
330.00066,252.0906914711423,-77.90996852885769,5.00001,3.819555931380944
57.75,96.12370235435193,38.373702354351934,0.875,1.456419732641696
45.605999999999995,39.05856972807395,-6.547430271926046,0.691,0.5917965110314235
91.93799999999999,88.37540194202134,-3.562598057978647,1.393,1.339021241545778
180.444,180.93758888538363,0.49358888538364454,2.734,2.74147861947551
151.602,151.94740579166663,0.34540579166662155,2.297,2.302233421085858
45.012,44.887911087516585,-0.12408891248341547,0.682,0.6801198649623725
75.43799999999999,91.8245865235239,16.386586523523917,1.143,1.3912816139927866
105.53399999999999,152.69086658079428,47.156866580794286,1.599,2.313497978496883
76.956,74.13919015644858,-2.8168098435514253,1.166,1.1233210629764936
138.534,130.3697826142665,-8.16421738573348,2.099,1.9752997365797955
45.474,43.60891126754017,-1.8650887324598244,0.689,0.6607410798112148
66.924,76.21943909989665,9.29543909989664,1.014,1.1548399863620704
141.24,143.76116718175354,2.521167181753526,2.14,2.1781995027538414
234.498,225.0648384308684,-9.433161569131585,3.553,3.410073309558612
59.598000000000006,86.71135940845413,27.113359408454123,0.903,1.3138084758856687
105.13799999999999,104.78766908997956,-0.35033091002043193,1.593,1.5876919559087814
42.174,55.09431406613658,12.920314066136584,0.639,0.8347623343354028
144.012,158.6185829808233,14.606582980823305,2.182,2.4033118633458077
167.37599999999998,193.38371508501115,26.00771508501117,2.536,2.930056289166836
53.65799999999999,80.53973774731868,26.881737747318695,0.813,1.2202990567775558
124.47599999999998,138.10627007340946,13.630270073409477,1.886,2.0925192435365068
109.16399999999999,149.1380577564988,39.97405775649881,1.654,2.2596675417651335
70.15799999999999,93.91694656322706,23.75894656322707,1.063,1.4229840388367738
138.66599999999997,158.34105594490427,19.6750559449043,2.101,2.399106908256125
97.416,98.35198863889309,0.9359886388930931,1.476,1.4901816460438346
74.25,158.79906735460082,84.54906735460082,1.125,2.4060464750697097
115.5,113.15834200355046,-2.341657996449541,1.75,1.7145203333871284
103.356,113.89081572364164,10.534815723641643,1.566,1.7256184200551765
77.41799999999999,90.89115877565546,13.473158775655463,1.173,1.3771387693281132
151.272,137.50091989812898,-13.771080101871007,2.292,2.0833472711837726
231.0,130.5417162169079,-100.4582837830921,3.5,1.9779047911652714
113.45400000000001,122.11385786195731,8.659857861957306,1.719,1.850209967605414
131.53799999999998,142.07150573085713,10.533505730857144,1.993,2.1525985716796536
166.05599999999998,209.12306128214283,43.067061282142845,2.516,3.168531231547619
198.0,209.11039584221916,11.110395842219162,3.0,3.1683393309427146
104.874,126.1183872646333,21.244387264633303,1.589,1.9108846555247472
143.088,160.73857538206198,17.650575382061987,2.168,2.4354329603342726
130.68,147.09731184085902,16.417311840859014,1.98,2.228747149103925
235.02599999999998,276.5035790287436,41.477579028743634,3.561,4.189448167102176
126.91799999999999,150.38684817245942,23.46884817245943,1.923,2.2785886086736276
207.57,158.76498670029434,-48.80501329970565,3.145,2.4055301015196116
33.0,43.67975469398966,10.679754693989658,0.5,0.6618144650604494
107.25,116.97631565507751,9.726315655077514,1.625,1.7723684190163262
110.286,110.6528994451639,0.36689944516389517,1.671,1.6765590825024834
91.60799999999999,80.3238993664646,-11.284100633535388,1.388,1.2170287782797669
97.416,104.70644664759067,7.29044664759067,1.476,1.5864613128422829
157.40999999999997,140.90373409096733,-16.506265909032635,2.385,2.1349050619843535
73.062,101.49822349297087,28.436223492970868,1.107,1.5378518711056193
220.308,218.3366784716605,-1.9713215283395016,3.338,3.308131491994856
126.786,134.2891678744854,7.503167874485399,1.921,2.0346843617346275
194.04,158.27637169694557,-35.76362830305442,2.94,2.398126843893115
101.96999999999998,97.30754638584374,-4.662453614156249,1.545,1.4743567634218748
100.25399999999999,108.18865719094488,7.93465719094489,1.519,1.6392220786506801
330.00066,319.9090895276057,-10.091570472394267,5.00001,4.847107417084936
213.11399999999998,171.73884281159837,-41.3751571884016,3.229,2.602103678963612
109.29599999999999,150.54227505952386,41.24627505952387,1.656,2.280943561507937
145.992,139.76393473634772,-6.228065263652269,2.212,2.117635374793147
112.46399999999998,118.76933294858507,6.3053329485850895,1.704,1.7995353477058345
131.142,149.33575983630953,18.19375983630954,1.987,2.262663027822872
107.25,86.24311809649333,-21.006881903506667,1.625,1.3067139105529293
271.392,232.5299086065476,-38.8620913934524,4.112,3.5231804334325396
221.42999999999998,202.85859202601117,-18.571407973988812,3.355,3.073615030697139
98.40599999999999,97.45358022883383,-0.9524197711661628,1.491,1.4765693974065732
251.78999999999996,256.0112532811412,4.22125328114123,3.815,3.878958383047594
121.374,117.90266510023207,-3.4713348997679248,1.839,1.7864040166701831
60.192,101.3673465042702,41.1753465042702,0.912,1.5358688864283365
271.59000000000003,251.02997770738136,-20.56002229261867,4.115,3.8034845107178996
145.39799999999997,174.84575543129708,29.44775543129711,2.203,2.6491781125954104
104.34599999999999,98.46636065549713,-5.879639344502863,1.581,1.4919145553863202
45.93599999999999,57.572773196879666,11.636773196879673,0.696,0.8723147454072677
178.53,194.79864723449245,16.268647234492448,2.705,2.9514946550680676
172.65599999999998,185.4469669319427,12.790966931942734,2.616,2.8098025292718596
257.07,227.76448560384665,-29.30551439615334,3.895,3.4509770546037375
49.5,65.56081132519033,16.06081132519033,0.75,0.9933456261392475
117.21600000000001,135.31191708333955,18.095917083339543,1.776,2.050180561868781
112.46399999999998,91.84417694133867,-20.61982305866131,1.704,1.3915784385051313
101.77199999999999,101.49582501055913,-0.27617498944086094,1.542,1.5378155304630172
87.05399999999999,98.54589829383042,11.491898293830431,1.319,1.4931196711186427
29.304000000000002,41.14347187973813,11.839471879738127,0.444,0.6233859375717898
95.69999999999999,96.0818465447664,0.3818465447664181,1.45,1.455785553708582
147.906,193.43090136721605,45.524901367216046,2.241,2.930771232836607
123.75,119.64660314191728,-4.103396858082718,1.875,1.8128273203320802
127.314,136.1893271304473,8.875327130447317,1.929,2.063474653491626
58.47599999999999,69.24584846865304,10.769848468653045,0.886,1.0491795222523188
121.374,127.18053315697532,5.80653315697532,1.839,1.9269777751056867
148.5,173.2245399165973,24.72453991659731,2.25,2.6246142411605655
120.648,104.1111597416793,-16.536840258320694,1.828,1.5774418142678683
90.81599999999999,118.46825706633815,27.652257066338166,1.376,1.7949735919142147
175.09799999999998,159.97906392908087,-15.11893607091912,2.653,2.4239252110466802
24.156,50.12140938032579,25.965409380325788,0.366,0.7594152936412998
82.82999999999998,97.2745938578979,14.444593857897914,1.255,1.4738574826954227
91.47599999999998,147.15652350394615,55.68052350394616,1.386,2.2296442955143356
321.48600000000005,262.37430662011894,-59.1116933798811,4.871,3.9753682821230143
117.87599999999999,112.46168217495396,-5.414317825046027,1.786,1.7039648814386965
88.77,119.95792860383118,31.187928603831182,1.345,1.817544372785321
202.422,228.43458181233297,26.012581812332968,3.067,3.4611300274595904
76.42799999999998,109.8294862397442,33.401486239744216,1.158,1.664083124844609
60.324,86.23496301916494,25.91096301916494,0.914,1.3065903487752264
139.194,135.838341092476,-3.355658907523974,2.109,2.058156683219334
171.072,183.25812280865497,12.186122808654972,2.592,2.7766382243735603
229.21799999999996,241.27048798809525,12.052487988095294,3.473,3.65561345436508
111.14399999999999,143.2954202587083,32.15142025870831,1.684,2.17114273119255
99.594,93.60036336052205,-5.993636639477941,1.509,1.4181873236442735
74.91,77.83481421673817,2.92481421673817,1.135,1.1793153669202752
199.71599999999998,184.7788706402785,-14.937129359721467,3.026,2.799679858186038
279.378,191.36220377121475,-88.01579622878523,4.233,2.8994273298668904
324.852,290.7434960889791,-34.108503911020875,4.922,4.405204486196654
125.79599999999998,122.74791824463358,-3.048081755366397,1.906,1.859816943100509
161.7,125.13688322721545,-36.56311677278454,2.45,1.8960133822305374
36.762,54.38114897185729,17.619148971857292,0.557,0.8239568026038985
55.44,89.12605837941301,33.68605837941301,0.84,1.3503948239305001
181.5,178.45905585161483,-3.040944148385165,2.75,2.7039250886608306
125.136,125.28085414500816,0.14485414500816773,1.896,1.898194759772851
182.094,168.45084774078958,-13.64315225921041,2.759,2.5522855718301454
211.06799999999998,217.41778555357143,6.349785553571451,3.198,3.29420887202381
192.522,152.43724259139003,-40.08475740860996,2.917,2.309655190778637
44.81400000000001,49.705105797952804,4.891105797952797,0.679,0.7531076636053455
124.73999999999998,123.78583866979916,-0.9541613302008187,1.89,1.8755430101484722
59.4,78.26202110838638,18.86202110838638,0.9,1.1857881986119148
221.1,210.7919863586465,-10.308013641353483,3.35,3.193817975131008
116.62199999999999,114.12646705531095,-2.4955329446890318,1.767,1.729188894777439
65.00999999999999,75.95428136735876,10.94428136735877,0.985,1.150822444959981
132.396,153.18393781173742,20.787937811737436,2.006,2.3209687547232942
39.73199999999999,56.03495165452095,16.30295165452096,0.602,0.8490144190078933
126.654,124.69910651785713,-1.9548934821428645,1.919,1.8893804017857143
126.12599999999999,133.43038010693488,7.304380106934886,1.911,2.0216724258626497
222.61800000000002,205.31588307838314,-17.302116921616886,3.373,3.1108467133088356
148.5,233.52188084647668,85.02188084647668,2.25,3.538210315855707
191.796,144.81334486736316,-46.982655132636836,2.906,2.1941415888994418
80.19,82.63383152404867,2.443831524048676,1.215,1.252027750364374
193.512,203.5337169380332,10.021716938033194,2.932,3.083844196030806
70.62,79.41066045494718,8.790660454947172,1.07,1.2031918250749574
175.82399999999998,149.9283030025501,-25.895696997449875,2.664,2.2716409545840923
50.754,84.73411844431416,33.980118444314165,0.769,1.2838502794593056
145.39799999999997,107.59688532714652,-37.801114672853444,2.203,1.6302558382900991
66.726,73.78365713055217,7.0576571305521725,1.011,1.1179341989477602
313.23600000000005,240.85771803355266,-72.37828196644739,4.746,3.6493593641447375
43.098,44.51062644152349,1.4126264415234928,0.653,0.6744034309321741
75.042,82.51654055242031,7.474540552420308,1.137,1.250250614430611
141.37199999999999,152.57952154043176,11.20752154043177,2.142,2.311810932430784
143.022,153.32332589737456,10.301325897374568,2.167,2.323080695414766
130.944,134.08588634485363,3.1418863448536456,1.984,2.0316043385583886
140.052,151.01952436995902,10.967524369959023,2.122,2.288174611666046
146.982,275.7394456298993,128.7574456298993,2.227,4.177870388331808
175.49399999999997,153.56483791046372,-21.92916208953625,2.659,2.32673996834036
24.75,57.38362485842035,32.63362485842035,0.375,0.8694488614912175
174.89999999999998,173.91413410714293,-0.9858658928570492,2.65,2.6350626379870143
71.74199999999999,76.22009501928156,4.478095019281568,1.087,1.1548499245345691
30.822,34.08819823326006,3.2661982332600594,0.467,0.5164878520190918
123.75,140.9948549691363,17.2448549691363,1.875,2.13628568135055
40.656,47.15744582573552,6.501445825735523,0.616,0.7145067549353867
226.38000000000002,214.80486387142992,-11.575136128570108,3.43,3.2546191495671204
109.55999999999997,129.74636496589565,20.186364965895677,1.66,1.965854014634783
330.00066,168.19066095158163,-161.80999904841835,5.00001,2.548343347751237
90.75,134.1518767024396,43.40187670243961,1.375,2.032604192461206
59.796,59.619859738121086,-0.1761402618789134,0.906,0.9033312081533499
50.82,60.6054255481838,9.785425548183802,0.77,0.9182640234573304
97.746,100.00614931883587,2.2601493188358717,1.481,1.5152446866490283
60.455999999999996,87.13170645115915,26.67570645115915,0.916,1.3201773704721083
99.594,125.15155215800807,25.55755215800808,1.509,1.8962356387576982
102.366,102.20406684110057,-0.16193315889942994,1.551,1.5485464672894027
58.872,55.308458333582934,-3.5635416664170663,0.892,0.8380069444482263
142.164,135.58119200769013,-6.582807992309853,2.154,2.054260484965002
36.366,45.84677581402269,9.480775814022692,0.551,0.6946481183942832
130.284,125.56117455434014,-4.722825445659851,1.974,1.9024420387021235
101.904,108.48720816102757,6.583208161027571,1.544,1.6437455781973873
93.52199999999999,114.89896714523431,21.376967145234318,1.417,1.7408934415944592
64.944,54.41689441503235,-10.52710558496765,0.984,0.8244984002277629
100.716,119.42018919632949,18.704189196329494,1.526,1.8093968060049925
72.336,75.88849666447696,3.552496664476962,1.096,1.1498257070375297
113.058,113.66784073413996,0.6098407341399508,1.713,1.7222400111233327
68.706,60.46146079936393,-8.244539200636076,1.041,0.916082739384302
101.57399999999998,102.01551080890387,0.4415108089038853,1.539,1.5456895577106649
178.2,163.20364741207584,-14.99635258792415,2.7,2.472782536546604
189.09,186.14548587877138,-2.9445141212286217,2.865,2.820386149678354
221.1,143.531197619586,-77.56880238041398,3.35,2.174715115448273
90.88199999999999,99.67054748866867,8.788547488668684,1.377,1.510159810434374
153.11999999999998,144.01070196884982,-9.10929803115016,2.32,2.181980332861361
259.908,216.90486164285713,-43.00313835714289,3.938,3.2864372976190475
46.397999999999996,60.00833579286389,13.610335792863893,0.703,0.9092172089827862
93.52199999999999,96.04380469766942,2.521804697669424,1.417,1.4552091620859002
103.15799999999999,102.24469601085441,-0.9133039891455752,1.563,1.5491620607705214
297.0,208.57047144017864,-88.42952855982136,4.5,3.160158658184525
131.868,123.64011489089027,-8.227885109109721,1.998,1.8733350741043981
62.89799999999999,74.52889015528868,11.63089015528869,0.953,1.1292256084134649
57.35399999999999,66.85978785432454,9.505787854324545,0.869,1.013027088701887
123.75,108.40578761867397,-15.344212381326031,1.875,1.6425119336162723
146.38799999999998,133.42860119751208,-12.959398802487897,2.218,2.021645472689577
38.808,50.12917036546946,11.321170365469463,0.588,0.759532884325295
88.70400000000001,98.8680136972367,10.164013697236697,1.344,1.4980002075338894
157.476,176.54542980081703,19.069429800817034,2.386,2.674930754557834
106.19399999999999,126.75665043381946,20.56265043381947,1.609,1.9205553096033252
90.024,116.51032441391943,26.486324413919434,1.364,1.765307945665446
95.03999999999999,104.39340897876863,9.353408978768641,1.44,1.5817183178601308
105.13799999999999,125.72715270070192,20.58915270070193,1.593,1.9049568591015444
102.49799999999999,112.47866743439668,9.980667434396693,1.553,1.7042222338544952
94.116,128.1958391252073,34.0798391252073,1.426,1.9423611988667773
79.66199999999999,81.1336478931032,1.47164789310321,1.207,1.2292976953500485
83.292,118.65115813877958,35.35915813877958,1.262,1.7977448202845392
140.844,142.33403802588145,1.4900380258814607,2.134,2.156576333725477
77.15400000000001,84.55573982485463,7.401739824854616,1.169,1.281147573103858
122.628,117.75904109213059,-4.868958907869413,1.858,1.784227895335312
234.96,259.1836327898351,24.22363278983508,3.56,3.9270247392399256
99.0,96.00223100276295,-2.9977689972370456,1.5,1.4545792576176206
58.674,56.55360444764341,-2.120395552356591,0.889,0.8568727946612638
171.00600000000003,166.1604097943856,-4.845590205614428,2.591,2.5175819665816
330.00066,273.46207989436795,-56.538580105632036,5.00001,4.143364846884363
84.216,77.84634599185678,-6.369654008143215,1.276,1.1794900907857087
46.13399999999999,67.5043244409173,21.370324440917308,0.699,1.0227927945593531
90.42,127.48925656517481,37.06925656517481,1.37,1.9316554025026487
180.642,180.39028033734326,-0.25171966265673973,2.737,2.733186065717322
60.720000000000006,66.14771803090896,5.427718030908956,0.92,1.002238151983469
78.078,103.2822866404695,25.20428664046949,1.183,1.5648831309162046
271.128,315.8612851678569,44.733285167856934,4.108,4.785777047997833
66.32999999999998,72.12283066296617,5.792830662966182,1.005,1.0927701615600935
325.314,255.50995037857138,-69.80404962142865,4.929,3.8713628845238093
78.21000000000001,77.72950110054298,-0.4804988994570323,1.185,1.1777197136445907
74.91,79.1234850165583,4.213485016558309,1.135,1.1988406820690654
59.333999999999996,141.47520951611546,82.14120951611545,0.899,2.143563780547204
330.00066,275.09575708187975,-54.90490291812023,5.00001,4.168117531543633
330.00066,329.7361086133199,-0.2645513866800684,5.00001,4.996001645656363
96.558,201.77012571382983,105.21212571382982,1.463,3.05712311687621
74.91,74.71212259193992,-0.19787740806008003,1.135,1.1320018574536352
181.5,160.7032293299202,-20.79677067007981,2.75,2.4348974140896997
67.64999999999999,74.59118736342306,6.941187363423069,1.025,1.13016950550641
97.086,118.11158399834373,21.025583998343734,1.471,1.7895694545203598
148.5,117.8863915891979,-30.6136084108021,2.25,1.7861574483211804
92.00399999999999,115.14934770221329,23.1453477022133,1.394,1.744687086397171
116.02799999999998,107.94592594269996,-8.08207405730002,1.758,1.635544332465151
37.61999999999999,50.08648626508691,12.466486265086921,0.57,0.7588861555316199
177.936,121.76898623831778,-56.16701376168223,2.696,1.844984639974512
180.11399999999998,164.75592997566073,-15.358070024339241,2.729,2.496301969328193
50.291999999999994,60.72833600155283,10.436336001552839,0.762,0.9201263030538309
319.50600000000003,281.0003251785714,-38.50567482142861,4.841,4.25758068452381
119.19600000000001,99.48939213706785,-19.70660786293216,1.806,1.5074150323798161
157.07999999999998,149.53113258802517,-7.548867411974811,2.38,2.2656232210306846
90.75,77.90147904812288,-12.84852095187712,1.375,1.180325440123074
122.95799999999998,99.91255210865033,-23.045447891349653,1.863,1.5138265471007626
127.314,134.647376881016,7.333376881015994,1.929,2.0401117709244847
55.76999999999999,44.71266188352756,-11.05733811647243,0.845,0.6774645739928419
71.016,105.4083694767915,34.3923694767915,1.076,1.597096507224114
36.63,42.36978032201684,5.739780322016834,0.555,0.6419663685154067
175.09799999999998,165.72053807222744,-9.377461927772544,2.653,2.5109172435185974
256.27799999999996,251.741488712581,-4.536511287418961,3.883,3.8142649804936517
318.58199999999994,260.76804537382543,-57.81395462617451,4.827,3.951030990512507
130.746,181.40764480928746,50.66164480928745,1.981,2.748600678928598
61.181999999999995,49.14411290922504,-12.037887090774952,0.927,0.7446077713518947
228.49200000000002,234.57007640653313,6.078076406533114,3.462,3.5540920667656537
25.607999999999997,47.155989842189264,21.547989842189267,0.388,0.7144846945786252
37.422,41.974764783729064,4.552764783729067,0.567,0.6359812846019556
81.642,102.0185822241471,20.3765822241471,1.237,1.5457360943052592
61.90799999999999,57.00222126835126,-4.905778731648724,0.938,0.8636700192174434
61.512,74.06819325071538,12.556193250715381,0.932,1.1222453522835665
29.04,45.3750443596059,16.335044359605902,0.44,0.687500672115241
45.672,73.79423017157764,28.12223017157764,0.692,1.1180943965390553
199.188,159.10674331305066,-40.08125668694933,3.018,2.410708232015919
167.772,133.31486029604062,-34.45713970395937,2.542,2.0199221256975854
138.46799999999996,158.5576837416191,20.089683741619126,2.098,2.402389147600289
121.76999999999998,128.81434622203966,7.044346222039678,1.845,1.9517325185157524
48.443999999999996,58.18569671400104,9.741696714001044,0.734,0.8816014653636521
223.73999999999998,204.61989238815568,-19.120107611844304,3.39,3.1003013998205406
61.446,60.47449871247409,-0.9715012875259106,0.931,0.9162802835223347
133.518,136.53751515476574,3.0195151547657417,2.023,2.0687502296176628
87.978,58.22294183550654,-29.755058164493455,1.333,0.8821657853864627
178.662,186.78929626510273,8.127296265102729,2.707,2.8301408525015566
158.532,183.2949028535487,24.762902853548695,2.402,2.777195497781041
91.93799999999999,87.63364264462747,-4.304357355372517,1.393,1.3277824643125373
37.61999999999999,47.33292921760758,9.712929217607588,0.57,0.7171655942061755
112.66199999999999,90.91116305242741,-21.75083694757258,1.707,1.3774418644307185
78.672,91.88502354876046,13.21302354876046,1.192,1.3921973264963707
117.018,121.86250825381532,4.84450825381532,1.773,1.8464016402093233
191.136,187.60272100367644,-3.53327899632356,2.896,2.8424654697526734
196.41599999999997,177.98983496852676,-18.426165031473204,2.976,2.696815681341315
72.53399999999999,87.94881904447033,15.414819044470335,1.099,1.3325578643101565
97.35,113.23781717706768,15.887817177067689,1.475,1.7157245026828438
51.942,62.803491778818035,10.861491778818035,0.787,0.9515680572548189
105.798,122.9839273676778,17.18592736767779,1.603,1.863392838904209
51.282000000000004,73.28884877141553,22.006848771415527,0.777,1.110437102597205
312.51,300.01683624851165,-12.49316375148834,4.735,4.5457096401289645
330.00066,317.81710949290255,-12.183550507097436,5.00001,4.815410749892463
87.84599999999999,93.44212643400196,5.596126434001974,1.331,1.4157897944545754
61.71000000000001,49.118202831034516,-12.591797168965492,0.935,0.7442151944096139
184.866,182.42778321763998,-2.43821678236003,2.801,2.764057321479394
169.422,141.48877100869967,-27.933228991300325,2.567,2.1437692577075707
190.07999999999998,169.5151543332907,-20.56484566670929,2.88,2.5684114292922833
106.326,116.73163457814306,10.405634578143065,1.611,1.7686611299718646
90.42,114.87246681013835,24.452466810138347,1.37,1.7404919213657326
40.92,62.56185828342754,21.64185828342754,0.62,0.9479069436882961
292.90799999999996,301.7045476929233,8.796547692923355,4.438,4.571281025650353
45.077999999999996,70.41819324313188,25.340193243131885,0.683,1.0669423218656346
172.986,163.832742855341,-9.153257144658994,2.621,2.482314285686985
72.20400000000001,85.85582454302865,13.651824543028638,1.094,1.300845826409525
270.138,261.0258073768427,-9.112192623157284,4.093,3.954936475406708
115.63199999999999,116.47979606526572,0.8477960652657259,1.752,1.7648453949282685
97.482,115.93053840108487,18.448538401084875,1.477,1.7565233091073467
189.75,123.38317340398316,-66.36682659601684,2.875,1.8694420212724723
61.512,76.72109464956641,15.20909464956641,0.932,1.1624408280237337
61.90799999999999,90.04137989588564,28.133379895885653,0.938,1.364263331755843
113.78399999999998,122.87349473443655,9.08949473443657,1.724,1.8617196171884327
210.27599999999998,199.735252996117,-10.540747003882984,3.186,3.026291712062379
122.23199999999999,120.7126875085984,-1.5193124914015783,1.852,1.8289801137666426
43.032000000000004,43.37133613025491,0.3393361302549067,0.652,0.6571414565190138
118.60199999999999,81.1702939857432,-37.43170601425679,1.797,1.2298529391779272
105.072,104.87644966319826,-0.1955503368017446,1.592,1.5890371161090646
100.25399999999999,124.4346841081523,24.180684108152306,1.519,1.8853740016386713
47.321999999999996,84.27279889204013,36.95079889204013,0.717,1.2768605892733353
161.832,103.90912416232622,-57.92287583767377,2.452,1.574380669126155
150.67799999999997,245.52403904906902,94.84603904906905,2.283,3.720061197713167
129.624,142.17939499951618,12.555394999516182,1.964,2.154233257568427
126.98399999999998,138.39757249143696,11.41357249143698,1.924,2.096932916536924
43.494,46.307892340940796,2.8138923409407965,0.659,0.7016347324384969
186.31799999999998,127.81055555034628,-58.507444449653704,2.823,1.9365235689446407
122.298,126.3121284063914,4.014128406391393,1.853,1.9138201273695667
58.47599999999999,62.92103902283512,4.445039022835125,0.886,0.9533490761035625
44.55,52.05917386098581,7.509173860985811,0.675,0.7887753615300881
94.64399999999999,61.51692044236954,-33.12707955763045,1.434,0.9320745521571142
78.80399999999999,69.31422447436952,-9.489775525630463,1.194,1.0502155223389322
142.42799999999997,193.949537915786,51.52153791578604,2.158,2.9386293623603943
169.884,182.07417356829387,12.190173568293886,2.574,2.758699599519604
246.44400000000002,173.02357258809766,-73.42042741190235,3.734,2.6215692816378438
100.51799999999999,83.48942129644921,-17.028578703550778,1.523,1.264991231764382
162.162,138.16900305323156,-23.992996946768443,2.457,2.0934697432307816
52.8,47.97578782427341,-4.824212175726586,0.8,0.7269058761253547
90.55199999999999,103.86418275326778,13.312182753267791,1.372,1.5736997386858755
176.154,171.97845904624435,-4.175540953755643,2.669,2.6057342279733993
260.89799999999997,236.3293045164242,-24.568695483575766,3.953,3.5807470381276394
146.58599999999998,153.77037818139735,7.1843781813973635,2.221,2.329854214869657
330.00066,183.5752024938187,-146.4254575061813,5.00001,2.7814424620275564
330.00066,258.6878718592054,-71.31278814079457,5.00001,3.9195132099879606
153.714,155.0745575924418,1.3605575924418076,2.329,2.349614508976391
171.402,221.22050664772866,49.81850664772867,2.597,3.351825858298919
142.362,120.11287246312894,-22.249127536871057,2.157,1.8198920070171052
160.512,157.4925227767882,-3.019477223211794,2.432,2.3862503451028516
146.124,125.5352897502567,-20.5887102497433,2.214,1.9020498447008591
74.25,84.34521706410253,10.095217064102528,1.125,1.2779578343045839
256.40999999999997,134.56589657877487,-121.8441034212251,3.885,2.0388772208905284
270.59999999999997,216.88757245677456,-53.7124275432254,4.1,3.28617534025416
107.57999999999997,135.77117303212793,28.191173032127963,1.63,2.057138985335272
330.0,307.9018267760131,-22.09817322398692,5.0,4.665179193575956
152.65800000000002,147.130565087034,-5.527434912966015,2.313,2.229250986167182
50.226,61.643136824544186,11.417136824544187,0.761,0.9339869215840029
302.676,194.42922953874424,-108.24677046125575,4.586,2.945897417253701
241.75799999999995,233.459377052956,-8.298622947043953,3.663,3.5372632886811517
195.88799999999998,143.81214512060998,-52.07585487938999,2.968,2.1789718957668183
38.675999999999995,35.52330758299703,-3.1526924170029673,0.586,0.5382319330757126
55.967999999999996,61.4750043117123,5.507004311712301,0.848,0.9314394592683681
77.41799999999999,120.76503918204558,43.34703918204559,1.173,1.8297733209400846
83.556,96.27267044960954,12.716670449609538,1.266,1.4586768249940838
112.72799999999998,115.12120315832372,2.393203158323743,1.708,1.744260653913996
98.53800000000001,91.94542342034906,-6.592576579650952,1.493,1.393112476065895
78.53999999999999,82.01690128844092,3.476901288440928,1.19,1.2426803225521352
247.5,230.50182365119042,-16.99817634880958,3.75,3.4924518735028856
188.034,197.30174748556388,9.267747485563888,2.849,2.9894204164479374
112.266,80.67952750322121,-31.586472496778796,1.701,1.2224170833821397
330.00066,225.24126744102637,-104.75939255897362,5.00001,3.412746476379188
65.142,95.7435215270936,30.60152152709361,0.987,1.4506594170771758
40.128,46.85230897701149,6.724308977011489,0.608,0.709883469348659
94.24799999999999,89.22722019559522,-5.020779804404768,1.428,1.3519275787211398
147.774,152.8338143152956,5.059814315295597,2.239,2.3156638532620546
90.75,141.6941238512865,50.94412385128649,1.375,2.1468806644134317
196.548,206.25309192032975,9.70509192032975,2.978,3.1250468472777237
74.38199999999999,79.67697502034683,5.29497502034684,1.127,1.2072268942476794
74.77799999999999,62.73430713378317,-12.043692866216823,1.133,0.9505198050573208
80.124,92.73741232828169,12.613412328281697,1.214,1.4051123080042682
163.944,173.7343987248292,9.790398724829203,2.484,2.632339374618624
269.14799999999997,281.7138754763412,12.565875476341205,4.078,4.268392052671836
235.35599999999997,262.471591427836,27.11559142783605,3.566,3.976842294361152
70.15799999999999,76.91422041796805,6.756220417968066,1.063,1.165366976029819
80.124,77.61179513771165,-2.5122048622883426,1.214,1.175936289965328
158.99399999999997,137.85732332610462,-21.13667667389535,2.409,2.088747323122797
163.08599999999998,117.77410659674105,-45.311893403258935,2.471,1.7844561605566827
91.014,68.83768269839315,-22.176317301606844,1.379,1.0429951923998964
56.95799999999999,50.22099990535808,-6.737000094641914,0.863,0.7609242409902739
330.00066,253.3786929433822,-76.62196705661779,5.00001,3.8390711052027604
142.75799999999998,154.2689846974941,11.51098469749411,2.163,2.3374088590529407
201.696,216.67355159546713,14.977551595467133,3.056,3.2829325999313204
104.478,137.68271513466075,33.20471513466076,1.583,2.086101744464557
298.38599999999997,265.37161826014733,-33.01438173985264,4.521,4.020782094850718
62.699999999999996,93.69472066223351,30.99472066223351,0.95,1.4196169797308107
69.762,60.98758069720878,-8.774419302791223,1.057,0.9240542529880118
55.83599999999999,52.77602583114076,-3.0599741688592346,0.846,0.7996367550172843
158.46599999999998,112.22105149483352,-46.24494850516646,2.401,1.7003189620429322
107.25,108.9134737066714,1.6634737066713967,1.625,1.6502041470707787
63.756,85.58997876131221,21.83397876131221,0.966,1.296817860019882
60.852000000000004,58.178119285418276,-2.6738807145817276,0.922,0.8814866558396709
150.612,139.5923958104654,-11.01960418953459,2.282,2.115036300158567
75.042,98.40052717322997,23.358527173229973,1.137,1.4909170783822723
45.53999999999999,46.684290290819106,1.1442902908191144,0.69,0.7073377316790774
330.00066,290.6474827788264,-39.35317722117361,5.00001,4.403749739073127
148.5,136.09882227648765,-12.401177723512347,2.25,2.0621033678255705
114.83999999999999,100.79248970833336,-14.047510291666626,1.74,1.5271589349747479
330.00066,306.4454094821425,-23.555250517857473,5.00001,4.643112264880947
166.97999999999996,229.1595401771883,62.17954017718833,2.53,3.4721142451089135
183.21599999999998,233.8708018240683,50.65480182406833,2.776,3.543496997334368
188.232,179.5753854490194,-8.656614550980606,2.852,2.720839173469991
59.598000000000006,70.39807218819176,10.800072188191756,0.903,1.066637457396845
125.334,109.39906232678511,-15.93493767321489,1.899,1.6575615504058352
208.956,182.795311407677,-26.160688592322998,3.166,2.7696259304193487
199.254,184.00472033506898,-15.24927966493101,3.019,2.787950308107106
61.446,63.362275322802176,1.9162753228021785,0.931,0.9600344745879118
62.172,66.18988865933663,4.017888659336634,0.942,1.00287710089904
141.10799999999998,143.87410257960494,2.7661025796049614,2.138,2.1799106451455295
123.75,122.4090831120672,-1.3409168879328064,1.875,1.8546830774555638
330.00066,256.89566155120724,-73.10499844879274,5.00001,3.892358508351625
214.962,230.04140812144237,15.079408121442384,3.257,3.485475880627915
198.0,145.68544666991485,-52.31455333008515,3.0,2.2073552525744673
94.974,108.60376772632885,13.62976772632885,1.439,1.645511632217104
330.00066,312.77161596607124,-17.229044033928744,5.00001,4.738963878273807
174.30599999999998,174.43993043924232,0.1339304392423344,2.641,2.6430292490794294
41.118,64.51210002376534,23.39410002376534,0.623,0.9774560609661416
91.60799999999999,83.18779969472612,-8.420200305273866,1.388,1.2604212074958503
69.56400000000001,78.7367473569231,9.172747356923097,1.054,1.192981020559441
41.91,44.886915722259054,2.976915722259058,0.635,0.6801047836705918
330.00066,133.07925696076785,-196.92140303923213,5.00001,2.016352378193452
64.54799999999999,74.19329865222801,9.645298652228021,0.978,1.1241408886701214
84.084,91.8522554235396,7.7682554235396,1.274,1.3917008397506
89.29799999999999,98.53600856837612,9.23800856837613,1.353,1.4929698267935776
103.026,100.47268956012628,-2.5533104398737123,1.561,1.5223134781837317
294.888,314.91771325240586,20.029713252405884,4.468,4.771480503824331
42.9,59.072938969196315,16.172938969196316,0.65,0.8950445298363079
100.18799999999999,115.53806410104505,15.350064101045064,1.518,1.750576728803713
126.85199999999999,132.59402660714287,5.742026607142876,1.922,2.0090004031385282
101.04599999999999,130.04039127847895,28.994391278478957,1.531,1.9703089587648328
109.42799999999998,117.40500741593243,7.977007415932448,1.658,1.778863748726249
167.772,199.62507708068392,31.85307708068393,2.542,3.0246223800103627
154.572,185.22395569343513,30.651955693435127,2.342,2.8064235711126537
74.25,70.50605480721839,-3.7439451927816094,1.125,1.0682735576851272
78.342,77.96688736863713,-0.37511263136286743,1.187,1.1813164752823808
158.99399999999997,162.6483545538369,3.6543545538369244,2.409,2.464369008391468
186.978,235.69502333999833,48.71702333999832,2.833,3.571136717272702
297.0,126.31999616999771,-170.6800038300023,4.5,1.9139393359090562
34.385999999999996,39.83563990459178,5.449639904591784,0.521,0.603570301584724
36.894000000000005,47.974148874138365,11.08014887413836,0.559,0.726881043547551
58.146,80.67945115999495,22.533451159994954,0.881,1.2224159266665904
164.274,132.05941141283728,-32.21458858716272,2.489,2.000900172921777
45.275999999999996,100.0953455595238,54.81934555952381,0.686,1.51659614484127
103.15799999999999,112.2725324279608,9.11453242796081,1.563,1.7010989761812243
179.982,203.01494223214286,23.032942232142858,2.727,3.075983973214286
224.664,226.4110575309902,1.7470575309902188,3.404,3.430470568651367
144.40800000000002,139.78438323921588,-4.623616760784131,2.188,2.11794520059418
46.266,53.21635777034366,6.950357770343665,0.701,0.8063084510658131
330.00066,212.61201048839294,-117.38864951160704,5.00001,3.221394098308984
107.25,144.051577,36.80157700000001,1.625,2.182599651515152
73.78800000000001,73.63705325000002,-0.15094674999998858,1.118,1.1157129280303035
72.732,93.8926303802962,21.160630380296197,1.102,1.4226156118226698
48.971999999999994,41.418125057364044,-7.55387494263595,0.742,0.6275473493540007
68.112,76.01403708133385,7.902037081333859,1.032,1.1517278345656645
113.586,135.38540915085431,21.799409150854316,1.721,2.0512940780432474
87.12,74.093269464097,-13.026730535902999,1.32,1.1226252949105606
109.75799999999998,83.8954749320818,-25.862525067918185,1.663,1.271143559576997
70.818,70.4294496057406,-0.3885503942593971,1.073,1.0671128728142516
71.21399999999998,62.91675903424777,-8.297240965752216,1.079,0.9532842277916329
62.43599999999999,73.93980464539717,11.503804645397182,0.946,1.1203000703848056
43.626,65.8700647028437,22.24406470284371,0.661,0.9980312833764199
104.41199999999999,109.01560175376734,4.60360175376735,1.582,1.6517515417237476
63.227999999999994,71.27679796439787,8.048797964397878,0.958,1.0799514843090587
77.21999999999998,77.22458863770679,0.004588637706802956,1.17,1.1700695248137394
112.794,117.47977551707253,4.685775517072528,1.709,1.7799965987435233
61.314,81.98503799363017,20.671037993630172,0.929,1.242197545358033
107.25,106.05239902639926,-1.1976009736007427,1.625,1.606854530703019
127.90799999999999,109.29496562565959,-18.6130343743404,1.938,1.6559843276615092
88.836,70.61260587328248,-18.223394126717523,1.346,1.0698879677770072
81.246,50.31086177591398,-30.935138224086018,1.231,0.7622857844835451
76.362,97.48744160714212,21.125441607142122,1.157,1.4770824485930625
55.10999999999999,66.61295096013784,11.502950960137845,0.835,1.0092871357596642
41.052,36.32132583460312,-4.730674165396877,0.622,0.550323118706108
49.10399999999999,65.19602824821564,16.092028248215648,0.744,0.9878186098214492
118.86599999999999,123.39645275848369,4.530452758483705,1.801,1.8696432236133895
129.22799999999998,151.71661807153566,22.488618071535683,1.958,2.2987366374475102
330.00066,326.54941673749954,-3.451243262500441,5.00001,4.947718435416659
95.238,89.82386731289189,-5.414132687108108,1.443,1.360967686558968
82.764,72.17847178348866,-10.585528216511335,1.254,1.0936132088407373
53.327999999999996,54.58806059290947,1.2600605929094755,0.808,0.8270918271652951
43.494,47.819066950358746,4.325066950358746,0.659,0.724531317429678
104.21399999999998,109.42397042038071,5.209970420380728,1.579,1.6579389457633442
330.00066,205.07938604999995,-124.92127395000003,5.00001,3.1072634249999993
119.328,154.81974363614373,35.491743636143724,1.808,2.345753691456723
155.892,168.35211019485948,12.460110194859482,2.362,2.550789548406962
67.98,74.3183929337568,6.3383929337567935,1.03,1.1260362565720727
143.154,115.5622457806804,-27.591754219319597,2.169,1.750943117889097
252.97799999999998,199.77236688615446,-53.20563311384552,3.833,3.026854043729613
330.00066,169.18459532499267,-160.8160646750073,5.00001,2.563402959469586
55.10999999999999,55.09154653953419,-0.018453460465799765,0.835,0.8347204021141545
141.504,138.86391910848408,-2.6400808915159075,2.144,2.1039987743709707
66.0,74.27487288393422,8.274872883934222,1.0,1.1253768618777913
52.008,60.45319970795658,8.445199707956576,0.788,0.9159575713326754
64.416,65.25370001240823,0.8377000124082343,0.976,0.9886924244304278
117.744,158.8226583560274,41.078658356027404,1.784,2.406403914485264
189.486,221.3874511954215,31.901451195421515,2.871,3.35435532114275
178.266,226.44258551891022,48.17658551891023,2.701,3.430948265438034
122.42999999999999,139.97134338012444,17.541343380124445,1.855,2.1207779300018856
59.796,77.86769462598805,18.07169462598805,0.906,1.179813554939213
140.976,121.34656432670943,-19.629435673290573,2.136,1.838584307980446
82.03800000000001,77.99552692318369,-4.0424730768163215,1.243,1.1817504079270258
135.29999999999998,83.5012439823558,-51.79875601764418,2.05,1.2651703633690274
169.422,182.6963161604398,13.27431616043981,2.567,2.7681260024309062
259.182,283.35094116440285,24.16894116440284,3.927,4.293196078248529
87.978,85.98328832310015,-1.9947116768998399,1.333,1.302777095804548
123.486,124.09194188728227,0.6059418872822704,1.871,1.8801809376860952
168.564,208.8088550863096,40.2448550863096,2.554,3.1637705316107514
229.284,225.50536306147188,-3.778636938528109,3.474,3.4167479251738166
113.322,118.93973068490368,5.617730684903677,1.717,1.80211713158945
74.25,134.96071477931318,60.71071477931318,1.125,2.044859314838079
54.516,61.99561441983634,7.479614419836345,0.826,0.9393274912096417
32.07599999999999,33.74736160376896,1.6713616037689647,0.486,0.5113236606631661
88.506,170.81255508988176,82.30655508988175,1.341,2.58806901651336
149.028,140.94093369020428,-8.087066309795716,2.258,2.1354686922758224
330.00066,314.7716093761902,-15.22905062380977,5.00001,4.769266808730155
310.2,284.80587265245225,-25.394127347547737,4.7,4.315240494734125
149.028,139.25153834232987,-9.776461657670126,2.258,2.1098717930656044
104.28,142.83438505511458,38.55438505511458,1.58,2.1641573493199178
77.286,89.74179585479699,12.455795854796989,1.171,1.3597241796181363
274.758,267.07825194707465,-7.6797480529253335,4.163,4.046640181016283
79.728,82.82331174716853,3.0953117471685374,1.208,1.254898662835887
149.35799999999998,151.82956609811836,2.4715660981183873,2.263,2.300447971183612
80.65199999999999,85.4316432176359,4.779643217635908,1.222,1.294418836630847
66.0,75.07265781308124,9.072657813081236,1.0,1.1374645123194127
151.47,120.30176276891795,-31.168237231082045,2.295,1.8227539813472418
129.22799999999998,57.76294088070571,-71.46505911929427,1.958,0.8751960739500866
56.099999999999994,163.25163014772212,107.15163014772213,0.85,2.4735095476927595
174.70199999999997,149.58438482211085,-25.11761517788912,2.647,2.2664300730622857
300.62999999999994,283.0886142529762,-17.541385747023753,4.555,4.289221428075397
116.16,121.02142202282454,4.8614220228245415,1.76,1.8336579094367356
53.526,61.24371672335199,7.717716723351984,0.811,0.9279351018689695
109.824,132.5944555204849,22.7704555204849,1.664,2.0090069018255288
54.516,54.72249928040262,0.20649928040262466,0.826,0.8291287769757973
179.652,145.98778069027443,-33.66421930972555,2.722,2.2119360710647644
178.926,242.74965373845004,63.82365373845005,2.711,3.6780250566431825
158.004,158.5827285505955,0.578728550595514,2.394,2.4027686144029623
113.38799999999999,130.87241603104545,17.484416031045455,1.718,1.9829153944097797
80.38799999999999,64.52741620657888,-15.860583793421114,1.218,0.9776881243421043
114.576,104.74920353467331,-9.82679646532668,1.736,1.5871091444647472
157.938,175.37418123893946,17.43618123893947,2.393,2.657184564226356
38.808,51.462203493219086,12.654203493219086,0.588,0.779730355957865
189.75,167.79261282137784,-21.957387178622156,2.875,2.542312315475422
46.66199999999999,67.95187008583869,21.2898700858387,0.707,1.0295737891793741
119.92199999999998,115.86281584804549,-4.059184151954497,1.817,1.755497209818871
75.042,87.20615218233814,12.164152182338142,1.137,1.3213053360960325
147.906,153.5218815872487,5.615881587248708,2.241,2.326089114958314
231.85799999999995,273.18762942912076,41.329629429120814,3.513,4.13920650650183
198.85799999999998,175.49353804671006,-23.36446195328992,3.013,2.6589930007077283
53.262,109.54950471811394,56.28750471811394,0.807,1.6598409805774839
100.716,106.40122027279135,5.685220272791355,1.526,1.6121397011028993
156.684,164.83423063010486,8.150230630104858,2.374,2.4974883428803767
118.404,109.77374177162353,-8.630258228376462,1.794,1.6632385116912658
330.00066,318.2693818464282,-11.731278153571793,5.00001,4.822263361309519
112.332,138.67114369047613,26.339143690476135,1.702,2.101077934704184
109.098,98.93925556218059,-10.158744437819408,1.653,1.499079629730009
149.094,153.8896931174363,4.795693117436315,2.259,2.3316620169308533
105.40199999999999,105.20239848370319,-0.199601516296795,1.597,1.5939757346015635
239.90999999999994,273.69814671704853,33.78814671704859,3.635,4.146941616924979
87.18599999999999,98.3953095415875,11.209309541587501,1.321,1.4908380233573864
248.688,259.0590198428571,10.371019842857095,3.768,3.9251366642857137
63.95399999999999,52.90501965750264,-11.048980342497352,0.969,0.8015912069318583
208.69199999999998,242.1020972846177,33.410097284617734,3.162,3.6682135952214807
213.708,224.52893993749996,10.820939937499958,3.238,3.401953635416666
255.75,270.2049151506769,14.454915150676925,3.875,4.094013865919347
98.40599999999999,98.80021478798785,0.39421478798786325,1.491,1.4969729513331493
330.00066,326.80377674999943,-3.1968832500005533,5.00001,4.951572374999992
148.5,94.87929876938546,-53.62070123061454,2.25,1.4375651328694767
118.00799999999998,136.6724950967824,18.664495096782417,1.788,2.070795380254279
57.75,69.3929945799619,11.642994579961893,0.875,1.0514090087873016
85.866,77.34951941726223,-8.51648058273777,1.301,1.1719624154130641
330.00066,288.9705015157732,-41.030158484226774,5.00001,4.37834093205717
230.34000000000003,202.43396413517235,-27.906035864827686,3.49,3.0671812747753386
48.18,49.8363537114382,1.6563537114382,0.73,0.7550962683551243
161.50199999999998,185.93812500833337,24.43612500833339,2.447,2.8172443183080818
181.76399999999998,146.3185233777578,-35.44547662224218,2.754,2.2169473239054214
162.492,165.09266493055554,2.6006649305555527,2.462,2.5014040140993266
155.892,161.95189407625477,6.059894076254778,2.362,2.4538165769129514
153.25199999999998,202.38398016637547,49.131980166375484,2.322,3.06642394191478
35.178,56.15455350541127,20.976553505411275,0.533,0.8508265682638072
107.64599999999999,96.18474057544384,-11.461259424556147,1.631,1.4573445541733916
47.784,66.37592888447986,18.591928884479863,0.724,1.0056958921890888
154.77,145.52454375411617,-9.245456245883844,2.345,2.204917329607821
99.0,116.25757659947213,17.25757659947213,1.5,1.7614784333253355
76.62599999999999,70.63991089642059,-5.986089103579403,1.161,1.070301680248797
119.65799999999999,130.31992037514297,10.661920375142984,1.813,1.9745442481082267
79.86,97.62310874191243,17.763108741912433,1.21,1.4791380112410975
58.542,70.14505423380696,11.603054233806958,0.887,1.0628038520273784
120.44999999999999,122.68626194864575,2.2362619486457618,1.825,1.858882756797663
130.284,136.6995219047619,6.415521904761903,1.974,2.0712048773448775
84.54599999999999,92.60791183864637,8.061911838646381,1.281,1.40315017937343
50.49,64.92909556380042,14.439095563800414,0.765,0.9837741752090972
198.0,200.13048296838215,2.130482968382154,3.0,3.0322800449754874
330.00066,283.03521147916666,-46.96544852083332,5.00001,4.2884122951388886
105.798,102.16423989515796,-3.6337601048420396,1.603,1.5479430287145146
221.496,226.28610787153823,4.7901078715382255,3.356,3.4285773919930036
104.016,100.3525664654244,-3.663433534575603,1.576,1.5204934312943093
125.79599999999998,142.90838571428577,17.112385714285793,1.906,2.1652785714285723
119.328,146.30847961997958,26.980479619979576,1.808,2.2167951457572665
68.77199999999999,71.60993087133755,2.837930871337562,1.042,1.0849989525960235
73.78800000000001,87.5145532688833,13.726553268883293,1.118,1.3259780798315652
128.106,133.4045915384465,5.298591538446516,1.941,2.0212816899764627
167.50799999999998,233.86665695564872,66.35865695564874,2.538,3.543434196297708
85.46999999999998,149.29357966071427,63.82357966071429,1.295,2.262023934253247
77.616,115.14138787999447,37.52538787999447,1.176,1.7445664830302192
224.268,246.50673896296766,22.23873896296766,3.398,3.734950590347995
226.314,213.41722140799823,-12.896778592001766,3.429,3.233594263757549
129.03,129.7432904655874,0.7132904655873915,1.955,1.9658074312967788
55.30799999999999,55.74365234807738,0.4356523480773902,0.838,0.8446007931526877
62.172,76.75346736375734,14.58146736375734,0.942,1.162931323693293
92.79599999999999,82.8119199887955,-9.984080011204497,1.406,1.2547260604362953
106.19399999999999,159.00995222879388,52.81595222879389,1.609,2.409241700436271
111.73799999999999,107.89532152634821,-3.842678473651773,1.693,1.6347775988840638
182.094,173.3543209560773,-8.739679043922706,2.759,2.6265806205466258
96.49199999999999,97.76692235814389,1.2749223581438969,1.462,1.4813170054264226
133.518,130.46525992584603,-3.0527400741539736,2.023,1.9767463625128188
101.64,97.04427611868564,-4.595723881314356,1.54,1.4703678199800856
89.43,96.15679693866943,6.726796938669423,1.355,1.4569211657374157
155.694,154.0027415705918,-1.6912584294081796,2.359,2.333374872281694
85.008,83.05702514916996,-1.9509748508300362,1.288,1.2584397749874237
164.736,123.55300073985968,-41.182999260140306,2.496,1.872015162725147
198.0,185.39672291048373,-12.603277089516268,3.0,2.8090412562194507
88.506,119.74810938307756,31.242109383077562,1.341,1.8143652936829935
203.676,222.61592383630952,18.939923836309532,3.086,3.3729685429743865
231.0,216.61425267535802,-14.385747324641983,3.5,3.2820341314448185
73.12800000000001,93.58876165181447,20.46076165181445,1.108,1.4180115401790072
125.92799999999998,160.15231088541665,34.22431088541667,1.908,2.4265501649305556
71.808,68.73204076211299,-3.0759592378870195,1.088,1.041394557001712
95.30399999999999,109.15200403640736,13.848004036407374,1.444,1.6538182429758692
107.51399999999998,91.20767503008189,-16.306324969918094,1.629,1.3819344701527558
108.17399999999999,111.71663406388036,3.542634063880371,1.639,1.692676273695157
64.68,61.54932166456893,-3.130678335431078,0.98,0.932565479766196
87.582,93.01566118175465,5.433661181754658,1.327,1.4093281997235554
186.84599999999998,191.1796440406546,4.333644040654633,2.831,2.896661273343252
268.75199999999995,214.80625562418086,-53.94574437581909,4.072,3.254640236730013
163.81199999999998,175.42210786831328,11.610107868313293,2.482,2.657910725277474
42.57,69.0988207513709,26.528820751370894,0.645,1.0469518295662257
330.00066,208.43698617294328,-121.5636738270567,5.00001,3.158136154135504
128.30399999999997,198.73810529375004,70.43410529375006,1.944,3.0111834135416675
90.75,106.22597466018009,15.475974660180086,1.375,1.6094844645481832
84.01799999999999,82.64369120940609,-1.3743087905939007,1.273,1.2521771395364558
56.297999999999995,59.81067956069219,3.5126795606921988,0.853,0.9062224175862454
128.63400000000001,130.3216014762451,1.687601476245078,1.949,1.974569719337047
145.926,167.23696470238093,21.310964702380943,2.211,2.533893404581529
126.85199999999999,126.96159007338892,0.10959007338892945,1.922,1.923660455657408
266.97,196.49357047566397,-70.47642952433606,4.045,2.977175310237333
48.51,52.62563695534594,4.115636955345941,0.735,0.7973581356870597
154.242,138.0567079790845,-16.185292020915483,2.337,2.091768302713402
78.40799999999999,73.65946181279715,-4.74853818720284,1.188,1.1160524517090478
46.199999999999996,83.86369042128011,37.663690421280116,0.7,1.2706619760800018
120.648,113.14023221821677,-7.50776778178323,1.828,1.7142459427002543
330.00066,324.3346341570942,-5.66602584290581,5.00001,4.914161123592336
104.082,132.58723111534178,28.505231115341786,1.577,2.008897441141542
163.61399999999998,205.5189047114145,41.90490471141453,2.479,3.1139227986577955
330.00066,249.52115728571422,-80.47950271428576,5.00001,3.7806235952380947
236.21399999999997,182.7147386398453,-53.49926136015466,3.579,2.7684051309067472
37.553999999999995,36.6164826892197,-0.9375173107802937,0.569,0.5547951922609047
199.584,221.35412223765232,21.770122237652316,3.024,3.3538503369341264
82.764,89.86836326890374,7.1043632689037395,1.254,1.3616418677106628
255.024,181.86849523488692,-73.15550476511308,3.864,2.7555832611346505
115.89599999999999,105.67759124686478,-10.218408753135208,1.756,1.6011756249524969
72.93,91.94871828446475,19.01871828446474,1.105,1.393162398249466
255.222,300.521418705357,45.299418705357,3.867,4.553354828869045
90.75,112.27271270457219,21.522712704572186,1.375,1.7011017076450332
150.94199999999998,163.3532174801833,12.411217480183325,2.287,2.4750487496997473
98.60399999999998,116.77450263327933,18.17050263327934,1.494,1.7693106459587777
48.641999999999996,47.65879015266378,-0.9832098473362194,0.737,0.7221028811009663
330.00066,281.72991669821414,-48.27074330178584,5.00001,4.268635101488093
87.18599999999999,101.36554760728924,14.179547607289251,1.321,1.5358416304134734
57.089999999999996,76.71230049958037,19.62230049958037,0.865,1.1623075833269754
275.814,231.27512716615306,-44.538872833846966,4.179,3.5041685934265616
113.91599999999998,125.85953127706037,11.943531277060387,1.726,1.9069625951069753
65.802,55.88642575604505,-9.915574243954957,0.997,0.8467640266067432
47.849999999999994,74.86278351473285,27.01278351473286,0.725,1.1342845987080736
119.328,130.22322880597147,10.89522880597147,1.808,1.9730792243329014
203.54399999999998,173.1306922577738,-30.41330774222618,3.084,2.623192306935967
190.278,172.7800895457394,-17.49791045426059,2.883,2.6178801446324154
199.45199999999997,248.47176211101606,49.01976211101609,3.022,3.7647236683487284
190.60799999999998,229.06820612499993,38.46020612499996,2.888,3.470730395833333
66.0,87.98212529011626,21.982125290116258,1.0,1.333062504395701
153.78,144.4506087900488,-9.329391209951211,2.33,2.188645587728012
90.35399999999998,91.04350758169828,0.6895075816982938,1.369,1.379447084571186
138.20399999999998,156.1490286128254,17.94502861282541,2.094,2.365894372921597
162.75600000000003,182.8114084979472,20.055408497947184,2.466,2.769869825726473
43.032000000000004,73.12634989906688,30.094349899066877,0.652,1.1079749984707103
324.19199999999995,226.09894992759246,-98.0930500724075,4.912,3.425741665569583
235.422,182.63508716202801,-52.78691283797198,3.567,2.767198290333758
108.43799999999999,155.74981352533388,47.31181352533389,1.643,2.3598456594747557
58.211999999999996,62.39775111763974,4.185751117639747,0.882,0.9454204714793901
102.89399999999999,86.08144804573375,-16.81255195426624,1.559,1.3042643643292995
126.522,109.79569640096527,-16.726303599034736,1.917,1.663571157590383
55.70399999999999,105.27797225106818,49.573972251068184,0.844,1.5951207916828511
125.46600000000001,142.09226883928574,16.62626883928573,1.901,2.1529131642316024
74.25,71.21889370166632,-3.0311062983336825,1.125,1.079074146994944
76.032,108.77602848822482,32.74402848822483,1.152,1.6481216437609825
115.236,130.42772257043197,15.191722570431963,1.746,1.976177614703515
74.91,113.55885108966973,38.64885108966973,1.135,1.720588652873784
100.58399999999999,152.0350184667981,51.45101846679812,1.524,2.303560885860578
165.198,158.28096903273808,-6.917030967261923,2.503,2.3981965004960317
121.242,130.1775605171883,8.935560517188307,1.837,1.9723872805634595
330.00066,189.0213791785545,-140.97928082144549,5.00001,2.863960290584159
205.194,192.44920065755133,-12.744799342448658,3.109,2.915896979659869
152.196,133.52333552941144,-18.672664470588558,2.306,2.0230808413547186
45.21,78.53979437092536,33.32979437092536,0.685,1.18999688440796
176.48399999999998,186.51835400097843,10.034354000978453,2.674,2.8260356666814914
95.898,118.35100754972258,22.453007549722585,1.453,1.793197084086706
186.11999999999998,179.3441168486042,-6.775883151395789,2.82,2.71733510376673
186.186,95.14924089027858,-91.03675910972143,2.821,1.441655165004221
125.268,124.50391761621195,-0.7640823837880504,1.898,1.8864229941850297
167.904,161.50971434659897,-6.3942856534010275,2.544,2.4471168840393784
106.72200000000001,107.22391622800204,0.5019162280020311,1.617,1.6246047913333643
124.60799999999999,106.55073500104221,-18.057264998957777,1.888,1.614405075773367
330.00066,230.97059986087487,-99.03006013912511,5.00001,3.4995545433465893
62.303999999999995,53.33523207932269,-8.968767920677308,0.944,0.8081095769594346
226.248,156.08177802498082,-70.16622197501917,3.428,2.3648754246209216
126.38999999999999,191.01821095765814,64.62821095765815,1.915,2.894215317540275
138.33599999999998,127.07752552598924,-11.25847447401074,2.096,1.9254170534240795
155.1,124.9023899044209,-30.197610095579094,2.35,1.8924604530972864
152.724,227.72426131259272,75.00026131259273,2.314,3.450367595645344
85.93199999999999,107.95131482142855,22.019314821428566,1.302,1.635625982142857
137.412,129.96723333453423,-7.444766665465778,2.082,1.9692005050687005
330.00066,328.83236648831985,-1.1682935116801332,5.00001,4.982308583156362
111.276,134.88527367018662,23.609273670186624,1.686,2.0437162677301
150.54600000000002,143.46221209634032,-7.083787903659697,2.281,2.173669880247581
83.75399999999999,114.39650121136341,30.642501211363424,1.269,1.7332803213842944
89.43,92.52425761126369,3.0942576112636857,1.355,1.401882691079753
103.422,130.5905572178145,27.16855721781451,1.567,1.9786448063305229
137.676,155.66050701254608,17.98450701254609,2.086,2.3584925304931224
288.222,164.77801092452313,-123.44398907547685,4.367,2.4966365291594412
46.85999999999999,34.0806229908517,-12.779377009148291,0.71,0.5163730756189652
58.608000000000004,58.47562567248873,-0.13237432751127187,0.888,0.8859943283710414
225.45599999999996,249.8457115773555,24.38971157735554,3.416,3.785541084505387
79.332,74.21066766293977,-5.121332337060224,1.202,1.1244040554990875
97.812,104.98172686354212,7.169726863542124,1.482,1.5906322252051839
330.00066,266.44697690254765,-63.553683097452335,5.00001,4.037075407614358
247.5,150.38592460279307,-97.11407539720693,3.75,2.2785746151938344
90.75,99.51291763624224,8.762917636242236,1.375,1.5077714793370036
42.768,66.6670955025582,23.899095502558197,0.648,1.0101075076145183
152.988,164.70376322276988,11.71576322276988,2.318,2.495511563981362
106.062,107.49164861739514,1.429648617395145,1.607,1.6286613426878052
165.65999999999997,155.18630294654525,-10.473697053454714,2.51,2.351307620402201
94.05,128.52897815476197,34.478978154761975,1.425,1.947408759920636
116.48999999999998,130.2017215968329,13.711721596832916,1.765,1.9727533575277711
116.886,149.75688801981946,32.87088801981946,1.771,2.2690437578760525
205.78799999999998,234.73642906347018,28.9484290634702,3.118,3.55661256156773
55.83599999999999,82.8420452391804,27.006045239180402,0.846,1.2551825036239455
80.916,78.99574798110265,-1.9202520188973438,1.226,1.1969052724409495
130.81199999999998,147.6391611510371,16.827161151037103,1.982,2.2369569871369257
330.0,298.9333465598647,-31.066653440135326,5.0,4.529293129694919
184.668,194.69519903169368,10.02719903169367,2.798,2.9499272580559652
128.7,144.5043972193875,15.80439721938751,1.95,2.1894605639301137
133.848,119.90596912189555,-13.942030878104461,2.028,1.8167571079075084
233.70599999999996,234.14592053521392,0.43992053521395746,3.541,3.5476654626547566
171.27,181.32261492077728,10.052614920777273,2.595,2.7473123472845042
330.00066,186.463461057943,-143.537198942057,5.00001,2.8252039554233788
179.784,191.61666735644323,11.832667356443238,2.724,2.9032828387339884
121.374,120.47152127293258,-0.9024787270674182,1.839,1.825326079892918
188.62800000000001,163.53432781462877,-25.093672185371247,2.858,2.4777928456761935
148.5,138.4958011080221,-10.004198891977893,2.25,2.0984212289094257
193.116,172.26662640722617,-20.849373592773844,2.926,2.6101004001094874
36.432,34.26660179491348,-2.1653982050865253,0.552,0.5191909362865679
172.92000000000002,142.2623129869199,-30.657687013080107,2.62,2.155489590710908
104.874,106.05097804455794,1.1769780445579414,1.589,1.6068330006751204
113.586,137.03199642206536,23.445996422065363,1.721,2.0762423700312937
126.522,135.22851674893823,8.706516748938228,1.917,2.048916920438458
148.5,147.05798147311233,-1.442018526887665,2.25,2.2281512344410963
71.478,79.99034451582463,8.512344515824637,1.083,1.2119749169064338
74.976,69.48520239953672,-5.4907976004632815,1.136,1.0528060969626776
66.0,87.48815238582597,21.48815238582597,1.0,1.3255780664519086
126.522,143.7741742173785,17.25217421737848,1.917,2.1783965790511894
77.35199999999999,57.02383738054346,-20.328162619456528,1.172,0.8639975360688403
72.996,71.36105090528646,-1.6349490947135337,1.106,1.081228044019492
52.931999999999995,57.65822153753829,4.726221537538294,0.802,0.8736094172354287
64.746,90.46103539546887,25.715035395468874,0.981,1.370621748416195
167.50799999999998,167.09271739342967,-0.41528260657031524,2.538,2.531707839294389
31.745999999999995,33.84332886978302,2.097328869783027,0.481,0.5127777101482276
127.248,113.34862066712564,-13.89937933287436,1.928,1.7174033434412976
87.648,79.71499086160297,-7.933009138397026,1.328,1.2078028918424693
129.55800000000002,121.20529451376969,-8.352705486230334,1.963,1.8364438562692378
211.72799999999998,176.7267102994294,-35.00128970057057,3.208,2.677677428779234
210.80399999999997,206.10219528365386,-4.701804716346118,3.194,3.122760534600816
134.44199999999998,170.4109342494547,35.96893424945472,2.037,2.5819838522644654
136.686,166.90002994537812,30.214029945378115,2.071,2.528788332505729
52.734,70.46749390571475,17.733493905714745,0.799,1.0676893016017386
330.00066,278.59757744358825,-51.40308255641173,5.00001,4.221175415811944
217.79999999999998,143.59460022650367,-74.20539977349631,3.3,2.175675761007631
91.73999999999998,97.40085085631995,5.660850856319968,1.39,1.4757704675199992
123.75,127.29056859601455,3.540568596014552,1.875,1.9286449787274933
295.878,236.09131899867222,-59.786681001327764,4.483,3.5771411969495794
116.35799999999999,119.04143493362213,2.683434933622138,1.763,1.8036581050548808
116.094,73.7998143915139,-42.29418560848609,1.759,1.118179005932029
68.77199999999999,90.10861862863867,21.336618628638675,1.042,1.3652821004339193
107.052,106.72275640389526,-0.32924359610474596,1.622,1.6170114606650798
110.088,106.64814358422498,-3.4398564157750116,1.668,1.6158809633973483
106.392,103.72788664874072,-2.6641133512592745,1.612,1.5716346461930413
101.04599999999999,106.89539969913334,5.849399699133343,1.531,1.6196272681686872
103.55399999999999,74.0722254641847,-29.48177453581529,1.569,1.122306446427041
104.34599999999999,113.35030453548956,9.004304535489567,1.581,1.717428856598327
50.754,58.837263000000014,8.083263000000017,0.769,0.8914736818181821
109.16399999999999,108.47423885186974,-0.6897611481302448,1.654,1.643549073513178
48.51,108.99415770392798,60.484157703927984,0.735,1.651426631877697
78.14399999999999,114.78047031471979,36.6364703147198,1.184,1.7390980350715122
93.98399999999998,103.68859569782656,9.704595697826576,1.424,1.571039328754948
184.998,187.307180940638,2.309180940638015,2.803,2.837987590009667
70.752,95.24987541389851,24.497875413898512,1.072,1.443179930513614
120.97799999999998,123.07422886788025,2.0962288678802707,1.833,1.8647610434527313
65.20799999999998,44.549562914503326,-20.658437085496658,0.988,0.6749933774924747
154.77,141.9975305275299,-12.772469472470107,2.345,2.1514777352656047
94.71000000000001,101.665749387867,6.955749387866987,1.435,1.5403901422404092
71.28,100.45229446233759,29.17229446233759,1.08,1.5220044615505697
64.54799999999999,67.5736941534054,3.0256941534054107,0.978,1.0238438508091727
46.529999999999994,53.69445908289347,7.164459082893472,0.705,0.8135524103468708
149.094,128.63852621978515,-20.455473780214845,2.259,1.9490685790876536
158.268,164.63429736492677,6.366297364926766,2.398,2.494459050983739
90.024,128.63825074886523,38.61425074886523,1.364,1.9490644052858368
119.19600000000001,113.5807475293492,-5.615252470650816,1.806,1.7209204171113517
158.136,138.02056798840871,-20.11543201159128,2.396,2.0912207270971015
175.362,177.88326874935407,2.5212687493540784,2.657,2.69520104165688
134.772,121.09076393206851,-13.68123606793148,2.042,1.8347085444252804
80.85,120.7941681049655,39.9441681049655,1.225,1.830214668257053
134.64,170.6789589273809,36.03895892738092,2.04,2.586044832233044
128.898,124.47438321476878,-4.423616785231218,1.953,1.8859755032540726
142.42799999999997,138.3579389134547,-4.07006108654528,2.158,2.0963324077796166
330.00066,325.1499439374996,-4.850716062500396,5.00001,4.926514302083327
50.028,46.522663681287725,-3.505336318712274,0.758,0.7048888436558747
175.164,216.76741089335835,41.60341089335836,2.654,3.28435471050543
180.642,274.5493932064659,93.90739320646588,2.737,4.159839291007059
76.82399999999998,73.34907916807946,-3.474920831920528,1.164,1.1113496843648403
39.20399999999999,52.28153411116574,13.077534111165747,0.594,0.7921444562297839
90.42,67.2574040492241,-23.162595950775895,1.37,1.0190515765033956
78.672,50.772982091507664,-27.899017908492333,1.192,0.7692876074470859
161.172,174.6951673719769,13.52316737197691,2.442,2.6468964753329836
112.19999999999999,100.18592070595295,-12.014079294047036,1.7,1.5179684955447417
184.998,206.53038901216354,21.53238901216355,2.803,3.1292483183661144
188.1,251.82133485711995,63.721334857119956,2.85,3.8154747705624237
67.716,117.63827979089956,49.922279790899566,1.026,1.7823981786499936
79.53,70.20714861120048,-9.32285138879952,1.205,1.06374467592728
238.656,262.29172266366515,23.63572266366515,3.616,3.974117010055533
300.498,289.5250242678571,-10.972975732142913,4.553,4.386742791937229
140.844,153.52602897743571,12.68202897743572,2.134,2.3261519542035716
104.28,138.194663192525,33.91466319252501,1.58,2.093858533220076
143.22,136.988629586417,-6.231370413582994,2.17,2.075585296763894
42.042,39.36259949809791,-2.6794005019020943,0.637,0.5964030226984531
161.238,187.5272190360591,26.28921903605911,2.443,2.8413215005463504
99.72599999999998,107.35214895970708,7.626148959707095,1.511,1.6265477115107134
73.12800000000001,70.16348673747345,-2.964513262526566,1.108,1.0630831323859613
286.308,309.04536053749973,22.73736053749974,4.338,4.68250546268939
48.114,62.1293701378497,14.0153701378497,0.729,0.9413540929977227
71.61,91.56569192786681,19.95569192786681,1.085,1.3873589686040426
298.71599999999995,282.012148017857,-16.703851982142965,4.526,4.272911333603894
308.61600000000004,319.21885084116514,10.602850841165093,4.676,4.836649255169169
173.778,149.4272999654436,-24.350700034556382,2.633,2.2640499994764185
176.088,131.32284444940476,-44.76515555059524,2.668,1.9897400674152237
330.00066,319.8713409258201,-10.129319074179875,5.00001,4.846535468573032
47.717999999999996,47.69345120424306,-0.02454879575693525,0.723,0.7226280485491373
99.98999999999998,106.65344859685315,6.663448596853172,1.515,1.615961342376563
67.98,82.34973838138325,14.369738381383243,1.03,1.2477233088088373
252.18599999999998,260.32327724472367,8.137277244723691,3.821,3.94429207946551
113.91599999999998,138.8836438871337,24.96764388713372,1.726,2.104297634653541
61.644,58.58933591040695,-3.0546640895930466,0.934,0.8877172107637417
63.69,119.56095015152776,55.870950151527765,0.965,1.8115295477504207
174.768,191.90347643071382,17.135476430713823,2.648,2.9076284307683915
103.818,116.35946099110141,12.541460991101417,1.573,1.7630221362288094
330.00066,283.5772205973213,-46.423439402678696,5.00001,4.296624554504868
92.26799999999999,114.16701377815859,21.899013778158604,1.398,1.7298032390630091
208.296,190.17455783318331,-18.121442166816678,3.156,2.8814326944421715
153.05399999999997,162.33564645891687,9.281646458916896,2.319,2.4596310069532863
105.20400000000001,133.48175666752792,28.27775666752791,1.594,2.0224508585989076
63.35999999999999,80.6134402619979,17.253440261997902,0.96,1.2214157615454226
123.75,122.98083193535703,-0.7691680646429688,1.875,1.8633459384145006
151.73399999999998,139.88476929786188,-11.849230702138101,2.299,2.119466201482756
77.68199999999999,101.97961094589553,24.297610945895542,1.177,1.5451456203923566
111.93599999999999,128.28280233115376,16.346802331153768,1.696,1.9436788231992996
86.32799999999999,110.91077815184717,24.58277815184718,1.308,1.6804663356340481
103.884,118.68196782689536,14.79796782689536,1.574,1.798211633740839
62.105999999999995,78.73258036271022,16.62658036271023,0.941,1.1929178842834882
47.98199999999999,52.573694024680414,4.591694024680422,0.727,0.7965711215860669
330.00066,326.77346568216757,-3.2271943178324136,5.00001,4.9511131163964786
63.227999999999994,82.2382001697775,19.010200169777505,0.958,1.2460333359057199
64.35,65.90391700942023,1.553917009420232,0.975,0.9985441971124278
52.008,52.072438530042014,0.06443853004201117,0.788,0.788976341364273
192.72,220.88910196580238,28.169101965802383,2.92,3.3468045752394304
28.049999999999997,63.20749758604105,35.15749758604105,0.425,0.9576893573642584
123.75,112.912873629918,-10.837126370082004,1.875,1.7108011156048182
144.012,139.33096402532487,-4.681035974675126,2.182,2.1110752125049226
57.75,82.94502747359945,25.195027473599453,0.875,1.2567428405090826
96.558,99.34515040795817,2.7871504079581655,1.463,1.50522955163573
90.68400000000001,101.05637894015277,10.372378940152757,1.374,1.5311572566689815
182.62199999999999,144.54786412092318,-38.074135879076806,2.767,2.1901191533473208
119.13,101.3713790384145,-17.758620961585493,1.805,1.5359299854305228
102.49799999999999,114.87596485482426,12.37796485482427,1.553,1.7405449220427918
182.15999999999997,120.70035660272971,-61.459643397270256,2.76,1.8287932818595412
50.028,48.692627327009845,-1.3353726729901538,0.758,0.7377670807122704
110.61599999999999,107.56571838463576,-3.050281615364227,1.676,1.6297836118884206
193.84199999999998,150.55173588332036,-43.29026411667962,2.937,2.281086907323036
148.76399999999998,118.70598968761172,-30.058010312388262,2.254,1.7985756013274503
330.00066,330.0006599999994,-5.684341886080801e-13,5.00001,5.000009999999992
147.774,146.68056131618155,-1.093438683818448,2.239,2.222432747214872
58.937999999999995,78.45346972206569,19.515469722065696,0.893,1.1886889351828134
194.36999999999998,249.58201723590508,55.21201723590511,2.945,3.7815457156955317
129.22799999999998,118.5930790154616,-10.634920984538383,1.958,1.7968648335676
110.748,115.32805656063577,4.580056560635768,1.678,1.7473947963732694
91.014,67.44188212153091,-23.572117878469086,1.379,1.0218466988110744
105.072,115.5169696007347,10.444969600734694,1.592,1.750257115162647
50.885999999999996,135.0091335168067,84.12313351680672,0.771,2.045592932072829
114.24600000000001,133.71230581232797,19.46630581232796,1.731,2.0259440274595146
119.92199999999998,110.41166639343867,-9.510333606561318,1.817,1.6729040362642222
175.362,149.76483395051156,-25.597166049488436,2.657,2.2691641507653264
63.821999999999996,58.90630745892294,-4.915692541077057,0.967,0.8925198099836809
108.37199999999999,98.8974461856202,-9.474553814379789,1.642,1.4984461543275789
165.0,221.49959180170538,56.49959180170538,2.5,3.3560544212379604
286.90200000000004,252.93579967857147,-33.96620032142857,4.347,3.8323606011904774
330.00066,318.5408408947365,-11.459819105263477,5.00001,4.826376377192977
61.11599999999999,66.08439724679054,4.968397246790552,0.926,1.001278746163493
159.72,138.72255394268362,-20.99744605731638,2.42,2.101856877919449
154.96799999999996,138.83715244153126,-16.1308475584687,2.348,2.10359321881108
111.40799999999999,91.29247101683586,-20.115528983164126,1.688,1.3832192578308464
101.904,126.84064320182131,24.936643201821312,1.544,1.921827927300323
42.24,60.082901209504335,17.842901209504333,0.64,0.910346988022793
52.8,84.06209782814405,31.26209782814405,0.8,1.2736681489112736
212.652,232.22234170384613,19.57034170384614,3.222,3.5185203288461535
244.46399999999997,204.3151294469968,-40.14887055300318,3.704,3.0956837794999514
119.65799999999999,141.1184220003232,21.460422000323206,1.813,2.1381579090958063
75.37199999999999,75.44210313772805,0.07010313772806853,1.142,1.1430621687534555
74.25,112.76251624283299,38.51251624283299,1.125,1.7085229733762575
104.34599999999999,106.0692635451241,1.7232635451241123,1.581,1.6071100537140015
183.282,201.7302913660484,18.44829136604838,2.777,3.0565195661522484
101.77199999999999,100.63692964611208,-1.1350703538879117,1.542,1.5248019643350317
69.3,65.34086681246913,-3.959133187530867,1.05,0.9900131335222596
189.09,147.98638521314336,-41.10361478685664,2.865,2.2422179577748995
125.532,77.07977233012618,-48.45222766987382,1.902,1.1678753383352452
41.646,48.450624325907405,6.804624325907405,0.631,0.7341003685743547
125.334,128.56511589298623,3.2311158929862245,1.899,1.9479563014088825
37.68599999999999,47.75029638265096,10.064296382650966,0.571,0.7234893391310752
186.186,153.42934807128685,-32.756651928713154,2.821,2.324687091989195
231.0,179.11897659184447,-51.88102340815553,3.5,2.7139238877552194
114.774,104.37561614989744,-10.398383850102562,1.739,1.5814487295439006
144.40800000000002,117.02710732414982,-27.38089267585019,2.188,1.7731379897598458
148.5,196.6581498578727,48.1581498578727,2.25,2.9796689372404956
66.792,75.99838300351182,9.206383003511817,1.012,1.151490651568361
108.70199999999998,146.05098163936907,37.348981639369086,1.647,2.212893661202562
87.12,89.44026737874262,2.3202673787426136,1.32,1.3551555663445851
162.03,115.0244191482211,-47.0055808517789,2.455,1.7427942295185015
167.772,143.0420217823973,-24.729978217602678,2.542,2.1673033603393534
198.99,182.0020209560575,-16.987979043942516,3.015,2.7576063781220834
124.41,173.08193141685524,48.671931416855244,1.885,2.622453506315989
121.44000000000001,112.26869076092237,-9.171309239077644,1.84,1.7010407691048843
67.18799999999999,75.7184925110234,8.53049251102341,1.018,1.1472498865306577
145.662,222.37230931043945,76.71030931043944,2.207,3.369277413794537
330.00066,316.49826518749984,-13.502394812500143,5.00001,4.7954282604166645
133.452,152.58929764283053,19.137297642830532,2.022,2.3119590551944023
255.948,210.3244193288691,-45.623580671130895,3.878,3.186733626194987
75.37199999999999,61.75297495047233,-13.619025049527657,1.142,0.9356511356132172
31.349999999999998,73.0014918975236,41.6514918975236,0.475,1.1060832105685394
102.16799999999999,113.89916159343741,11.73116159343742,1.548,1.7257448726278397
293.17199999999997,280.52141851998715,-12.650581480012818,4.442,4.250324523030108
330.00066,132.32261134600117,-197.67804865399881,5.00001,2.0048880506969877
68.508,79.53480279726452,11.026802797264523,1.038,1.2050727696555232
44.55,106.32470808928572,61.774708089285724,0.675,1.6109804255952382
103.488,109.1390451670823,5.651045167082302,1.568,1.6536218964709442
221.1,199.4917709910715,-21.608229008928504,3.35,3.0226025907738103
49.896,56.929325052373215,7.033325052373215,0.756,0.8625655310965639
61.446,74.86817600683078,13.422176006830782,0.931,1.1343663031337996
111.276,117.21410715234273,5.938107152342738,1.686,1.7759713204900414
263.208,261.2388480360903,-1.9691519639097237,3.988,3.9581643641831867
222.09000000000003,224.9816704532017,2.8916704532016695,3.365,3.4088131886848743
152.394,130.82653113932534,-21.567468860674666,2.309,1.9822201687776566
166.84799999999998,129.64929114614637,-37.19870885385362,2.528,1.9643831991840357
238.78799999999998,249.62801952351032,10.840019523510335,3.618,3.782242720053187
196.944,158.12082141455667,-38.823178585443316,2.984,2.395770021432677
73.59,87.03796381378623,13.447963813786231,1.115,1.3187570274816098
99.92399999999999,82.45174757966798,-17.472252420332012,1.514,1.2492689027222421
66.396,77.95205071987526,11.556050719875259,1.006,1.1810916775738676
155.49599999999998,147.3040718308831,-8.191928169116892,2.356,2.231879876225501
160.182,153.25740575413494,-6.924594245865052,2.427,2.322081905365681
44.088,53.25816602895408,9.170166028954078,0.668,0.8069419095296073
330.00066,250.6145030986263,-79.38615690137368,5.00001,3.7971894408882774
246.84000000000003,242.36505686904763,-4.474943130952397,3.74,3.6721978313492065
151.79999999999998,170.76248403639045,18.962484036390464,2.3,2.587310364187734
93.12599999999999,98.4858728546995,5.359872854699503,1.411,1.4922101947681743
112.398,198.2506810186234,85.8526810186234,1.703,3.0037981972518697
159.39,160.8281651492131,1.4381651492131198,2.415,2.4367903810486835
39.797999999999995,39.581233644542046,-0.2167663554579491,0.603,0.5997156612809401
277.2,170.93334661980157,-106.26665338019842,4.2,2.5898991912091147
148.302,147.9414263579834,-0.3605736420165897,2.247,2.2415367629997487
99.98999999999998,121.78217090088324,21.792170900883264,1.515,1.8451844075891402
54.18599999999999,72.46285334381655,18.276853343816555,0.821,1.0979220203608568
68.77199999999999,81.28730669402647,12.515306694026478,1.042,1.2316258590004012
238.524,259.51558709358983,20.99158709358983,3.614,3.9320543499028764
123.75,202.99915531944353,79.24915531944353,1.875,3.0757447775673263
194.89799999999997,188.42543708433436,-6.4725629156656055,2.953,2.854930864914157
142.69199999999998,148.5064309665241,5.814430966524128,2.162,2.250097438886729
43.758,48.070017074772665,4.312017074772662,0.663,0.7283335920420101
64.68,119.80476744209996,55.12476744209995,0.98,1.8152237491227268
115.5,100.19582547619048,-15.304174523809522,1.75,1.518118567821068
303.59999999999997,276.884881165524,-26.71511883447596,4.6,4.19522547220491
80.916,80.52393246922233,-0.3920675307776662,1.226,1.2200595828670049
221.56199999999998,189.27392877108517,-32.288071228914816,3.357,2.867786799561897
114.312,200.56320803398896,86.25120803398896,1.732,3.0388364853634693
153.912,159.67962211687347,5.7676221168734685,2.332,2.4193882138920224
55.571999999999996,81.41171727993365,25.83971727993366,0.842,1.2335108678777826
63.35999999999999,68.76437274819546,5.404372748195463,0.96,1.041884435578719
52.536,50.764884518142836,-1.7711154818571657,0.796,0.7691649169415582
294.75600000000003,258.05152868770267,-36.70447131229736,4.466,3.909871646783374
119.262,128.81984166587924,9.557841665879238,1.807,1.951815782816352
67.25399999999999,52.045678538437826,-15.208321461562164,1.019,0.7885708869460277
51.083999999999996,72.87678596007868,21.79278596007868,0.774,1.1041937266678588
330.00066,264.9059203214284,-65.09473967857156,5.00001,4.013726065476189
160.644,169.5977337169762,8.953733716976188,2.434,2.569662632075397
93.32399999999998,100.00791294144,6.683912941440013,1.414,1.5152714082036365
140.57999999999998,140.13246549099298,-0.4475345090069993,2.13,2.1232191741059543
330.00066,176.95825152770473,-153.04240847229525,5.00001,2.681185629207648
163.68,177.68405990468224,14.004059904682236,2.48,2.692182725828519
105.99600000000001,123.6215586049019,17.625558604901897,1.606,1.8730539182560897
94.71000000000001,132.28959441176468,37.579594411764674,1.435,2.0043877941176467
132.0,183.2045601632712,51.204560163271196,2.0,2.7758266691404727
67.25399999999999,89.07108572021899,21.817085720218998,1.019,1.349561904851803
145.79399999999998,138.8965629094698,-6.89743709053019,2.209,2.104493377416209
167.50799999999998,238.81483648392853,71.30683648392855,2.538,3.6184066133928567
100.056,157.94204505931097,57.88604505931097,1.516,2.393061288777439
88.044,84.00476029482066,-4.039239705179341,1.334,1.2727993984063737
96.49199999999999,101.50593569366127,5.013935693661281,1.462,1.5379687226312315
194.04,171.61653053671554,-22.423469463284448,2.94,2.6002504626775087
56.36399999999999,65.61264121311474,9.248641213114752,0.854,0.9941309274714355
137.478,129.11963695549608,-8.358363044503932,2.083,1.9563581356893345
204.402,206.27174517306335,1.8697451730633645,3.097,3.125329472319142
66.0,87.41163541980453,21.411635419804526,1.0,1.3244187184818867
114.44399999999999,157.20162675468347,42.757626754683486,1.734,2.3818428296164162
58.608000000000004,64.58087781148049,5.972877811480487,0.888,0.9784981486587954
220.70399999999998,213.86178769999998,-6.8422123,3.344,3.2403301166666667
62.172,65.96936676468418,3.7973667646841847,0.942,0.9995358600709725
99.92399999999999,65.07968105786995,-34.844318942130045,1.514,0.9860557736040901
257.72999999999996,277.6657563624999,19.935756362499944,3.905,4.207056914583331
76.956,183.75957626442306,106.80357626442306,1.166,2.7842360040064102
101.04599999999999,104.36971904802239,3.3237190480223973,1.531,1.5813593795154908
115.236,115.83288727312653,0.5968872731265265,1.746,1.7550437465625233
56.034,66.4496355221811,10.415635522181098,0.849,1.0068126594269864
82.5,88.23595249210561,5.735952492105611,1.25,1.3369083710925094
107.25,93.56827307585317,-13.68172692414683,1.625,1.4177011072098966
330.00066,301.33378307324546,-28.666876926754526,5.00001,4.565663379897659
65.472,65.88442113518913,0.4124211351891347,0.992,0.9982488050786232
301.95,197.97236896071428,-103.97763103928571,4.575,2.9995813478896105
330.00066,311.23996977857115,-18.76069022142883,5.00001,4.715757117857139
98.20799999999998,131.76070874999996,33.55270874999998,1.488,1.9963743749999996
78.80399999999999,78.68967237013958,-0.11432762986041212,1.194,1.1922677631839331
218.13000000000002,160.64455840340673,-57.48544159659329,3.305,2.4340084606576777
42.702000000000005,44.465785455927794,1.7637854559277883,0.647,0.6737240220595121
122.03399999999998,120.54079047977811,-1.4932095202218676,1.849,1.8263756133299716
54.384,50.38552730625443,-3.998472693745569,0.824,0.7634170803977944
264.26399999999995,260.1685456795183,-4.095454320481679,4.004,3.9419476618108833
330.00066,326.8006550168913,-3.20000498310867,5.00001,4.951525076013505
28.709999999999997,58.424312612208794,29.714312612208797,0.435,0.8852168577607393
73.19399999999999,90.93911622306618,17.74511622306619,1.109,1.3778653973191846
41.778,39.429937105161045,-2.3480628948389537,0.633,0.5974232894721371
217.536,222.12586407211538,4.589864072115375,3.296,3.3655433950320512
60.983999999999995,77.16027603388807,16.176276033888072,0.924,1.1690950914225466
330.00066,222.8727666515654,-107.12789334843458,5.00001,3.376860100781294
114.97200000000001,140.48451893605872,25.51251893605871,1.742,2.1285533172130107
133.05599999999998,145.61619382046294,12.560193820462956,2.016,2.2063059669767116
86.65799999999999,126.39195168286746,39.73395168286747,1.313,1.9150295709525373
160.512,152.26446411045112,-8.247535889548885,2.432,2.307037335006835
127.90799999999999,178.20953283571424,50.301532835714255,1.938,2.7001444369047616
181.03799999999998,146.33294364406368,-34.70505635593631,2.743,2.217165812788844
143.54999999999998,167.00831315415678,23.458313154156798,2.175,2.5304289871841936
72.20400000000001,81.37989771213327,9.175897712133263,1.094,1.2330287532141404
125.20199999999998,123.8217929267725,-1.3802070732274814,1.897,1.8760877716177653
125.136,126.01575323365303,0.8797532336530338,1.896,1.9093295944492883
102.762,114.26458610992623,11.502586109926227,1.557,1.7312816077261552
116.35799999999999,111.29339171046509,-5.0646082895349025,1.763,1.6862635107646227
158.334,152.6301903397528,-5.703809660247202,2.399,2.312578641511406
72.732,71.61408572149213,-1.1179142785078682,1.102,1.085061904871093
133.65,109.82296412462554,-23.827035875374463,2.025,1.663984304918569
98.736,118.37051194448775,19.63451194448774,1.496,1.7934926052195113
148.76399999999998,184.1890429197711,35.42504291977113,2.254,2.790743074541987
180.18,182.50119122321428,2.321191223214271,2.73,2.765169563988095
182.95199999999997,181.8501278742045,-1.1018721257954667,2.772,2.7553049677909778
104.80799999999999,81.29705857233024,-23.51094142766975,1.588,1.2317736147322766
42.965999999999994,40.187634910697824,-2.77836508930217,0.651,0.6089035592529973
91.806,76.7841834382967,-15.021816561703304,1.391,1.1633967187620713
96.95400000000001,84.328885404412,-12.625114595588002,1.469,1.2777103849153335
90.15599999999999,94.38781659233733,4.2318165923373385,1.366,1.4301184332172323
292.90799999999996,266.3026050837912,-26.605394916208752,4.438,4.034887955815019
31.349999999999998,51.521555260617234,20.171555260617236,0.475,0.7806296251608672
245.652,225.00641661163007,-20.645583388369914,3.722,3.4091881304792437
34.65,59.71202835569272,25.062028355692725,0.525,0.9047277023589807
53.65799999999999,88.7917652507976,35.13376525079761,0.813,1.3453297765272363
123.94799999999998,131.61111504169702,7.66311504169704,1.878,1.9941078036620763
157.938,110.73792184859826,-47.200078151401726,2.393,1.6778473007363375
85.27199999999999,115.99044733571431,30.718447335714316,1.292,1.7574310202380956
76.62599999999999,130.5658294940476,53.9398294940476,1.161,1.978270143849206
180.84,204.6701377959505,23.830137795950492,2.74,3.101062693878038
94.64399999999999,88.93141434816681,-5.71258565183318,1.434,1.3474456719419214
57.75,58.2488089272422,0.4988089272422016,0.875,0.8825577110188213
147.31199999999998,148.19350481566443,0.8815048156644423,2.232,2.245356133570673
148.63199999999998,152.8071820941572,4.175182094157236,2.252,2.315260334759958
83.556,81.78623111782453,-1.7697688821754696,1.266,1.2391853199670382
159.852,157.11326729186422,-2.7387327081357853,2.422,2.380504049876731
132.0,195.45880111607144,63.45880111607144,2.0,2.961496986607143
45.144000000000005,67.06847080289805,21.924470802898043,0.684,1.0161889515590614
88.044,105.69582596514422,17.651825965144226,1.334,1.6014519085627914
118.66799999999999,140.7554400040942,22.087440004094205,1.798,2.132658181880215
54.18599999999999,75.99701689665717,21.81101689665718,0.821,1.1514699529796542
197.07600000000002,179.9738823962256,-17.102117603774417,2.986,2.7268770060034186
163.41599999999997,158.9588273684603,-4.457172631539663,2.476,2.4084670813403077
152.52599999999998,161.26115874810617,8.735158748106187,2.311,2.443350890122821
191.07,163.79600983236534,-27.27399016763465,2.895,2.4817577247328084
78.738,118.71361841439199,39.97561841439199,1.193,1.7986911880968486
124.47599999999998,130.40904020093896,5.933040200938976,1.886,1.9758945484990753
73.45799999999998,58.95579793926142,-14.502202060738561,1.113,0.8932696657463852
63.02999999999999,82.4533720335486,19.423372033548617,0.955,1.2492935156598275
132.0,145.077393731112,13.07739373111201,2.0,2.198142329259273
121.242,113.61901744218034,-7.622982557819668,1.837,1.7215002642754598
46.266,51.06786766261152,4.801867662611521,0.701,0.7737555706456292
122.95799999999998,121.66816698196516,-1.2898330180348268,1.863,1.8434570754843207
330.00066,316.5002595791663,-13.500400420833671,5.00001,4.795458478472217
127.11599999999999,117.26230541361419,-9.8536945863858,1.926,1.7767015971759725
100.38599999999998,93.12801303054707,-7.257986969452915,1.521,1.4110305004628345
131.33999999999997,105.13523876624429,-26.20476123375569,1.99,1.5929581631249135
65.868,74.43246545320812,8.564465453208129,0.998,1.127764628078911
38.675999999999995,44.83995306176059,6.163953061760594,0.586,0.6793932282084938
138.33599999999998,158.26238754317552,19.926387543175537,2.096,2.397914962775387
80.124,120.93598754274976,40.81198754274976,1.214,1.8323634476174206
150.15,159.98412535269907,9.834125352699061,2.275,2.4240018992833194
36.894000000000005,41.676637695141835,4.78263769514183,0.559,0.631464207502149
114.312,99.53027823281806,-14.781721767181935,1.732,1.5080345186790616
178.00199999999998,201.77977629671173,23.77777629671175,2.697,3.0572693378289655
249.67799999999997,232.84768507261904,-16.830314927380925,3.783,3.5279952283730163
109.29599999999999,100.13677171169587,-9.15922828830412,1.656,1.5172238138135739
160.314,168.31093351419298,7.996933514192989,2.429,2.5501656593059545
155.82600000000002,145.8913189008926,-9.934681099107422,2.361,2.210474528801403
203.478,258.3327496999919,54.854749699991885,3.083,3.9141325712119985
154.70399999999998,190.85385044289112,36.149850442891136,2.344,2.891725006710472
172.12800000000001,139.77362906548206,-32.35437093451796,2.608,2.11778225856791
136.686,111.72518159496363,-24.960818405036377,2.071,1.6928057817418733
37.026,39.4085515300599,2.3825515300598994,0.561,0.5970992656069682
59.333999999999996,55.873355648549634,-3.4606443514503624,0.899,0.8465659946749945
57.88199999999999,67.49221022402696,9.610210224026972,0.877,1.0226092458185903
91.60799999999999,98.26960410337593,6.661604103375936,1.388,1.4889333955056958
53.526,51.84073962956912,-1.685260370430882,0.811,0.7854657519631686
166.71599999999998,192.53767816428575,25.82167816428577,2.526,2.9172375479437234
94.31400000000001,108.79844040919603,14.484440409196026,1.429,1.648461218321152
22.572000000000003,44.166036792402174,21.59403679240217,0.342,0.6691823756424572
224.00399999999996,195.4638171182859,-28.54018288171406,3.394,2.9615729866406957
93.52199999999999,90.09449931401016,-3.427500685989827,1.417,1.3650681714243964
245.652,154.14030098001732,-91.51169901998267,3.722,2.335459105757838
98.53800000000001,121.36936488893946,22.831364888939447,1.493,1.8389297710445374
124.73999999999998,127.74962552910131,3.009625529101328,1.89,1.9356003868045655
100.51799999999999,95.50856335851647,-5.009436641483518,1.523,1.4470994448260073
212.45399999999998,216.53035447023808,4.076354470238101,3.219,3.2807629465187587
330.00066,330.0006599999994,-5.684341886080801e-13,5.00001,5.000009999999992
144.21,152.84279700961156,8.63279700961155,2.185,2.3157999546910846
129.492,152.0215555470035,22.529555547003497,1.962,2.3033569022273257
80.45400000000001,118.14681204859168,37.692812048591676,1.219,1.7901032128574499
330.00066,224.7809346554482,-105.21972534455179,5.00001,3.405771737203761
66.396,64.7303983559254,-1.6656016440745987,1.006,0.9807636114534153
90.75,68.00057338369963,-22.74942661630037,1.375,1.0303117179348429
61.05,50.66617846819284,-10.383821531807158,0.925,0.7676693707301946
230.406,234.11845310152378,3.712453101523778,3.491,3.547249289417027
330.00066,288.1165857642423,-41.88407423575768,5.00001,4.365402814609732
182.42399999999998,163.96093165222695,-18.46306834777303,2.764,2.4842565401852568
157.476,180.61018101367023,23.13418101367023,2.386,2.7365178941465187
330.00066,323.94907551689147,-6.051584483108513,5.00001,4.908319326013507
45.077999999999996,51.17527288708848,6.0972728870884865,0.683,0.7753829225316438
35.244,45.14170512737116,9.897705127371161,0.534,0.6839652292025933
233.046,207.14859129769602,-25.897408702303977,3.531,3.138615019662061
138.27,125.10022532434213,-13.169774675657877,2.095,1.8954579594597294
115.368,114.36152578367064,-1.0064742163293516,1.748,1.7327503906616766
227.04,242.09081306816185,15.050813068161858,3.44,3.6680426222448768
157.67399999999998,185.68048490815275,28.00648490815277,2.389,2.813340680426557
195.624,175.7720709135794,-19.851929086420597,2.964,2.663213195660294
258.258,300.51819998749977,42.26019998749979,3.913,4.553306060416664
205.524,180.67532881577418,-24.84867118422582,3.114,2.7375049820571844
176.352,178.63265239027658,2.280652390276572,2.672,2.706555339246615
118.536,103.96323563470725,-14.572764365292755,1.796,1.5752005399198068
100.848,86.90080913422405,-13.947190865775951,1.528,1.316678926276122
144.21,122.26662647807964,-21.943373521920364,2.185,1.8525246436072673
106.72200000000001,114.9813057384723,8.259305738472293,1.617,1.7421409960374592
114.774,137.3172561916553,22.543256191655303,1.739,2.080564487752353
99.396,100.94494704788768,1.5489470478876797,1.506,1.529468894664965
65.472,88.09674606078423,22.624746060784233,0.992,1.334799182739155
48.839999999999996,83.49419130723443,34.654191307234434,0.74,1.2650635046550671
166.84799999999998,204.76278300035716,37.914783000357176,2.528,3.102466409096321
116.48999999999998,121.39687931976863,4.906879319768649,1.765,1.8393466563601308
97.614,97.79821415888276,0.18421415888275305,1.479,1.4817911236194359
148.896,183.84101048007247,34.94501048007248,2.256,2.785469855758674
83.556,68.38565630791304,-15.17034369208696,1.266,1.036146307695652
56.562,61.27894114027874,4.716941140278742,0.857,0.9284688051557385
38.21399999999999,43.044973133912464,4.830973133912472,0.579,0.6521965626350374
60.455999999999996,59.33624584678049,-1.1197541532195032,0.916,0.8990340279815227
294.75600000000003,252.57212154308712,-42.18387845691291,4.466,3.826850326410411
58.278,47.08386645948732,-11.19413354051268,0.883,0.7133919160528381
268.62,292.9813418595267,24.361341859526704,4.07,4.43911124029586
71.874,71.4010370686183,-0.4729629313817014,1.089,1.0818338949790651
330.00066,291.9262733357142,-38.07438666428578,5.00001,4.423125353571427
330.00066,305.23723336071413,-24.763426639285854,5.00001,4.624806566071427
62.634,104.07989103755249,41.445891037552485,0.949,1.5769680460235225
123.552,120.65965054816886,-2.8923494518311514,1.872,1.828176523457104
157.278,165.2942047789434,8.016204778943404,2.383,2.504457648165809
231.0,265.94206446019945,34.94206446019945,3.5,4.029425219093931
194.30399999999997,157.9272647393773,-36.37673526062267,2.944,2.39283734453602
92.466,102.1321783098831,9.666178309883108,1.401,1.547457247119441
103.818,97.17725990592464,-6.640740094075355,1.573,1.4723827258473432
151.79999999999998,174.45854507172814,22.658545071728156,2.3,2.6433112889655783
99.0,142.16588830603735,43.165888306037346,1.5,2.154028610697536
278.058,249.30343998214283,-28.75456001785716,4.213,3.7773248482142856
118.998,165.20929463626948,46.21129463626947,1.803,2.503171130852568
102.43199999999999,103.81985646898617,1.387856468986186,1.552,1.5730281283179726
57.75,296.85964437053553,239.10964437053553,0.875,4.497873399553569
102.036,127.11247599579788,25.07647599579788,1.546,1.9259466059969377
130.482,127.33487714078346,-3.1471228592165374,1.977,1.929316320314901
214.03799999999998,195.0655483045475,-18.97245169545249,3.243,2.955538610674962
59.796,76.55826404275209,16.762264042752086,0.906,1.1599736976174557
145.86,180.91175461211182,35.05175461211181,2.21,2.741087191092604
192.06,188.958425430377,-3.1015745696230113,2.91,2.8630064459148032
166.71599999999998,139.12462120413105,-27.591378795868934,2.526,2.107948806123198
163.41599999999997,178.3820363862853,14.966036386285339,2.476,2.702758127064929
91.146,120.75647237671342,29.610472376713417,1.381,1.8296435208592943
330.00066,285.6682155363837,-44.3324444636163,5.00001,4.328306296005814
306.10799999999995,228.21318606925422,-77.89481393074573,4.638,3.457775546503852
221.69400000000002,226.16910248214248,4.475102482142461,3.359,3.426804583062765
159.32399999999998,151.73064709446456,-7.593352905535426,2.414,2.2989491984009782
75.43799999999999,74.26366836590634,-1.1743316340936474,1.143,1.1252070964531264
67.782,79.3844877678571,11.602487767857099,1.027,1.2027952692099562
57.75,77.69219700213989,19.942197002139892,0.875,1.1771545000324226
178.662,161.14601207505967,-17.515987924940333,2.707,2.4416062435615102
116.68799999999999,109.6267046683604,-7.061295331639585,1.768,1.6610106767933395
46.596,49.20216508343919,2.606165083439194,0.706,0.7454873497490787
80.19,132.41528272702865,52.225282727028656,1.215,2.0062921625307375
145.53,178.21526545865427,32.68526545865427,2.205,2.7002312948280953
330.00066,299.4620288982141,-30.53863110178588,5.00001,4.537303468154759
73.524,68.18598950033999,-5.338010499660015,1.114,1.0331210530354542
106.788,93.4040851161464,-13.383914883853592,1.618,1.415213410850703
80.78399999999999,86.95854427881787,6.174544278817876,1.224,1.3175537011942102
277.72799999999995,261.1388189154412,-16.58918108455873,4.208,3.956648771446079
167.772,175.4297269370231,7.657726937023114,2.542,2.6580261657124717
67.18799999999999,143.59724701070536,76.40924701070537,1.018,2.1757158637985663
55.571999999999996,67.9940418605588,12.4220418605588,0.842,1.030212755463012
57.024,65.38657456962662,8.362574569626616,0.864,0.9907056752973731
156.75,167.84083981763692,11.090839817636919,2.375,2.5430430275399534
206.25,127.51728932838827,-78.73271067161173,3.125,1.9320801413392164
211.46399999999997,220.5615751444302,9.097575144430238,3.204,3.3418420476428823
58.211999999999996,73.22203479729403,15.010034797294033,0.882,1.1094247696559703
230.472,262.4233074470248,31.95130744702479,3.492,3.976110718894316
37.88399999999999,42.860570392734225,4.9765703927342315,0.574,0.6494025817080943
95.43599999999999,120.85843294642855,25.422432946428557,1.446,1.8311883779761904
40.986,43.330378420803925,2.3443784208039276,0.621,0.6565208851636959
39.534,51.29529586198355,11.761295861983548,0.599,0.7772014524542963
60.39,80.78195088599965,20.39195088599965,0.915,1.2239689528181765
162.624,129.49898892857144,-33.12501107142856,2.464,1.9621058928571429
115.43400000000001,116.05889965339314,0.624899653393129,1.749,1.7584681765665628
126.12599999999999,107.60535865494916,-18.520641345050834,1.911,1.6303842220446843
330.00066,165.38504768325024,-164.61561231674975,5.00001,2.5058340558068215
263.07599999999996,242.72308018750002,-20.352919812499948,3.986,3.677622427083334
169.35599999999997,150.64747114460664,-18.708528855393325,2.566,2.282537441584949
121.70400000000001,102.46535922559036,-19.238640774409646,1.844,1.5525054428119751
74.25,80.72701598938608,6.477015989386075,1.125,1.223136605899789
84.348,97.8537273883627,13.5057273883627,1.278,1.4826322331570105
98.142,100.99409874757572,2.852098747575724,1.487,1.530213617387511
84.41399999999999,113.61062763578352,29.19662763578353,1.279,1.7213731459967199
122.76,143.8808741570121,21.120874157012096,1.86,2.180013244803214
110.48399999999998,83.56561697352214,-26.91838302647784,1.674,1.2661457117200325
28.049999999999997,52.374881035714274,24.324881035714277,0.425,0.7935588035714284
73.26,86.42623844285418,13.16623844285418,1.11,1.3094884612553666
172.06199999999998,171.8617073968724,-0.20029260312759334,2.607,2.603965263588976
48.047999999999995,47.91278742440253,-0.13521257559746402,0.728,0.7259513246121596
182.82,94.49796777243591,-88.32203222756408,2.77,1.4317873904914533
66.0,94.17531198988094,28.17531198988094,1.0,1.4268986665133476
312.84000000000003,253.68269588749988,-59.15730411250016,4.74,3.843677210416665
72.732,81.20496041183864,8.472960411838642,1.102,1.2303781880581615
299.83799999999997,315.1717000142856,15.333700014285625,4.543,4.775328788095236
60.587999999999994,87.89316448549842,27.305164485498423,0.918,1.3317146134166427
118.66799999999999,116.86141443898852,-1.8065855610114738,1.798,1.7706274914998261
57.75,97.5589926173022,39.808992617302195,0.875,1.478166554807609
76.62599999999999,78.15636616049626,1.5303661604962713,1.161,1.1841873660681252
84.48,97.60331871936752,13.123318719367518,1.28,1.4788381624146596
51.413999999999994,55.08599628888253,3.671996288882532,0.779,0.8346363074073111
81.246,93.66026063156211,12.414260631562115,1.231,1.4190948580539715
52.602000000000004,60.8549838596443,8.252983859644296,0.797,0.9220452099946106
73.986,81.30684350795245,7.320843507952446,1.121,1.231921871332613
189.024,207.17588177440476,18.151881774404757,2.864,3.1390285117334056
141.834,159.0367653339482,17.202765333948207,2.149,2.409647959605276
154.50600000000003,164.33742089043886,9.831420890438835,2.341,2.4899609225824073
35.904,50.88227336935457,14.978273369354568,0.544,0.7709435358993117
145.266,123.95733867546168,-21.308661324538306,2.201,1.8781414950827529
113.45400000000001,158.27245528412342,44.81845528412342,1.719,2.3980675043049002
170.016,172.63301732801014,2.6170173280101494,2.576,2.6156517776971233
135.366,138.84037850732602,3.4743785073260085,2.051,2.103642098595849
73.722,93.84440943743334,20.122409437433348,1.117,1.4218849914762628
126.12599999999999,141.86631416321993,15.740314163219935,1.911,2.1494896085336355
14.85,93.5871925181032,78.7371925181032,0.225,1.417987765425806
141.702,119.82479517304552,-21.877204826954483,2.147,1.815527199591599
294.294,174.49482273674369,-119.7991772632563,4.459,2.6438609505567228
185.32799999999997,191.77921931963957,6.451219319639591,2.808,2.9057457472672663
215.09399999999997,225.91797274861355,10.823972748613585,3.259,3.4229995871002052
209.02199999999996,209.63992533730163,0.6179253373016707,3.167,3.176362505110631
77.02199999999999,121.83737575567321,44.815375755673216,1.167,1.8460208447829274
92.202,130.781047307423,38.579047307423,1.397,1.9815310198094394
82.5,109.00150534210562,26.501505342105617,1.25,1.651537959728873
105.86399999999999,115.96201078254747,10.098010782547476,1.604,1.7570001633719314
78.40799999999999,87.80957514439781,9.401575144397825,1.188,1.3304481082484518
14.85,75.11441448519024,60.26441448519024,0.225,1.138097189169549
44.022,43.70148029761906,-0.32051970238094185,0.667,0.662143640873016
107.25,135.06185425789093,27.81185425789093,1.625,2.0463917311801656
83.556,71.37931050062345,-12.17668949937655,1.266,1.0815047045549009
69.036,79.71707168394761,10.681071683947607,1.046,1.2078344194537518
112.53,190.5136899804223,77.9836899804223,1.705,2.886571060309429
106.524,112.40316761360722,5.879167613607223,1.614,1.7030782971758671
216.018,191.47708055067736,-24.540919449322644,3.273,2.9011678871314754
205.65599999999998,194.12959145399236,-11.526408546007616,3.116,2.9413574462726118
126.786,123.75500590201662,-3.030994097983381,1.921,1.875075847000252
129.29399999999998,238.95869902928558,109.6646990292856,1.959,3.62058634892857
61.776,75.2508612920812,13.474861292081194,0.936,1.1401645650315333
291.522,259.8189112946429,-31.703088705357118,4.417,3.9366501711309523
157.542,139.28089844041202,-18.261101559587985,2.387,2.110316643036546
165.528,190.59552725596683,25.067527255966837,2.508,2.8878110190298005
132.65999999999997,127.11687639390047,-5.543123606099499,2.01,1.9260132786954618
240.37199999999999,164.1323371924775,-76.23966280752248,3.642,2.486853593825417
140.052,154.36688423392224,14.314884233922243,2.122,2.3388921853624582
133.97999999999996,142.28086465150787,8.300864651507908,2.03,2.1557706765379985
100.64999999999999,94.34206823991977,-6.307931760080223,1.525,1.4294252763624207
150.282,166.77518368787113,16.493183687871124,2.277,2.526896722543502
260.10599999999994,170.64764023822383,-89.45835976177611,3.941,2.585570306639755
150.018,182.556656282443,32.538656282442986,2.273,2.766009943673379
49.83,54.2535868167223,4.423586816722299,0.755,0.8220240426776106
132.396,115.2986841084999,-17.097315891500088,2.006,1.7469497592196954
284.328,286.5440924708657,2.2160924708657035,4.308,4.34157715864948
35.904,49.040631166259594,13.13663116625959,0.544,0.7430398661554485
65.20799999999998,67.28934258661803,2.0813425866180495,0.988,1.019535493736637
61.776,75.66687191332882,13.890871913328816,0.936,1.146467756262558
113.058,115.65790961602372,2.5999096160237087,1.713,1.7523925699397533
139.92000000000002,147.6895377542473,7.769537754247295,2.12,2.237720269003747
52.602000000000004,68.35243041025738,15.75043041025738,0.797,1.0356428850039
272.58,262.64337,-9.93662999999998,4.13,3.9794450000000006
148.76399999999998,144.6908559780399,-4.073144021960076,2.254,2.192285696636968
104.94,108.3081047992856,3.3681047992856037,1.59,1.6410318908982666
155.49599999999998,153.07997599798693,-2.416024002013046,2.356,2.319393575727075
125.73,123.1262103550819,-2.603789644918109,1.905,1.8655486417436653
172.986,152.39097276383282,-20.59502723616717,2.621,2.3089541327853462
193.182,183.64665526428564,-9.535344735714347,2.927,2.782525079761904
119.328,136.08542663083128,16.757426630831276,1.808,2.061900403497444
91.21199999999999,170.51332054696277,79.30132054696278,1.382,2.5835351598024667
147.18,142.46074659967746,-4.719253400322543,2.23,2.1584961606011737
209.946,201.64497798957592,-8.301022010424077,3.181,3.055226939235999
146.85,160.01453882328283,13.16453882328284,2.225,2.4244627094436795
233.24399999999997,179.78982865587415,-53.454171344125825,3.534,2.72408831296779
164.604,150.7873368928571,-13.816663107142915,2.494,2.284656619588744
83.952,77.94209077155345,-6.009909228446546,1.272,1.1809407692659615
83.22599999999998,79.5288840532825,-3.6971159467174886,1.261,1.2049830917164015
87.978,78.88046443808963,-9.097535561910362,1.333,1.1951585520922672
330.00066,271.5124167680763,-58.48824323192366,5.00001,4.113824496486005
144.27599999999998,189.19595436044648,44.919954360446496,2.186,2.866605369097674
91.60799999999999,94.23083615434584,2.6228361543458476,1.388,1.4277399417325127
148.5,155.53864692202737,7.038646922027368,2.25,2.3566461654852633
198.0,145.11370462659698,-52.886295373403016,3.0,2.198692494342379
69.43199999999999,74.59553991856893,5.163539918568944,1.052,1.1302354533116505
102.56400000000001,112.39375678414888,9.82975678414887,1.554,1.7029357088507406
79.794,93.26329351505993,13.469293515059931,1.209,1.4130802047736353
94.18199999999999,91.0885292195513,-3.0934707804486834,1.427,1.3801292305992623
215.15999999999994,190.66251770229383,-24.497482297706114,3.26,2.888826025792331
99.594,110.17076029472621,10.576760294726213,1.509,1.6692539438594882
223.67399999999998,105.80182139748021,-117.87217860251977,3.389,1.6030578999618215
146.18999999999997,141.96934510632175,-4.220654893678216,2.215,2.151050683429118
58.542,57.19708791489948,-1.3449120851005247,0.887,0.8666225441651436
106.92000000000002,139.53334405812328,32.61334405812326,1.62,2.1141415766382314
189.222,223.888914604767,34.66691460476699,2.867,3.392256281890409
84.41399999999999,92.99527176055213,8.581271760552141,1.279,1.4090192690992747
145.79399999999998,173.85785445086867,28.06385445086869,2.209,2.634209915922253
97.086,78.1050223394757,-18.980977660524303,1.471,1.1834094293859954
74.25,129.09659698351322,54.84659698351322,1.125,1.9560090452047458
92.334,91.1263141795914,-1.2076858204085994,1.399,1.3807017299938091
143.54999999999998,91.71172551277726,-51.83827448722272,2.175,1.3895715986784434
127.44600000000001,144.3174637858281,16.871463785828084,1.931,2.1866282391792136
73.722,68.79022761801374,-4.931772381986249,1.117,1.0422761760305113
258.06,230.85377113297406,-27.206228867025942,3.91,3.4977844111056675
194.964,159.76413718739235,-35.19986281260765,2.954,2.4206687452635207
211.99200000000002,147.32539558365565,-64.66660441634437,3.212,2.2322029633887217
28.973999999999997,58.17347579999999,29.199475799999995,0.439,0.8814162999999999
101.838,111.38368233473433,9.545682334734337,1.543,1.6876315505262778
126.324,113.66837998457044,-12.655620015429562,1.914,1.7222481815844006
67.584,71.68345403797787,4.099454037977864,1.024,1.0861129399693616
108.768,107.23924152695433,-1.52875847304567,1.648,1.6248369928326416
98.20799999999998,95.56994649749758,-2.6380535025024017,1.488,1.448029492386327
88.044,104.24693447473432,16.20293447473432,1.334,1.5794990071929442
145.06799999999998,145.010267746749,-0.05773225325097542,2.198,2.1971252688901366
330.00066,203.4202852981952,-126.58037470180477,5.00001,3.08212553482114
187.506,164.6375927340331,-22.86840726596691,2.841,2.4945089808186833
107.51399999999998,104.90481472040851,-2.609185279591472,1.629,1.5894668897031594
233.24399999999997,169.94474266563267,-63.2992573343673,3.534,2.574920343418677
107.25,116.23763429954045,8.987634299540446,1.625,1.7611762772657644
143.682,137.78072967449273,-5.901270325507255,2.177,2.08758681324989
73.92,75.38388780825163,1.4638878082516271,1.12,1.1421801183068427
139.458,168.60386617437612,29.145866174376124,2.113,2.5546040329450928
189.75,214.22825345628092,24.478253456280925,2.875,3.245882628125469
48.245999999999995,63.7297759173382,15.483775917338207,0.731,0.9656026654142152
177.60599999999997,212.71583679661805,35.10983679661808,2.691,3.2229672241911826
46.596,56.14929406891139,9.553294068911391,0.706,0.8507468798319907
140.448,168.864874012227,28.416874012226998,2.128,2.5585586971549548
34.715999999999994,36.42519818889921,1.7091981888992152,0.526,0.5518969422560487
45.077999999999996,68.68853678445117,23.610536784451178,0.683,1.0407354058250178
113.91599999999998,134.5653489141152,20.64934891411521,1.726,2.0388689229411394
35.838,36.753754553532744,0.9157545535327429,0.543,0.5568750689929204
186.384,237.13431020575547,50.75031020575548,2.824,3.592944094026598
80.058,120.0299107561907,39.971910756190695,1.213,1.818635011457435
44.55,68.8829742499558,24.332974249955797,0.675,1.0436814280296334
157.07999999999998,152.78499882724827,-4.295001172751711,2.38,2.314924224655277
170.34599999999998,168.30075811904757,-2.0452418809524033,2.581,2.550011486652236
137.082,90.44313258418124,-46.63886741581875,2.077,1.370350493699716
99.0,121.32923662845992,22.329236628459924,1.5,1.8383217670978778
180.90599999999998,163.0126604577218,-17.89333954227817,2.741,2.469888794813967
139.194,200.666875783196,61.472875783196,2.109,3.040407208836303
58.47599999999999,206.07182939962487,147.59582939962488,0.886,3.122300445448862
63.02999999999999,64.31205048746435,1.2820504874643603,0.955,0.9744250073858234
190.212,219.90114293302344,29.689142933023447,2.882,3.331835498985204
257.46599999999995,282.0457324437498,24.579732443749833,3.901,4.273420188541664
91.146,114.85560834151372,23.709608341513714,1.381,1.740236490022935
152.724,141.76411020776283,-10.959889792237163,2.314,2.147941063753982
107.77799999999998,116.82772672951069,9.04972672951071,1.633,1.770117071659253
197.736,214.4592321468164,16.7232321468164,2.996,3.2493823052547937
36.894000000000005,49.252230653330145,12.35823065333014,0.559,0.7462459189898507
83.094,78.62979888830533,-4.464201111694663,1.259,1.1913605892167474
257.796,253.86585505416048,-3.9301449458395155,3.906,3.846452349305462
145.86,162.46208742822128,16.602087428221267,2.21,2.461546779215474
46.925999999999995,77.24696178809357,30.320961788093577,0.711,1.1704085119408119
49.565999999999995,65.98280852638271,16.416808526382717,0.751,0.9997395231270108
155.56199999999998,154.9225802738922,-0.639419726107775,2.357,2.3473118223317
202.224,213.0371541019047,10.8131541019047,3.064,3.2278356682106777
223.01399999999998,223.02656291666668,0.0125629166666954,3.379,3.3791903472222224
110.088,113.17822242969442,3.090222429694421,1.668,1.714821551965067
221.826,213.1987771845238,-8.627222815476188,3.361,3.230284502795816
103.488,99.11933553571312,-4.36866446428688,1.568,1.5018081141774717
109.23,149.07320322866366,39.843203228663654,1.655,2.258684897403995
218.46,225.30319162424516,6.843191624245151,3.31,3.4136847215794726
35.772,64.20625408411442,28.43425408411442,0.542,0.9728220315774913
96.03,98.41403935540885,2.384039355408845,1.455,1.4911218084152855
330.00066,330.0006599999994,-5.684341886080801e-13,5.00001,5.000009999999992
49.236,63.134942304209744,13.898942304209747,0.746,0.9565900349122689
129.36,136.14821426173006,6.788214261730047,1.96,2.0628517312383345
66.198,76.00968259889895,9.811682598898955,1.003,1.1516618575590751
330.00066,283.28237582377807,-46.718284176221914,5.00001,4.292157209451183
109.032,100.48859507636362,-8.543404923636373,1.652,1.5225544708539944
137.742,147.85599022575312,10.113990225753128,2.087,2.2402422761477743
168.564,171.89792769489677,3.333927694896772,2.554,2.6045140559832847
45.21,40.22290078597937,-4.987099214020631,0.685,0.6094378906966572
81.312,80.30510553521074,-1.006894464789255,1.232,1.216744023260769
93.32399999999998,97.6451889016575,4.321188901657521,1.414,1.479472559116023
166.584,180.75615781165047,14.172157811650465,2.524,2.7387296638128857
86.922,66.72084881142388,-20.20115118857612,1.317,1.0109219516882406
181.5,172.64949528862311,-8.850504711376885,2.75,2.615901443767017
330.00066,235.51775629444046,-94.48290370555952,5.00001,3.568450852946068
95.898,75.76493650906984,-20.133063490930155,1.453,1.1479535834707553
97.416,106.8257275666789,9.40972756667891,1.476,1.6185716297981654
260.03999999999996,273.37396372513734,13.33396372513738,3.94,4.142029753411172
119.064,125.1929486512641,6.1289486512641105,1.804,1.8968628583524865
117.14999999999999,113.5182652042239,-3.6317347957760973,1.775,1.7199737152155137
219.45,180.46802720929102,-38.981972790708966,3.325,2.7343640486256215
125.99399999999999,143.38376479071582,17.38976479071583,1.909,2.1724812847078154
123.618,94.98735860263714,-28.63064139736285,1.873,1.43920240307026
214.104,141.89490874596996,-72.20909125403006,3.244,2.1499228597874236
107.25,92.50712842799163,-14.742871572008369,1.625,1.4016231579998732
63.95399999999999,66.7641619481171,2.8101619481171127,0.969,1.0115782113351077
85.07399999999998,75.22478508002716,-9.849214919972823,1.289,1.1397694709095025
185.922,172.84377823949325,-13.07822176050675,2.817,2.618845124840807
36.102000000000004,39.05559949539612,2.9535994953961193,0.547,0.5917515075060019
168.498,237.6311360369048,69.1331360369048,2.553,3.6004717581349213
181.5,108.35637092040128,-73.14362907959872,2.75,1.6417631957636558
220.63799999999998,170.02204216826667,-50.61595783173331,3.343,2.5760915480040407
83.22599999999998,61.325699601258236,-21.90030039874175,1.261,0.9291772666857309
167.772,164.72259355357141,-3.049406446428577,2.542,2.4957968720238095
330.00066,330.0006599999994,-5.684341886080801e-13,5.00001,5.000009999999992
158.202,167.69012618369263,9.488126183692629,2.397,2.5407594876317066
123.75,141.1446133706258,17.39461337062579,1.875,2.138554748039785
330.00066,322.21682322499964,-7.7838367750003385,5.00001,4.882073079166662
186.978,210.83785899997903,23.859858999979025,2.833,3.1945130151511973
54.71399999999999,62.18930855626563,7.475308556265638,0.829,0.9422622508525096
181.5,190.0655672434353,8.56556724343531,2.75,2.879781321870232
137.54399999999998,133.22255530616354,-4.32144469383644,2.084,2.0185235652449025
83.22599999999998,101.9616350525531,18.73563505255312,1.261,1.5448732583720168
330.00066,268.0752710919643,-61.9253889080357,5.00001,4.0617465316964285
80.85,75.45445567791812,-5.395544322081875,1.225,1.143249328453305
148.5,67.29483015158425,-81.20516984841575,2.25,1.0196186386603674
179.18999999999997,188.94307212558016,9.75307212558019,2.715,2.862773820084548
110.35199999999999,108.3607648908506,-1.991235109149386,1.672,1.641829771073494
111.474,123.70421839248239,12.230218392482385,1.689,1.8743063392800363
78.80399999999999,100.15170819531775,21.347708195317765,1.194,1.5174501241714813
84.084,105.21333798167294,21.129337981672933,1.274,1.5941414845708022
122.298,147.9755475892857,25.677547589285695,1.853,2.2420537513528136
87.318,80.23055051059261,-7.0874494894073905,1.323,1.2156144016756456
158.334,133.2246704723691,-25.109329527630905,2.399,2.0185556132177136
44.88,57.16652775763299,12.286527757632989,0.68,0.8661595114792877
311.12399999999997,300.7572098588344,-10.366790141165552,4.714,4.556927422103552
96.09599999999999,93.18282433839781,-2.9131756616021818,1.456,1.4118609748242092
71.676,62.766675786506106,-8.909324213493896,1.086,0.9510102391894865
50.226,52.36129365954699,2.1352936595469885,0.761,0.7933529342355604
199.12199999999999,227.65744307512182,28.535443075121833,3.017,3.4493551981079067
87.44999999999999,82.33858492930241,-5.111415070697575,1.325,1.2475543171106427
35.178,34.82793701226504,-0.35006298773495814,0.533,0.5276960153373491
86.06400000000001,92.94086257638439,6.876862576384383,1.304,1.4081948875209758
88.374,82.87849763233896,-5.495502367661032,1.339,1.2557348126111965
193.512,180.19063676667253,-13.321363233327475,2.932,2.730161163131402
106.788,117.33304638432094,10.54504638432094,1.618,1.7777734300654688
107.25,79.01738602127114,-28.232613978728864,1.625,1.1972331215344112
166.386,182.670746109102,16.284746109102002,2.521,2.7677385774106367
173.184,147.50342104103507,-25.68057895896493,2.624,2.234900318803562
143.352,142.51158735243817,-0.8404126475618341,2.172,2.1592664750369424
194.30399999999997,177.95585438787552,-16.348145612124455,2.944,2.69630082405872
80.322,78.47807222057152,-1.8439277794284834,1.217,1.1890617003116897
161.36999999999998,186.31217554644266,24.942175546442684,2.445,2.822911750703677
67.98,95.16727732513783,27.187277325137828,1.03,1.4419284443202702
135.366,129.69608992240543,-5.669910077594579,2.051,1.9650922715515975
218.79,242.50152030647118,23.711520306471186,3.315,3.6742654591889576
198.396,176.26440900025548,-22.131590999744503,3.006,2.670672863640235
109.42799999999998,97.87042787157947,-11.557572128420517,1.658,1.4828852707815072
35.31,44.11621560960592,8.806215609605921,0.535,0.6684275092364534
39.138,45.28015133678089,6.142151336780891,0.593,0.6860628990421347
52.008,59.30355503129003,7.295555031290029,0.788,0.8985387125953036
330.00066,300.2037698095924,-29.796890190407566,5.00001,4.548541966812007
94.24799999999999,93.88049869856795,-0.36750130143204274,1.428,1.4224317984631507
35.31,42.10931419334157,6.799314193341566,0.535,0.6380199120203268
62.23799999999999,104.7330883100633,42.4950883100633,0.943,1.5868649743948986
129.954,218.50666659209224,88.55266659209224,1.969,3.3107070695771554
87.91199999999999,89.98204296097386,2.070042960973865,1.332,1.3633642872874827
41.778,59.6582178710314,17.880217871031398,0.633,0.9039123919853242
148.236,166.20078788465904,17.964787884659046,2.246,2.5181937558281673
183.87599999999998,269.4645335336031,85.58853353360314,2.786,4.0827959626303505
81.576,99.042244485119,17.466244485119006,1.236,1.5006400679563485
151.338,138.44113023897094,-12.896869761029052,2.293,2.0975928824086507
161.634,134.11700849487687,-27.516991505123116,2.449,2.0320758862860133
88.836,145.62589446021303,56.789894460213034,1.346,2.206452946366864
35.64,42.51271581964591,6.8727158196459115,0.54,0.644132057873423
106.72200000000001,121.11738942331932,14.395389423319315,1.617,1.8351119609593838
144.144,132.8714843114586,-11.272515688541404,2.184,2.013204307749373
43.56,61.4546344546829,17.8946344546829,0.66,0.9311308250709531
64.812,70.45878948566585,5.646789485665849,0.982,1.0675574164494825
125.862,125.45883677999228,-0.40316322000771265,1.907,1.9008914663635195
330.00066,281.68487167857114,-48.31578832142884,5.00001,4.267952601190472
129.55800000000002,117.5115306230531,-12.046469376946916,1.963,1.7804777367129259
208.032,184.39378100000002,-23.638218999999992,3.152,2.7938451666666673
104.874,132.76242600137363,27.88842600137363,1.589,2.0115519091117218
104.874,102.11746018120033,-2.7565398187996664,1.589,1.547234245169702
84.87599999999999,157.5775671839286,72.70156718392862,1.286,2.3875388967261912
61.512,65.68755693431571,4.175556934315708,0.932,0.9952660141562987
64.416,114.34798843525482,49.93198843525482,0.976,1.7325452793220428
61.90799999999999,44.6271881030666,-17.280811896933386,0.938,0.6761695167131303
155.82600000000002,149.35732770362017,-6.46867229637985,2.361,2.2629898136912145
74.25,48.82763614605661,-25.422363853943388,1.125,0.7398126688796457
62.831999999999994,74.5896459968218,11.757645996821807,0.952,1.130146151466997
212.256,222.13604425539597,9.880044255395973,3.216,3.3656976402332726
84.54599999999999,95.60990818882368,11.063908188823689,1.281,1.4486349725579346
99.72599999999998,106.66124730460652,6.935247304606534,1.511,1.6160795046152505
47.058,61.15136670888018,14.093366708880183,0.713,0.9265358592254573
75.23999999999998,92.43651813539006,17.19651813539008,1.14,1.4005533050816676
117.48,111.49258708079773,-5.987412919202271,1.78,1.6892816224363294
98.40599999999999,89.36791769770412,-9.038082302295877,1.491,1.354059359056123
176.22,215.65465575755525,39.43465575755525,2.67,3.2674947842053825
200.17799999999997,222.11576003301022,21.93776003301025,3.033,3.365390303530458
114.97200000000001,133.2831885268997,18.311188526899684,1.742,2.0194422504075713
147.906,163.9820432715252,16.076043271525208,2.241,2.4845764132049277
79.99199999999999,78.76470479553387,-1.2272952044661167,1.212,1.1934046181141498
181.5,218.123716045688,36.62371604568801,2.75,3.3049047885710308
105.468,84.95693965888277,-20.51106034111723,1.598,1.2872263584679209
87.516,98.60753486146638,11.091534861466371,1.326,1.4940535585070664
120.97799999999998,98.00865930599187,-22.96934069400811,1.833,1.4849796864544225
216.87599999999998,102.15285677265517,-114.7231432273448,3.286,1.547770557161442
136.15800000000002,162.2159086559923,26.057908655992293,2.063,2.4578167978180656
79.19999999999999,83.72892398494422,4.528923984944228,1.2,1.2686200603779427
226.314,171.35229322291025,-54.961706777089745,3.429,2.5962468670137917
144.86999999999998,193.08335206823452,48.21335206823454,2.195,2.9255053343671897
207.834,134.36940393227852,-73.46459606772149,3.149,2.0359000595799777
272.646,274.54452935119053,1.8985293511905184,4.131,4.1597655962301605
146.982,147.1957741455823,0.21377414558230612,2.227,2.230239002205793
143.748,177.41076955032514,33.66276955032515,2.178,2.688041962883714
72.20400000000001,119.21423468761617,47.01023468761616,1.094,1.8062762831456998
188.56199999999998,240.1484400475614,51.58644004756141,2.857,3.6386127279933547
159.39,180.57606781096447,21.186067810964488,2.415,2.7360010274388555
330.00066,330.0006599999994,-5.684341886080801e-13,5.00001,5.000009999999992
177.40800000000002,124.61890499911995,-52.78909500088007,2.688,1.8881652272593932
167.17799999999997,138.4853689823718,-28.692631017628173,2.533,2.098263166399573
231.79199999999997,296.08519472142837,64.29319472142839,3.512,4.486139313961036
57.75,97.8584069551282,40.1084069551282,0.875,1.4827031356837608
115.5,117.42786792534939,1.9278679253493891,1.75,1.7792101200810513
184.932,176.4825991005737,-8.44940089942628,2.802,2.673978774251117
253.70399999999998,189.17360905112844,-64.53039094887154,3.844,2.866266803804977
53.98799999999999,65.81140335034462,11.823403350344627,0.818,0.9971424750052215
167.772,171.266174623037,3.494174623036997,2.542,2.5949420397429845
191.92799999999997,174.08016286208561,-17.847837137914354,2.908,2.6375782251831152
64.68,82.11178760405593,17.431787604055927,0.98,1.2441179940008475
187.83599999999998,159.16126222515487,-28.674737774845113,2.846,2.41153427613871
128.898,112.03746689038213,-16.86053310961786,1.953,1.6975373771270021
179.124,206.20294070910134,27.078940709101346,2.714,3.1242869804409295
170.016,170.17075927140993,0.15475927140994372,2.576,2.578344837445605
29.7,36.129160439667196,6.429160439667196,0.45,0.5474115218131393
272.118,289.3672203687074,17.249220368707427,4.123,4.384351823768294
64.746,69.46208180488746,4.716081804887466,0.981,1.0524557849225373
311.058,242.9066470261028,-68.15135297389719,4.713,3.6804037428197396
217.07399999999998,199.81403886297514,-17.259961137024845,3.289,3.0274854373178055
121.70400000000001,119.59922615607447,-2.1047738439255426,1.844,1.8121094872132495
65.142,98.61054414865127,33.468544148651276,0.987,1.4940991537674437
142.69199999999998,142.29001805032254,-0.4019819496774346,2.162,2.1559093643988265
87.05399999999999,87.7579000332633,0.7039000332633094,1.319,1.329665152019141
73.59,80.00789696722396,6.417896967223953,1.115,1.212240863139757
189.09,171.64802650211064,-17.441973497889364,2.865,2.600727674274404
188.034,208.57820866666668,20.54420866666669,2.849,3.160275888888889
137.28,121.84132370934185,-15.438676290658151,2.08,1.8460806622627555
164.142,184.21699424995728,20.074994249957285,2.487,2.7911665795448073
89.76,83.47392696780373,-6.286073032196271,1.36,1.2647564692091475
321.354,245.19763445564513,-76.15636554435486,4.869,3.7151156735703807
112.72799999999998,104.41092182047507,-8.317078179524913,1.708,1.581983663946592
297.85799999999995,214.98805280538878,-82.86994719461117,4.513,3.2573947394755876
229.81199999999998,186.86104365439115,-42.95095634560883,3.482,2.831227934157442
330.00066,290.0258045535713,-39.974855446428705,5.00001,4.394330372023807
101.17799999999998,121.73937311894389,20.561373118943905,1.533,1.844535956347635
183.21599999999998,177.88715111527011,-5.328848884729865,2.776,2.695259865382881
70.28999999999999,70.80855700500604,0.5185570050060448,1.065,1.0728569243182733
103.94999999999999,145.37419075453738,41.42419075453739,1.575,2.202639253856627
100.51799999999999,97.61928947386876,-2.898710526131225,1.523,1.4790801435434662
211.52999999999997,218.7907187288256,7.260718728825623,3.205,3.315010889830691
37.422,42.08783286926509,4.665832869265095,0.567,0.6376944374131075
87.12,75.9196859759345,-11.200314024065506,1.32,1.150298272362644
132.26399999999998,136.53371433479649,4.269714334796504,2.004,2.0686926414363103
127.512,118.96986608896033,-8.54213391103967,1.932,1.8025737286206112
93.32399999999998,115.37397923839585,22.049979238395863,1.414,1.7480905945211493
200.706,228.37677283928576,27.670772839285775,3.041,3.460254133928572
127.90799999999999,124.64878939377984,-3.259210606220151,1.938,1.8886180211178765
41.315999999999995,42.864822449238034,1.5488224492380382,0.626,0.6494670068066369
34.782000000000004,47.6935689991713,12.911568999171294,0.527,0.7226298333207772
177.07799999999997,150.14121032915295,-26.93678967084702,2.683,2.274866823168984
47.586,47.01482397887544,-0.5711760211245576,0.721,0.7123458178617492
35.574000000000005,54.91194605202986,19.337946052029857,0.539,0.8319991826065131
168.82799999999997,179.25186335703927,10.423863357039295,2.558,2.7159373235915045
330.00066,254.77590016607127,-75.22475983392872,5.00001,3.8602409116071406
330.00066,321.7812008517857,-8.219459148214298,5.00001,4.875472740178571
118.8,169.75190671635667,50.951906716356675,1.8,2.571998586611465
180.50999999999996,187.27967135748898,6.769671357489017,2.735,2.8375707781437725
161.56799999999998,191.92618035218254,30.358180352182558,2.448,2.9079724295785234
33.0,41.31297861396202,8.312978613962017,0.5,0.625954221423667
93.98399999999998,83.82039849108325,-10.163601508916727,1.424,1.2700060377436857
37.026,43.98463183217157,6.958631832171569,0.561,0.6664338156389633
57.089999999999996,57.24699815604054,0.1569981560405438,0.865,0.8673787599400082
80.65199999999999,83.31913299200687,2.6671329920068843,1.222,1.262411105939498
123.75,148.3843225751715,24.634322575171495,1.875,2.248247311745023
73.326,75.26928731562506,1.9432873156250707,1.111,1.1404437472064406
36.036,33.8788418682847,-2.157158131715299,0.546,0.5133157858831016
148.962,149.85756724923897,0.8955672492389795,2.257,2.2705692007460447
72.468,64.98141476744242,-7.486585232557587,1.098,0.9845668904157943
126.522,142.01621770518156,15.494217705181555,1.917,2.151760874320933
146.85,158.4104964567066,11.560496456706602,2.225,2.400159037222827
100.64999999999999,128.62306900736777,27.973069007367783,1.525,1.9488343788995117
193.446,228.68247780890022,35.23647780890022,2.931,3.4648860274075792
135.696,133.4181624524566,-2.2778375475433847,2.056,2.0214873098857065
204.072,170.28125580052475,-33.790744199475256,3.092,2.5800190272806782
93.258,103.21418144310589,9.95618144310589,1.413,1.563851233986453
142.362,135.2333616211756,-7.128638378824405,2.157,2.0489903275935695
36.3,53.583042861352894,17.283042861352897,0.55,0.8118642857780742
235.15800000000002,260.5572116702629,25.3992116702629,3.563,3.947836540458529
330.00066,329.78523276689134,-0.21542723310864176,5.00001,4.996745951013505
85.60199999999999,82.1394634998691,-3.462536500130895,1.297,1.2445373257555925
330.00066,327.26783512499946,-2.7328248750005173,5.00001,4.9586035624999925
86.06400000000001,93.27665552917655,7.212655529176544,1.304,1.4132826595329782
207.10799999999998,176.993996764453,-30.11400323554699,3.138,2.681727223703833
118.272,105.45070475496662,-12.821295245033383,1.792,1.5977379508328275
120.44999999999999,133.08903220422803,12.639032204228045,1.825,2.016500487942849
330.00066,306.2049854371335,-23.79567456286651,5.00001,4.639469476320204
102.3,64.59401868131867,-37.705981318681324,1.55,0.9786972527472526
186.45,236.46084874444293,50.01084874444294,2.825,3.5827401324915598
327.62399999999997,283.13814375679937,-44.4858562432006,4.964,4.289971875103021
207.10799999999998,182.81029675244608,-24.297703247553898,3.138,2.769852981097668
330.00066,326.2264199218745,-3.7742400781255014,5.00001,4.942824544270826
211.398,177.04910145286587,-34.34889854713413,3.203,2.682562143225241
74.25,124.77415765832846,50.52415765832846,1.125,1.890517540277704
76.692,73.37471059131676,-3.317289408683237,1.162,1.111738039262375
107.91,106.85760397638039,-1.0523960236196075,1.635,1.6190546057027333
129.954,126.52410092534623,-3.4298990746537754,1.969,1.9170318322022157
204.798,153.92687797458626,-50.87112202541374,3.103,2.3322254238573676
64.61399999999999,85.37337194536678,20.759371945366794,0.979,1.2935359385661633
139.194,148.69429689600287,9.50029689600288,2.109,2.25294389236368
165.99,167.4283073438959,1.4383073438959002,2.515,2.5367925355135745
141.37199999999999,149.4065357092096,8.03453570920962,2.142,2.263735389533479
330.00066,330.0006599999994,-5.684341886080801e-13,5.00001,5.000009999999992
151.668,174.32708176909688,22.659081769096872,2.298,2.6413194207438924
130.35,104.10551601417022,-26.244483985829774,1.975,1.5773563032450035
97.746,124.94556066654384,27.199560666543846,1.481,1.8931145555536948
84.41399999999999,71.03760619977675,-13.37639380022324,1.279,1.0763273666632842
161.50199999999998,147.59231839060945,-13.909681609390532,2.447,2.2362472483425675
95.898,115.14135254766508,19.243352547665083,1.453,1.744565947691895
62.36999999999999,79.45818166593226,17.088181665932268,0.945,1.203911843423216
167.17799999999997,132.51474528762802,-34.66325471237195,2.533,2.007799171024667
97.416,138.76979796958025,41.353797969580256,1.476,2.102572696508792
217.40399999999997,183.96478714944072,-33.439212850559244,3.294,2.787345259840011
108.834,100.33184166271447,-8.502158337285536,1.649,1.5201794191320375
204.402,189.48273247809618,-14.919267521903805,3.097,2.8709504920923665
74.57999999999998,101.0496849189522,26.46968491895221,1.13,1.5310558321053365
151.206,171.28202818475327,20.076028184753284,2.291,2.5951822452235347
146.05800000000002,188.99215219893492,42.934152198934896,2.213,2.8635174575596203
310.72799999999995,257.631225881921,-53.09677411807894,4.708,3.903503422453349
77.088,77.9096457758693,0.8216457758692997,1.168,1.180449178422262
330.00066,278.808170290934,-51.19248970906597,5.00001,4.224366216529303
106.72200000000001,202.7128799976923,95.9908799976923,1.617,3.0714072726923076
62.699999999999996,67.93477341568678,5.234773415686782,0.95,1.029314748722527
192.522,193.87443555652013,1.3524355565201347,2.917,2.937491447826063
46.13399999999999,48.0486024551333,1.9146024551333056,0.699,0.7280091281080803
67.51799999999999,64.45933634926902,-3.0586636507309635,1.023,0.976656611352561
71.74199999999999,68.838290234002,-2.903709765997988,1.087,1.043004397484879
59.465999999999994,75.67452581163403,16.208525811634033,0.901,1.1465837244186976
330.00066,148.791395298196,-181.209264701804,5.00001,2.254415080275697
94.90799999999999,111.91479226023564,17.006792260235656,1.438,1.695678670609631
128.436,93.842700153027,-34.59329984697301,1.946,1.4218590932276818
163.482,173.45903409763378,9.977034097633776,2.477,2.6281671832974816
310.2,243.00672229821419,-67.1932777017858,4.7,3.6819200348214274
330.00066,306.6406491556894,-23.36001084431058,5.00001,4.64607044175287
330.00066,199.8824548154762,-130.1182051845238,5.00001,3.0285220426587305
149.754,164.7631663299412,15.009166329941223,2.269,2.4964116110597154
241.56,221.6607466206987,-19.899253379301314,3.66,3.3584961609196773
330.00066,330.0006599999994,-5.684341886080801e-13,5.00001,5.000009999999992
142.56,138.6947984867162,-3.8652015132838073,2.16,2.101436340707821
101.77199999999999,126.38572613254284,24.61372613254285,1.542,1.9149352444324674
74.448,80.50670660326696,6.05870660326697,1.128,1.2197985848979844
91.73999999999998,132.8524745181227,41.112474518122724,1.39,2.012916280577617
246.048,254.36325865797718,8.315258657977182,3.728,3.853988767545109
61.181999999999995,65.40145758945295,4.219457589452951,0.927,0.990931175597772
59.99399999999999,71.25655491979288,11.262554919792883,0.909,1.0796447715120132
136.422,128.26209422714737,-8.159905772852625,2.067,1.9433650640476876
131.53799999999998,114.84470107655613,-16.693298923443848,1.993,1.7400712284326687
43.89,42.4520455244035,-1.4379544755964986,0.665,0.6432128109758106
88.11,105.96007807648007,17.850078076480074,1.335,1.6054557284315163
61.577999999999996,68.79497957871124,7.216979578711239,0.933,1.0423481754350188
244.794,249.016234512371,4.222234512370989,3.709,3.7729732501874396
103.818,130.9531538697162,27.135153869716206,1.573,1.9841386949957003
142.22999999999996,158.926346073213,16.69634607321305,2.155,2.4079749405032276
180.24599999999998,146.33801040586908,-33.907989594130896,2.731,2.2172425819071075
45.605999999999995,54.79859607909786,9.192596079097868,0.691,0.8302817587742102
82.5,58.181113440119084,-24.318886559880916,1.25,0.8815320218199861
271.65599999999995,264.47629597475856,-7.179704025241392,4.116,4.007216605678161
81.70799999999998,91.50166272309022,9.793662723090236,1.238,1.3863888291377306
132.99,128.9081890875069,-4.081810912493097,2.015,1.9531543801137414
153.45,130.9547860263893,-22.495213973610674,2.325,1.9841634246422626
62.43599999999999,98.39445117902929,35.958451179029296,0.946,1.4908250178640803
83.02799999999999,120.42050896027287,37.39250896027288,1.258,1.8245531660647405
40.062,51.23147132166551,11.169471321665512,0.607,0.776234413964629
115.5,146.25019866230588,30.750198662305877,1.75,2.2159121009440286
52.47,63.631075808730486,11.161075808730487,0.795,0.9641072092231893
92.136,94.33866955933523,2.2026695593352343,1.396,1.429373781202049
60.192,103.22666476995741,43.03466476995741,0.912,1.564040375302385
112.00199999999998,108.6102642376273,-3.391735762372676,1.697,1.6456100642064744
265.65,213.52448231097742,-52.12551768902256,4.025,3.2352194289542036
257.72999999999996,262.67565590357145,4.945655903571492,3.905,3.9799341803571435
51.15,95.54802976190476,44.39802976190476,0.775,1.4476974206349207
216.546,178.22632660756022,-38.31967339243977,3.281,2.7003988879933365
174.89999999999998,150.3482974786452,-24.55170252135477,2.65,2.2780045072522004
74.25,104.10864914875563,29.85864914875563,1.125,1.577403774981146
141.768,141.08405401499678,-0.6839459850032199,2.148,2.1376371820454056
117.48,132.6113683894409,15.131368389440908,1.78,2.0092631574157713
139.59,107.63752158883935,-31.952478411160655,2.115,1.6308715392248387
179.18999999999997,193.0320089350879,13.842008935087932,2.715,2.9247274081073926
173.90999999999997,170.17175486837553,-3.7382451316244385,2.635,2.578359922248114
330.00066,273.0276317530616,-56.973028246938384,5.00001,4.136782299288813
117.744,155.84639536594779,38.102395365947785,1.784,2.3613090206961784
100.51799999999999,106.64895430956253,6.13095430956254,1.523,1.615893247114584
221.69400000000002,223.06690567851277,1.3729056785127511,3.359,3.3798016011895875
178.266,187.70168797634216,9.435687976342166,2.701,2.8439649693385176
158.004,146.80596208646614,-11.198037913533852,2.394,2.2243327588858506
145.00199999999998,158.26837496475707,13.266374964757091,2.197,2.398005681284198
109.69199999999998,131.84393852742818,22.1519385274282,1.662,1.9976354322337602
46.529999999999994,64.33912451346211,17.809124513462116,0.705,0.9748352199009412
215.62199999999999,224.6009662201111,8.978966220111118,3.267,3.403044942728956
154.242,133.43652646891675,-20.805473531083237,2.337,2.0217655525593448
122.49600000000001,121.44846547464356,-1.047534525356454,1.856,1.8401282647673267
100.64999999999999,86.3195528456936,-14.330447154306398,1.525,1.3078720128135393
245.18999999999997,240.37282654646873,-4.81717345353124,3.715,3.6420125234313447
299.508,328.36945393869007,28.86145393869009,4.538,4.97529475664682
161.634,197.4524471726194,35.818447172619415,2.449,2.991703745039688
148.5,122.00395273080872,-26.49604726919128,2.25,1.8485447383455866
167.904,138.0510113680827,-29.8529886319173,2.544,2.0916819904254953
135.102,141.48263235743823,6.38063235743823,2.047,2.1436762478399736
94.446,95.60269841952416,1.1566984195241616,1.431,1.4485257336291542
238.128,200.0964531734013,-38.031546826598685,3.608,3.031764442021232
40.92,48.7415759809479,7.821575980947898,0.62,0.7385087269840591
50.687999999999995,43.82663296762939,-6.861367032370602,0.768,0.6640398934489302
246.576,271.4766626607547,24.900662660754705,3.736,4.113282767587192
174.37199999999999,164.05433642818443,-10.317663571815558,2.642,2.4856717640634005
44.55,97.93864930499002,53.388649304990025,0.675,1.4839189288634853
121.70400000000001,165.67526208772102,43.971262087721016,1.844,2.5102312437533487
330.00066,307.11560195446407,-22.885058045535914,5.00001,4.6532666962797595
205.722,219.3146481999088,13.59264819990878,3.117,3.322949215150133
159.32399999999998,132.30374853814712,-27.020251461852865,2.414,2.0046022505779866
194.30399999999997,242.16690992662222,47.86290992662225,2.944,3.669195604948822
251.46,257.69217959343797,6.232179593437962,3.81,3.904426963536939
224.39999999999998,202.739581853538,-21.66041814646198,3.4,3.071811846265727
41.843999999999994,46.350316953980226,4.506316953980232,0.634,0.7022775296057611
144.21,152.98047231327888,8.770472313278873,2.185,2.3178859441405892
285.97799999999995,214.65678553728185,-71.3212144627181,4.333,3.2523755384436646
112.86,122.45543120381625,9.595431203816247,1.71,1.8553853212699434
82.236,83.95452348597603,1.7185234859760214,1.246,1.2720382346360004
43.163999999999994,61.351619138416524,18.18761913841653,0.654,0.9295699869457049
58.278,50.71082417694743,-7.567175823052565,0.883,0.7683458208628399
116.292,123.74106034253684,7.449060342536839,1.762,1.8748645506444976
128.964,125.56880538840088,-3.3951946115991234,1.954,1.9025576574000134
67.584,71.97356263346704,4.389562633467037,1.024,1.0905085247495008
330.00066,261.0522549441964,-68.94840505580356,5.00001,3.9553371961241885
122.892,139.34488613095235,16.45288613095235,1.862,2.111286153499278
79.068,91.18114953164032,12.113149531640317,1.198,1.381532568661217
183.87599999999998,211.4069747625,27.530974762500023,2.786,3.20313598125
111.276,130.30856635501704,19.03256635501704,1.686,1.974372217500258
63.95399999999999,80.83266544813814,16.87866544813815,0.969,1.2247373552748204
49.5,54.541145216207866,5.041145216207866,0.75,0.8263809881243617
116.42399999999999,111.36702003141083,-5.056979968589161,1.764,1.6873790913850126
292.18199999999996,216.34053840138583,-75.84146159861413,4.427,3.277886945475543
220.308,199.25747260632568,-21.050527393674315,3.338,3.019052615247359
56.89199999999999,66.1605231569345,9.268523156934513,0.862,1.0024321690444622
330.00066,271.53693768273814,-58.46372231726184,5.00001,4.114196025496033
95.832,84.45915519209079,-11.372844807909203,1.452,1.2796841695771333
68.77199999999999,96.49428605370227,27.722286053702277,1.042,1.4620346371773072
71.21399999999998,89.03181463746449,17.817814637464508,1.079,1.3489668884464316
200.24399999999997,158.288432189643,-41.95556781035697,3.034,2.398309578630955
164.406,151.4696643611802,-12.936335638819799,2.491,2.2949949145633366
150.282,153.67931138902935,3.3973113890293405,2.277,2.328474414985293
134.57399999999998,137.07186631638868,2.497866316388695,2.039,2.0768464593392224
88.836,113.69742624396824,24.86142624396824,1.346,1.7226882764237612
281.226,273.0752669524068,-8.150733047593178,4.261,4.137504044733437
63.227999999999994,108.18391763115918,44.95591763115918,0.958,1.6391502671387754
31.349999999999998,55.860837300023995,24.510837300023997,0.475,0.8463763227276363
96.95400000000001,128.52299879376753,31.56899879376752,1.469,1.9473181635419323
126.588,121.03639562428589,-5.551604375714106,1.918,1.83388478218615
65.00999999999999,91.38116741786568,26.371167417865692,0.985,1.3845631426949345
230.34000000000003,206.4930578710186,-23.846942128981425,3.49,3.1286826950154336
80.982,106.39534559064036,25.41334559064036,1.227,1.6120506907672785
330.00066,321.04574241666626,-8.954917583333724,5.00001,4.86432943055555
123.486,130.14147239114405,6.655472391144045,1.871,1.97184049077491
167.64,152.1624307321361,-15.477569267863885,2.54,2.305491374729335
174.89999999999998,132.4272029443861,-42.47279705561388,2.65,2.0064727718846376
143.28599999999997,152.41786691716553,9.131866917165553,2.171,2.3093616199570532
85.60199999999999,90.63899195033838,5.03699195033839,1.297,1.3733180598536119
140.25,143.8425146467457,3.5925146467457125,2.125,2.1794320401022076
198.462,193.92441545660992,-4.537584543390068,3.007,2.9382487190395445
122.298,171.25558432770848,48.957584327708474,1.853,2.594781580722856
87.516,90.7971968470782,3.281196847078192,1.326,1.3757151037436093
148.5,150.27746344859327,1.7774634485932665,2.25,2.2769312643726254
185.52599999999998,234.52615661352215,49.000156613522165,2.811,3.553426615356396
123.75,124.34620381740338,0.5962038174033779,1.875,1.8840333911727787
231.0,114.17731742817249,-116.82268257182751,3.5,1.7299593549723107
83.48999999999998,96.53897847592697,13.048978475926987,1.265,1.4627117950898025
88.044,87.89776617402056,-0.14623382597943646,1.334,1.3317843359700086
134.97,135.9278121217823,0.9578121217822968,2.045,2.059512304875489
141.9,176.56470482232945,34.66470482232944,2.15,2.675222800338325
150.612,165.73218668477458,15.12018668477458,2.282,2.5110937376480997
105.66599999999998,113.68763906707836,8.021639067078382,1.601,1.7225399858648238
107.25,106.04874679354634,-1.2012532064536572,1.625,1.6067991938416113
92.92799999999998,124.59676451434885,31.668764514348865,1.408,1.887829765368922
224.862,205.73574498512698,-19.12625501487301,3.407,3.1172082573504087
303.59999999999997,257.4323653997253,-46.16763460027465,4.6,3.9004903848443226
127.05,121.35424502257557,-5.6957549774244285,1.925,1.8387006821602359
83.42399999999999,105.37493122035858,21.950931220358584,1.264,1.5965898669751302
111.80399999999997,115.68255455172523,3.8785545517252586,1.694,1.752765978056443
68.64,72.5948837720147,3.9548837720146963,1.04,1.0999224813941622
59.532,59.59747473445209,0.06547473445209562,0.902,0.9029920414310924
57.94799999999999,55.18872805148837,-2.759271948511625,0.878,0.8361928492649753
121.374,136.05209149592733,14.678091495927333,1.839,2.0613953256958686
211.33199999999997,252.8090523749999,41.47705237499994,3.202,3.830440187499999
114.83999999999999,106.31565625304546,-8.524343746954528,1.74,1.610843276561295
82.5,86.14194809220315,3.641948092203151,1.25,1.3051810317000476
46.397999999999996,55.1801636097418,8.7821636097418,0.703,0.836063084996088
79.728,93.83123111268051,14.103231112680518,1.208,1.4216853198890989
171.93,145.61965696601965,-26.31034303398036,2.605,2.206358438879086
284.85599999999994,301.25131854849434,16.3953185484944,4.316,4.5644139174014295
231.0,134.67479122023806,-96.32520877976194,3.5,2.040527139700577
78.012,102.7874206547619,24.775420654761902,1.182,1.5573851614357865
72.20400000000001,84.86064894002126,12.656648940021256,1.094,1.2857674081821404
178.59599999999998,196.72494282142864,18.128942821428666,2.706,2.980680951839828
330.00066,322.56387624999957,-7.436783750000416,5.00001,4.8873314583333265
286.96799999999996,194.57939405785166,-92.3886059421483,4.348,2.948172637240177
158.268,186.29364000102046,28.025640001020463,2.398,2.822630909106371
34.385999999999996,33.00656110461789,-1.3794388953821084,0.521,0.5000994106760286
85.8,80.23986007861376,-5.560139921386238,1.3,1.2157554557365722
118.272,87.05824771962102,-31.213752280378984,1.792,1.3190643593881974
61.314,70.00041866079327,8.686418660793272,0.929,1.060612403951413
203.28,144.78289653555424,-58.49710346444576,3.08,2.1936802505387005
232.45199999999997,273.76298600262095,41.31098600262098,3.522,4.147924030342741
63.09599999999999,103.85239561278196,40.75639561278197,0.956,1.5735211456482117
90.222,103.32410567736808,13.102105677368087,1.367,1.5655167526873952
76.23,100.24471637925717,24.014716379257166,1.155,1.5188593390796543
154.11,169.7728272554709,15.662827255470887,2.335,2.572315564476832
231.0,184.77483707066315,-46.22516292933685,3.5,2.7996187434948965
180.57600000000002,184.08478993719714,3.508789937197122,2.736,2.7891634838969264
155.298,170.9123833597873,15.614383359787297,2.353,2.5895815660573835
330.00066,300.77386120185946,-29.22679879814052,5.00001,4.557179715179689
41.711999999999996,53.42402673694407,11.712026736944075,0.632,0.8094549505597588
77.68199999999999,82.04671494080088,4.364714940800894,1.177,1.2431320445575893
173.646,200.7538971494048,27.107897149404806,2.631,3.0417257143849215
317.79,264.0812726613088,-53.70872733869123,4.815,4.001231403959224
