actual,prediction,error
0.477,0.5058451086134215,0.02884510861342149
0.458,0.6923441806850384,0.23434418068503843
5.00001,4.906257209853746,-0.0937527901462536
2.186,2.606003043445323,0.42000304344532324
2.78,2.304868795250486,-0.475131204749514
1.587,1.6460736937853215,0.05907369378532157
1.982,2.337424065548351,0.35542406554835115
1.575,1.6560979778107352,0.08109797781073524
3.4,2.620640687329325,-0.779359312670675
4.466,4.857732679518774,0.3917326795187739
1.232,1.281437785283983,0.04943778528398313
2.539,2.0425707415680665,-0.49642925843193364
2.151,1.6274672718917607,-0.5235327281082391
2.205,1.80445832021844,-0.40054167978155997
2.198,2.4250432965261512,0.2270432965261513
1.362,1.6107640946082544,0.24876409460825433
1.784,2.019790566413508,0.23579056641350804
1.875,1.8769974094654036,0.00199740946540361
1.398,1.4739763275983193,0.0759763275983194
1.375,0.8796367617873375,-0.4953632382126625
4.25,3.7905585664563306,-0.4594414335436694
4.056,3.6950160998938513,-0.3609839001061488
1.388,1.4919119170274178,0.10391191702741787
5.00001,3.9327606864574514,-1.0672493135425483
1.621,1.7738454278995135,0.1528454278995135
0.514,0.5517016042961674,0.037701604296167424
1.513,1.743340101730741,0.23034010173074115
0.948,1.0965351573610216,0.14853515736102163
2.041,1.6104457373235825,-0.4305542626764174
3.615,3.764216537469319,0.14921653746931884
0.851,0.9978110326963782,0.14681103269637819
1.384,1.3059664487177969,-0.07803355128220302
1.375,1.9921811160714298,0.6171811160714298
4.65,3.9498302222222224,-0.700169777777778
2.718,2.812082695932541,0.09408269593254115
2.394,2.530647843997633,0.13664784399763308
3.409,3.1951202639593266,-0.21387973604067323
1.504,1.5938309392749828,0.08983093927498276
1.281,1.2814930854460616,0.0004930854460616363
1.56,1.504091038611069,-0.05590896138893098
2.581,3.0650567836020404,0.4840567836020404
0.905,0.9693622232932368,0.06436222329323682
0.713,0.9933690546264646,0.28036905462646466
2.197,2.0649145439252194,-0.13208545607478062
1.51,1.5162038451486377,0.006203845148637699
2.901,2.1169880539097035,-0.7840119460902963
1.42,1.305250602432859,-0.11474939756714098
2.915,1.702237322360859,-1.2127626776391411
2.554,2.3905642766185995,-0.16343572338140033
0.981,1.0982916996381888,0.11729169963818886
2.519,2.4587199489229463,-0.06028005107705381
1.621,2.020811372766542,0.3998113727665422
1.294,1.7500518436303243,0.45605184363032425
0.894,0.7524476089474095,-0.14155239105259054
1.505,1.4195584923040707,-0.08544150769592918
1.338,1.8602034574370987,0.5222034574370986
0.804,0.7856489545764991,-0.018351045423500967
2.111,2.163650460491854,0.052650460491853845
2.556,2.02010578066493,-0.53589421933507
2.145,2.3013044091693704,0.15630440916937038
5.00001,4.060649544166911,-0.9393604558330884
2.021,2.2532833173192666,0.23228331731926666
0.815,0.994997628728313,0.17999762872831304
0.988,1.004701158044227,0.016701158044227116
2.819,2.9836414628338273,0.1646414628338273
1.846,1.829990595611001,-0.016009404388999116
2.547,1.5094811754864623,-1.0375188245135378
1.431,1.4404218299066396,0.009421829906639534
1.625,1.8142442227748727,0.18924422277487274
1.426,1.5499102347655564,0.12391023476555652
0.859,1.2276077090860078,0.3686077090860078
1.869,2.1054792555712787,0.2364792555712787
0.713,0.8871409759221323,0.1741409759221323
1.744,1.8396000885698869,0.09560008856988689
2.25,1.7779997480801868,-0.4720002519198132
1.465,2.1773986042105333,0.7123986042105332
4.05,4.049755857372665,-0.00024414262733518655
1.896,2.43121956604078,0.5352195660407801
1.644,1.8052699517813142,0.1612699517813143
3.375,2.864414286885713,-0.510585713114287
0.725,0.873901028566962,0.14890102856696197
1.438,1.6947444890259575,0.2567444890259576
1.6,1.9460264173532935,0.3460264173532934
1.181,2.0091085546388063,0.8281085546388063
3.74,3.956831281632654,0.21683128163265364
2.027,2.3386110848665225,0.31161108486652234
0.966,0.8848325933441838,-0.08116740665581612
0.658,0.7523709600994961,0.09437096009949608
1.674,2.0599442250403492,0.3859442250403493
1.798,2.234846425278176,0.43684642527817585
0.967,1.1860104533250697,0.21901045332506974
2.661,2.8105089965494114,0.1495089965494114
0.911,0.9396830444271773,0.028683044427177284
0.498,0.5057457423513828,0.007745742351382812
0.907,0.979931898388817,0.07293189838881697
1.158,1.3098598630696452,0.15185986306964527
2.786,3.6332103264880944,0.8472103264880944
2.5,1.6828955151719156,-0.8171044848280844
0.85,1.3261095957341271,0.47610959573412714
1.77,1.6741958786960356,-0.09580412130396443
0.997,1.351309109679438,0.3543091096794381
3.576,4.206925086833005,0.6309250868330047
4.75,3.2578068123308603,-1.4921931876691397
2.736,2.6258609847665193,-0.11013901523348091
1.824,2.2182280928640714,0.39422809286407134
1.578,1.5570426543628701,-0.02095734563712992
1.938,2.011169659814798,0.07316965981479817
3.336,2.9143421607608064,-0.4216578392391934
2.646,2.6591929673068107,0.013192967306810743
0.584,0.7928425712136892,0.2088425712136892
1.734,1.3697491431201396,-0.36425085687986036
2.148,2.3755841127583803,0.2275841127583802
2.0,2.981967580059524,0.981967580059524
4.228,3.723154485223474,-0.5048455147765258
0.936,1.613861071428571,0.677861071428571
1.222,2.003593034314973,0.7815930343149731
1.676,1.7114318924076133,0.03543189240761335
3.036,2.882139443120459,-0.15386055687954103
2.693,2.454007808116144,-0.238992191883856
2.644,2.144305168804113,-0.4996948311958871
1.91,1.769856793212234,-0.14014320678776593
1.538,1.8738964857851705,0.3358964857851705
2.755,3.157330684478716,0.402330684478716
2.088,1.8918601289191037,-0.19613987108089637
1.423,1.4431817919895114,0.02018179198951131
0.635,0.9009915428479216,0.2659915428479216
0.958,1.127400304388511,0.16940030438851106
2.317,2.1507323127310904,-0.16626768726890973
2.215,2.694705620258095,0.47970562025809516
0.895,1.9949715774141907,1.0999715774141907
2.26,3.186393385472658,0.9263933854726583
5.00001,4.966086527083326,-0.033923472916673525
2.702,2.81404978071869,0.11204978071868998
0.596,0.7449161550918598,0.14891615509185985
1.933,2.2714734603182984,0.3384734603182984
1.336,1.1873609308256592,-0.1486390691743409
1.619,2.31690239668415,0.6979023966841502
3.575,2.6932629556280854,-0.8817370443719148
2.765,2.3353421764565594,-0.42965782354344073
4.107,3.0495597537868173,-1.0574402462131829
3.75,2.5419348032682683,-1.2080651967317317
1.352,1.2530141011063685,-0.09898589889363163
1.672,1.452233958719735,-0.2197660412802649
2.52,2.4165655347026886,-0.10343446529731137
3.084,4.279024687685231,1.195024687685231
1.721,1.58361744606735,-0.1373825539326501
5.00001,4.519208903414942,-0.48080109658505776
1.938,2.0882373473696907,0.15023734736969074
1.052,1.0430846204880213,-0.008915379511978738
0.908,1.3880466707119166,0.48004667071191653
1.688,1.8215739430426297,0.1335739430426297
1.621,1.3189259517293874,-0.30207404827061257
1.612,1.6453212976551856,0.033321297655185544
1.375,1.4485728228720327,0.0735728228720327
2.893,2.9516165871769164,0.058616587176916646
2.787,2.8632555470789187,0.0762555470789188
1.617,2.3423216538145817,0.7253216538145817
2.31,2.364336733056984,0.054336733056984166
0.875,0.8627186506845952,-0.01228134931540481
0.957,1.0000581733481044,0.04305817334810447
2.406,2.346229154404262,-0.0597708455957382
2.141,2.079377035044851,-0.06162296495514896
4.286,4.081194831898591,-0.2048051681014087
1.25,1.460207331800144,0.21020733180014406
0.764,0.8363981745738144,0.07239817457381437
2.638,2.4807003776252,-0.15729962237479977
1.204,1.9711820843826726,0.7671820843826727
1.091,0.9186008533804781,-0.17239914661952183
1.706,2.1667088241088748,0.4607088241088748
2.574,2.434614458778955,-0.13938554122104474
3.2,3.2424010494082003,0.04240104940820011
2.896,3.18640991904762,0.29040991904762015
3.073,2.71035044140496,-0.3626495585950398
3.255,2.9867619503968257,-0.2682380496031742
0.584,0.616588201812158,0.032588201812158046
0.485,0.6341729024412622,0.14917290244126225
2.167,1.0704361024473594,-1.0965638975526404
0.979,1.0355612950841697,0.05656129508416974
1.586,1.6207550306085536,0.03475503060855356
0.69,0.738550142830202,0.04855014283020209
3.223,3.3084611174136307,0.08546111741363083
4.677,3.359912331097084,-1.3170876689029156
1.63,1.7754931734347434,0.14549317343474355
2.871,2.644025749819893,-0.22697425018010708
0.546,0.584070284286679,0.03807028428667891
0.904,1.1418546149091964,0.23785461490919635
1.555,1.5639305187546502,0.00893051875465023
1.75,2.511529751187953,0.7615297511879531
4.112,4.274864083035714,0.1628640830357142
3.321,2.995008917274462,-0.3259910827255381
1.412,1.5758560845114853,0.16385608451148537
2.471,2.714760807866349,0.2437608078663489
1.53,1.5389225865792917,0.00892258657929168
1.55,1.8607088261233318,0.3107088261233317
3.908,1.5385198553338482,-2.3694801446661518
0.9,0.8660874231958469,-0.03391257680415316
1.967,1.962005195758478,-0.004994804241521988
0.682,0.9374022780877093,0.2554022780877092
5.00001,5.000009999999992,-7.993605777301127e-15
0.921,1.1702730888865598,0.24927308888655975
2.979,2.9851812302541205,0.006181230254120429
5.00001,4.631911847754326,-0.36809815224567366
3.323,3.162446093895893,-0.16055390610410702
1.711,1.9580585797827896,0.24705857978278956
1.521,1.7695654402259646,0.24856544022596472
2.32,2.252196638173495,-0.06780336182650482
1.271,1.7929808697552445,0.5219808697552446
0.875,1.2320752166062827,0.3570752166062827
2.034,1.8869142514163681,-0.14708574858363166
2.286,2.0189739491728593,-0.2670260508271407
1.167,1.177548868998275,0.010548868998274896
4.167,4.876300818749994,0.7093008187499938
2.276,1.852744881329409,-0.42325511867059085
2.679,3.024689690825075,0.34568969082507506
0.972,1.2609466857945657,0.2889466857945657
1.375,1.4621839504786842,0.08718395047868421
1.988,2.008827888917343,0.020827888917342996
0.686,0.5914507671724378,-0.09454923282756222
3.525,2.8480597109555115,-0.6769402890444884
1.038,1.1398224503829675,0.10182245038296744
1.078,1.2990067238883234,0.22100672388832332
1.317,1.8299727958182364,0.5129727958182364
2.713,3.376135671832981,0.6631356718329808
0.973,1.980136037175909,1.007136037175909
0.95,1.0034548631940567,0.05345486319405679
0.675,1.4961623462794518,0.8211623462794517
3.261,3.1526686868467877,-0.10833131315321243
0.656,0.9313443086080586,0.2753443086080586
2.256,1.9998421243159423,-0.25615787568405746
2.638,3.265355611743103,0.627355611743103
3.483,2.8396538345166924,-0.6433461654833077
3.25,2.454129325545444,-0.7958706744545561
1.088,1.2114071328610747,0.12340713286107463
4.0,3.6646670210882037,-0.33533297891179625
1.384,1.4096694455486516,0.025669445548651693
0.61,0.7949058769090174,0.18490587690901739
4.531,4.192260072334368,-0.33873992766563177
5.00001,4.969122957660332,-0.03088704233966766
1.202,1.327381107308281,0.12538110730828111
3.292,2.9128112741896888,-0.37918872581031104
1.963,2.173789664006323,0.21078966400632293
1.5,1.0592847075972422,-0.44071529240275775
1.52,1.6349484860663002,0.11494848606630015
1.699,1.5419116652626694,-0.15708833473733064
1.375,1.891534530119119,0.5165345301191191
2.83,2.6521589998691337,-0.17784100013086634
4.045,2.590878529062121,-1.4541214709378791
1.935,2.3738513870314373,0.4388513870314372
2.051,2.9394673635912696,0.8884673635912694
1.456,1.6070714724436481,0.15107147244364816
2.25,1.0206924496071452,-1.2293075503928548
2.159,2.0977926932922744,-0.06120730670772545
1.585,1.6035781104075895,0.0185781104075895
1.247,1.3769741813328777,0.12997418133287764
0.654,0.7712266736155642,0.11722667361556416
2.802,2.13811270202369,-0.6638872979763102
1.805,1.760112888463265,-0.04488711153673486
1.054,1.2143130462715566,0.16031304627155651
1.0,1.0344031574992107,0.034403157499210746
1.663,1.5421541322210037,-0.12084586777899631
1.58,1.8944991796904194,0.3144991796904193
2.438,2.652484165909014,0.21448416590901376
3.629,3.698261906211843,0.06926190621184292
2.019,1.8437239441777535,-0.1752760558222466
0.526,0.846568169970008,0.32056816997000803
5.00001,3.8985558835327794,-1.1014541164672202
1.12,1.3003294803250738,0.18032948032507368
2.25,1.8395763144882196,-0.41042368551178043
4.399,3.9166957943452374,-0.4823042056547626
0.883,1.436348527894744,0.5533485278947441
5.00001,5.000009999999992,-7.993605777301127e-15
2.768,2.0656208380899144,-0.7023791619100854
1.792,1.6047125846368213,-0.18728741536317872
1.997,1.8863016639531718,-0.11069833604682833
1.32,1.3557764871105258,0.03577648711052572
0.613,0.8273136843275772,0.21431368432757725
1.719,2.2282862845055544,0.5092862845055544
1.238,1.334457643456629,0.0964576434566291
1.353,1.2569309860679099,-0.09606901393209011
1.371,2.3439399599735404,0.9729399599735404
1.293,1.5592512728082997,0.26625127280829974
2.279,2.341895911043236,0.06289591104323611
0.944,1.1238186612289873,0.17981866122898738
1.035,1.347958674622388,0.312958674622388
3.208,4.003063508349192,0.7950635083491919
1.25,3.831272389583332,2.581272389583332
3.324,3.281234821464998,-0.04276517853500206
1.591,1.554929836083374,-0.036070163916625875
2.369,2.329303458290613,-0.0396965417093873
4.616,4.776718131845232,0.16071813184523265
1.569,1.6291526335134214,0.06015263351342148
1.482,1.0996555479974024,-0.3823444520025976
1.665,1.6289740517687175,-0.03602594823128258
1.969,2.397679314755314,0.42867931475531384
1.678,1.8098962136287788,0.1318962136287789
1.267,0.9741498748438986,-0.2928501251561013
5.00001,4.3287709795305025,-0.6712390204694971
0.579,0.5874897874373861,0.008489787437386154
2.38,2.2652649233239375,-0.11473507667606242
1.42,1.8775579328011431,0.4575579328011432
0.869,1.1720357443103726,0.3030357443103726
0.56,0.7112285233559155,0.1512285233559154
5.00001,4.976615614583326,-0.02339438541667338
1.124,1.190545879460418,0.0665458794604179
0.636,1.1068138773764145,0.47081387737641445
4.313,4.584909481845235,0.27190948184523567
2.659,2.4456885342158614,-0.2133114657841384
0.58,0.5992394614567556,0.01923946145675559
1.941,3.680215220195069,1.7392152201950688
1.428,1.5901826605062408,0.16218266050624086
1.787,1.6394421549271658,-0.1475578450728341
1.875,2.2377116117198765,0.36271161171987654
2.25,1.9621635423917005,-0.28783645760829946
3.13,2.59106851044865,-0.53893148955135
5.00001,5.000009999999992,-7.993605777301127e-15
1.536,1.4995251341559683,-0.0364748658440317
0.623,0.7504114619612143,0.12741146196121433
1.945,2.1052951896379763,0.1602951896379763
1.639,1.6495174005398396,0.010517400539839628
3.988,3.86732195,-0.12067804999999998
2.041,2.7905835308769915,0.7495835308769916
1.993,2.245476405088099,0.252476405088099
1.767,2.2506622882717284,0.4836622882717285
5.00001,4.824374312896822,-0.17563568710317767
2.489,2.0892906290941484,-0.39970937090585146
1.5,1.5278491830122707,0.027849183012270684
2.317,2.051737367106074,-0.26526263289392604
0.58,0.9828252909538572,0.4028252909538572
1.26,1.414450362150449,0.15445036215044894
1.633,1.6320422735489601,-0.0009577264510398642
1.134,1.2341522547865453,0.10015225478654544
3.0,2.3109972264300476,-0.6890027735699524
3.109,3.126519873378621,0.017519873378621043
2.188,1.9313751307120566,-0.2566248692879436
0.704,0.7058807306425473,0.0018807306425473458
2.377,2.9464499307693366,0.5694499307693368
1.188,1.1443387096501316,-0.04366129034986832
0.731,0.6953903811813185,-0.03560961881868152
0.75,1.1055035335959764,0.3555035335959764
4.507,4.1724143005952365,-0.3345856994047631
2.402,2.4158338881056816,0.013833888105681424
0.658,0.6570045478003291,-0.0009954521996708987
0.647,0.6979568192791825,0.0509568192791825
1.751,2.1728024582265526,0.4218024582265527
2.237,2.2957378311031125,0.05873783110311237
0.963,1.049963526559979,0.08696352655997897
4.051,3.8485287390755145,-0.20247126092448564
3.768,3.284188214182916,-0.4838117858170836
5.00001,4.985578033333326,-0.014431966666673901
3.5,2.7504842763754658,-0.7495157236245342
1.625,2.0200137306974364,0.3950137306974364
1.773,1.8592499817591293,0.08624998175912935
0.984,1.1206208309138128,0.13662083091381283
1.388,1.1629519391184955,-0.22504806088150442
1.75,2.3673517023054775,0.6173517023054775
2.609,1.9594625566629305,-0.6495374433370695
1.047,0.8416885119270423,-0.20531148807295763
1.595,2.097091969666096,0.5020919696660961
2.959,2.8822881900196182,-0.07671180998038185
1.375,3.4078296538908885,2.0328296538908885
5.00001,4.180109843473611,-0.8199001565263888
2.27,2.2310545008969846,-0.03894549910301537
2.639,2.3502035266884507,-0.2887964733115491
1.604,1.5016506224285646,-0.10234937757143547
1.42,1.45237080891754,0.03237080891754007
1.625,1.6435644507147509,0.01856445071475088
2.304,1.7449194222880906,-0.5590805777119092
5.00001,4.533702439670195,-0.46630756032980436
2.177,2.6973772213518874,0.5203772213518874
1.83,2.117601990474945,0.2876019904749447
2.458,1.8934022811279239,-0.5645977188720763
1.292,1.3443162525824317,0.052316252582431666
0.604,0.7145921782579279,0.11059217825792789
0.675,0.8538740051408041,0.1788740051408041
2.952,3.1577264991881115,0.2057264991881116
1.926,1.9798241340734357,0.05382413407343578
1.506,1.5338175066083504,0.027817506608350362
1.257,1.4891837183703045,0.2321837183703046
0.634,0.8445878282551869,0.21058782825518685
1.513,1.85093849032848,0.3379384903284801
2.456,3.2320748214795985,0.7760748214795985
5.00001,4.863497991151865,-0.13651200884813441
1.655,1.7505350562646709,0.09553505626467085
1.135,1.1815214690901716,0.04652146909017163
3.222,3.2203089915178573,-0.001691008482142653
3.625,4.327675569701861,0.702675569701861
0.696,0.800780267565468,0.1047802675654681
1.561,1.6273777303705625,0.0663777303705626
0.875,1.2565543816549138,0.38155438165491384
1.931,1.9702576734186,0.03925767341859987
2.18,2.1896834646692485,0.009683464669248298
1.018,0.9847083292144225,-0.03329167078557749
1.291,1.1226656309374827,-0.1683343690625172
1.563,1.1796763183875636,-0.38332368161243635
1.832,1.7162289959261763,-0.11577100407382379
1.481,1.6157066803224065,0.1347066803224064
5.00001,4.990283006249991,-0.009726993750008184
2.221,3.2764119121158317,1.0554119121158316
1.676,1.802854342387827,0.126854342387827
1.845,2.1272430101315565,0.2822430101315565
3.7,4.066383401750047,0.36638340175004647
2.394,2.481269430536103,0.08726943053610281
1.667,1.679131269576494,0.012131269576493908
2.333,1.9539381323495668,-0.37906186765043337
2.4,2.412351928697259,0.012351928697258874
0.913,1.0808946413294067,0.16789464132940668
4.835,4.872117709253621,0.037117709253621456
1.505,1.6393977693053707,0.13439776930537084
0.995,1.4590760703195875,0.46407607031958753
2.402,2.199131395377234,-0.20286860462276612
0.955,1.1666138740597651,0.21161387405976517
5.00001,4.983123499999993,-0.016886500000006244
2.516,2.0694675230056303,-0.4465324769943697
1.208,1.081778466973602,-0.12622153302639805
1.357,1.1942370955883173,-0.16276290441168273
2.254,2.1529946023082602,-0.10100539769173977
5.00001,4.240734385444692,-0.7592756145553077
0.851,1.1897714517638651,0.33877145176386514
5.00001,3.8540760970396546,-1.145933902960345
1.648,1.5897161917775224,-0.05828380822247747
1.116,1.4443654563492063,0.3283654563492062
1.61,1.4786685516433158,-0.1313314483566843
2.137,2.1091640277777786,-0.02783597222222145
1.165,1.229117235501572,0.064117235501572
3.5,3.7202149116071417,0.22021491160714168
1.599,2.1909545942097797,0.5919545942097797
4.383,3.0754849863176092,-1.3075150136823908
1.711,1.6955368102347212,-0.015463189765278829
2.711,2.8999819257886976,0.18898192578869777
5.00001,2.330372537724957,-2.6696374622750425
0.68,1.0127031191772187,0.3327031191772186
1.917,2.0907779281841004,0.17377792818410032
2.559,2.6762742436865006,0.11727424368650041
1.125,1.3279934606361206,0.20299346063612056
1.822,1.7166391479706504,-0.10536085202934964
3.476,3.103456876294193,-0.3725431237058068
3.32,3.106412378694832,-0.21358762130516773
1.109,1.2411593947300674,0.13215939473006744
2.119,2.135462733335231,0.01646273333523096
2.625,2.414556529217126,-0.21044347078287418
2.379,2.2742909668840507,-0.10470903311594926
0.9,1.4695420580022795,0.5695420580022795
4.272,3.7076967920205868,-0.5643032079794135
3.705,3.4521638393055554,-0.2528361606944447
1.163,1.0791003714405425,-0.08389962855945754
1.708,1.7467861211068336,0.03878612110683366
2.855,3.102246358886937,0.24724635888693713
1.115,1.5566575189943865,0.44165751899438654
0.832,1.310101862008273,0.478101862008273
2.482,2.2835471981302247,-0.19845280186977554
3.955,3.3801347825835464,-0.5748652174164537
2.183,2.1316231640670127,-0.05137683593298714
5.00001,4.836511107718116,-0.16349889228188363
0.889,0.9055550558606921,0.01655505586069206
1.81,1.8480979434987561,0.03809794349875606
2.809,3.5070883359986396,0.6980883359986394
3.453,3.018101925967225,-0.43489807403277503
1.81,2.018834703520196,0.20883470352019584
1.922,2.0650757620979276,0.14307576209792772
0.781,0.6519812472501232,-0.12901875274987684
0.75,1.2894043505162713,0.5394043505162713
4.333,4.059804388690477,-0.2731956113095233
1.601,1.5712451593706631,-0.029754840629336865
1.092,1.2726528462783924,0.1806528462783923
0.962,1.2825551867137266,0.3205551867137266
1.914,1.6347038631038278,-0.27929613689617216
3.6,2.1214653592490835,-1.4785346407509166
1.856,2.270963407308603,0.4149634073086028
1.188,1.1366130765416749,-0.05138692345832507
1.227,1.0878711855294594,-0.1391288144705407
2.063,1.9921357614097375,-0.0708642385902627
1.956,1.3917977212500998,-0.5642022787499001
0.756,0.9475230581260268,0.19152305812602677
1.043,1.11849817172304,0.07549817172304008
3.859,4.21777343082263,0.35877343082263025
1.139,1.4559889654230203,0.31698896542302024
0.794,1.1325138687441434,0.33851386874414335
0.813,0.8122365795813952,-0.0007634204186047766
1.292,1.8799753981614338,0.5879753981614337
0.735,0.8532033628290572,0.11820336282905719
1.759,1.717999603709794,-0.04100039629020591
1.424,1.5653326458465098,0.14133264584650984
2.341,2.1342880654423926,-0.2067119345576076
2.867,2.8668544398480607,-0.00014556015193933902
0.925,1.2264032005082932,0.30140320050829317
1.701,1.709396829922449,0.008396829922448834
1.618,1.6659111570615834,0.04791115706158333
2.253,2.4411272818476606,0.18812728184766048
1.706,1.4393718185196092,-0.2666281814803908
3.194,3.083807722649318,-0.11019227735068204
0.958,0.8516839497916505,-0.10631605020834944
0.734,0.8706040065736789,0.13660400657367888
0.936,1.271671779685291,0.33567177968529094
0.517,0.5445970100098126,0.027597010009812628
3.587,3.5478922171105167,-0.03910778288948347
0.647,0.7035303951395874,0.05653039513958735
3.442,2.8697199151428996,-0.5722800848571006
3.14,3.179868262050654,0.03986826205065386
1.857,2.1018136402745546,0.24481364027455466
2.793,2.6251386769316434,-0.16786132306835677
1.194,1.9513748582995138,0.7573748582995139
2.804,2.8439804724707827,0.039980472470782846
1.871,2.189957520563432,0.3189575205634321
0.838,0.7961949295085395,-0.04180507049146043
3.093,2.348918777692009,-0.7440812223079911
2.292,2.8790433383387457,0.5870433383387459
2.45,2.246025772055234,-0.20397422794476627
2.276,2.7073722404401974,0.4313722404401976
5.00001,4.563113407373769,-0.4368965926262307
3.208,2.5478344753797115,-0.6601655246202887
1.473,1.5239382839895252,0.05093828398952516
1.623,1.887588394015982,0.2645883940159821
2.659,2.7598473454942924,0.10084734549429264
5.00001,4.6176195770833335,-0.38239042291666614
1.891,2.1099340600611813,0.21893406006118132
3.164,4.05164571939655,0.8876457193965499
1.819,1.769797430975217,-0.04920256902478304
2.615,3.433565954644294,0.8185659546442938
0.69,0.6893741245986399,-0.0006258754013600543
1.813,2.690198029166666,0.8771980291666661
2.93,3.0142133694096436,0.08421336940964341
1.111,1.3122532792250419,0.20125327922504188
2.183,2.6950494040731487,0.5120494040731489
1.472,1.4594807994266132,-0.012519200573386735
2.438,1.6764158327708394,-0.7615841672291608
2.23,2.145500808669161,-0.08449919133083883
1.375,1.5320575967576124,0.15705759675761244
0.606,0.6363727882574494,0.03037278825744938
2.75,1.6344568541666664,-1.1155431458333336
3.5,2.4894060832013514,-1.0105939167986486
1.712,1.4807012249831286,-0.23129877501687135
0.835,0.9586127935718988,0.1236127935718988
2.25,2.7889825622840116,0.5389825622840116
1.656,1.788507794875947,0.132507794875947
1.52,1.671802444026707,0.15180244402670695
1.92,2.087329517045454,0.16732951704545407
2.542,2.8856873164619747,0.3436873164619749
1.5,0.9960358133494458,-0.5039641866505542
2.125,2.4533844473197006,0.3283844473197006
0.804,0.6712775189844651,-0.13272248101553497
2.065,2.5076481831727198,0.4426481831727198
3.311,3.366615786446045,0.055615786446045146
2.014,2.4963624560859854,0.4823624560859856
1.884,1.8327639141534278,-0.05123608584657213
1.954,1.945900168219462,-0.008099831780537858
4.425,4.419738388988093,-0.005261611011906808
1.527,1.8929882967364768,0.3659882967364769
5.00001,5.000009999999992,-7.993605777301127e-15
2.398,2.5732658991533537,0.17526589915335355
1.594,1.118067939625407,-0.4759320603745931
0.918,1.245943398694838,0.327943398694838
2.409,2.5998293104654744,0.19082931046547458
1.364,1.4485179501442182,0.08451795014421815
1.036,0.9646572736999867,-0.07134272630001337
1.325,1.4086925503058534,0.08369255030585343
2.929,3.0141638169728866,0.08516381697288677
0.628,1.5764940575396824,0.9484940575396824
1.121,1.2210517086770079,0.10005170867700786
0.891,0.8102765655289466,-0.08072343447105346
1.207,1.2206003303452804,0.013600330345280298
4.714,3.744129848457793,-0.9698701515422075
3.147,3.6372950115348983,0.4902950115348985
2.264,2.544813147186795,0.2808131471867954
4.097,3.009217602946495,-1.0877823970535054
1.49,1.4233255285066506,-0.06667447149334937
1.717,3.9996639617096834,2.2826639617096833
2.355,3.3458045742559506,0.9908045742559506
3.228,2.8384814150749644,-0.38951858492503577
2.445,2.65095788660881,0.2059578866088101
1.622,1.8110595565221304,0.18905955652213025
3.409,3.693079693238947,0.28407969323894733
0.574,0.5089231032636836,-0.06507689673631634
1.989,2.130107598641094,0.14110759864109368
1.097,1.686918695037535,0.589918695037535
1.375,1.2071454097670213,-0.16785459023297866
0.857,1.3295345771614349,0.4725345771614349
0.983,0.9122478226911148,-0.07075217730888517
1.782,1.6900443786308201,-0.0919556213691799
1.375,2.4815700801651306,1.1065700801651306
2.75,2.757029851190477,0.007029851190476943
3.815,3.128413554924242,-0.6865864450757582
5.00001,4.956227515882409,-0.04378248411759067
5.00001,4.795182537460835,-0.20482746253916506
1.792,1.6067901442307693,-0.18520985576923077
2.045,2.2507762876256505,0.2057762876256506
3.941,4.183225871031746,0.24222587103174575
1.844,1.8337426961251235,-0.010257303874876555
1.74,1.5931200733019573,-0.14687992669804273
0.807,0.9441138149847511,0.13711381498475106
1.896,1.9160493427623446,0.020049342762344713
0.6,0.8265252939658614,0.2265252939658614
1.266,1.1394915549652453,-0.12650844503475467
2.625,2.409271948032635,-0.215728051967365
1.392,1.373737575379503,-0.018262424620496986
0.513,0.5621218788946054,0.0491218788946054
2.292,2.441993001914744,0.14999300191474418
1.011,1.6324515636721504,0.6214515636721505
0.977,0.9223956736061876,-0.05460432639381241
1.583,1.463225648068248,-0.11977435193175201
3.491,3.9519562663690464,0.4609562663690463
0.855,1.190679363869108,0.335679363869108
2.141,2.6078794609843916,0.4668794609843916
2.271,2.288294995000835,0.0172949950008352
1.557,1.3373166535676877,-0.21968334643231224
0.668,0.9107217526927733,0.2427217526927733
2.073,2.2327426451095436,0.1597426451095436
2.228,1.9311819173991853,-0.2968180826008149
3.545,3.582256975711515,0.03725697571151487
3.405,3.231007990634321,-0.1739920093656786
0.529,0.6246041048591077,0.09560410485910764
1.406,1.7764559898702763,0.3704559898702764
1.508,1.9118017929915854,0.40380179299158536
0.561,0.7646165939571129,0.20361659395711285
2.596,2.8204500876010195,0.22445008760101937
3.189,3.014188539858844,-0.1748114601411559
1.484,2.4109493350313707,0.9269493350313707
2.899,2.355115954294563,-0.543884045705437
1.618,2.236083890476189,0.618083890476189
2.55,2.1244429815290666,-0.4255570184709332
0.875,1.3202192753602946,0.4452192753602946
2.45,2.980463072004548,0.5304630720045478
3.05,3.147892899663133,0.09789289966313319
2.15,2.8699962321711787,0.7199962321711788
2.49,2.8754991964691743,0.3854991964691741
5.00001,5.000009999999992,-7.993605777301127e-15
3.2,2.41277651327543,-0.78722348672457
1.74,1.9054156305512073,0.16541563055120734
2.925,2.4627671040069896,-0.4622328959930102
5.00001,4.799473959577918,-0.20053604042208129
2.899,3.048910164719501,0.14991016471950092
4.384,3.5157762221762057,-0.8682237778237947
1.82,1.9525806709132643,0.1325806709132642
1.705,2.0594995024211813,0.3544995024211812
0.692,0.724622855223214,0.032622855223214065
0.956,1.1974900356199076,0.24149003561990767
2.728,3.3278078139652,0.5998078139651999
0.813,1.8804484999999995,1.0674484999999996
2.724,2.8469678830772893,0.12296788307728912
1.526,1.6078602170040983,0.08186021700409829
0.559,0.7728409448815596,0.21384094488155958
2.135,2.1324921554792153,-0.0025078445207844524
3.313,1.6598203242902934,-1.6531796757097068
2.018,1.934292871632356,-0.08370712836764382
0.571,0.7264456993072526,0.1554456993072526
3.318,3.7980439711264666,0.4800439711264666
3.659,2.144966177534112,-1.5140338224658878
1.275,1.0634486770077107,-0.21155132299228918
1.118,0.9913789040747434,-0.12662109592525672
3.537,2.6606691106569444,-0.8763308893430555
2.293,2.376831028160077,0.08383102816007693
0.875,1.001385305964641,0.12638530596464093
2.375,2.503905122278355,0.12890512227835504
1.133,0.9217323277191689,-0.2112676722808311
1.125,1.1234158534251086,-0.0015841465748913652
1.385,1.073677381683242,-0.3113226183167581
3.074,3.603528414639056,0.529528414639056
1.009,1.2016705550384867,0.19267055503848685
0.978,0.9542445656125176,-0.0237554343874824
1.767,2.228149757848575,0.46114975784857526
2.18,2.1438294575369716,-0.03617054246302853
2.906,2.0999958741312446,-0.8060041258687556
1.577,1.8089320676047138,0.23193206760471385
3.48,3.421866374923687,-0.058133625076313145
0.672,0.8434138282982667,0.17141382829826668
2.604,2.242807907467179,-0.3611920925328209
1.236,1.4518923759920637,0.21589237599206368
0.675,0.6597077503315385,-0.015292249668461544
1.307,1.546256545697646,0.2392565456976461
0.66,0.886874613689477,0.22687461368947692
1.666,1.8039194117155009,0.13791941171550093
2.256,2.0551986678186673,-0.20080133218133245
2.571,2.1288354743516815,-0.44216452564831865
5.00001,4.83167175694444,-0.16833824305556
1.139,1.2635910210245112,0.12459102102451114
0.91,1.2514691211441706,0.3414691211441706
2.174,1.9327545754715665,-0.24124542452843345
0.96,1.0039441065873116,0.04394410658731163
1.292,1.1372257106482664,-0.15477428935173365
3.502,3.4986128881635827,-0.003387111836417045
4.421,4.936048500675671,0.5150485006756709
2.229,1.5448253677227144,-0.6841746322772857
0.813,0.807348760640622,-0.005651239359377946
1.606,1.6612165242646781,0.055216524264678046
5.00001,3.2327064736164806,-1.767303526383519
3.412,3.3790823336390545,-0.0329176663609454
2.879,2.8147780132516873,-0.0642219867483127
3.447,4.468880286244456,1.021880286244456
1.8,1.868927136513269,0.06892713651326887
1.678,2.2431603922212044,0.5651603922212045
0.55,0.7725465604044938,0.22254656040449372
0.508,0.5158604714092888,0.007860471409288805
1.426,1.9997934056843938,0.5737934056843939
2.358,2.052443871108761,-0.3055561288912392
1.127,1.4316028557799556,0.3046028557799556
2.102,2.031229139671176,-0.07077086032882374
2.107,1.0690129146846874,-1.0379870853153128
0.654,0.6443784697174456,-0.009621530282554414
1.625,1.790971784877564,0.16597178487756392
1.503,1.6693948080143837,0.16639480801438378
5.00001,4.665512767892334,-0.33449723210766535
1.014,1.2631250005120624,0.24912500051206243
2.218,2.796876194894864,0.578876194894864
2.603,2.2906364496957776,-0.3123635503042226
1.788,1.8988977882605806,0.11089778826058061
1.704,1.697762105646128,-0.006237894353871898
3.194,3.5846985573004573,0.3906985573004573
1.906,2.1765684881231935,0.27056848812319356
1.841,1.9888759767811084,0.14787597678110842
1.911,2.061427278161637,0.15042727816163692
1.496,2.2013260469997746,0.7053260469997746
5.00001,4.3937507744047615,-0.6062592255952381
1.834,1.9011467499500405,0.06714674995004044
4.441,3.802616894976552,-0.6383831050234479
2.427,2.602709039031915,0.17570903903191493
0.762,0.9969420829535632,0.23494208295356322
1.329,1.5340144807777776,0.20501448077777762
4.098,3.0466699162612767,-1.0513300837387232
1.125,0.9802321849341775,-0.14476781506582248
3.766,3.1064459339907193,-0.6595540660092807
0.505,1.0026413036004853,0.4976413036004853
5.00001,3.959977910176729,-1.0400320898232707
2.095,1.9286333448023736,-0.1663666551976266
0.778,0.8552000199745594,0.07720001997455939
2.997,3.1750173663003873,0.17801736630038745
3.75,2.4935931099919024,-1.2564068900080976
1.565,1.1673343699320649,-0.3976656300679351
2.4,2.777004989492852,0.377004989492852
0.772,0.8582956958761983,0.08629569587619823
0.985,0.8268968387492481,-0.15810316125075186
5.00001,3.4278618693783067,-1.572148130621693
1.104,1.7237906337137219,0.6197906337137218
0.864,1.5756416535082638,0.7116416535082638
2.304,2.292151370621685,-0.011848629378314879
1.639,2.1610095999981676,0.5220095999981675
5.00001,4.494907544742058,-0.5051024552579415
0.495,0.7949718142220104,0.29997181422201036
1.074,1.27061965656198,0.19661965656198
3.625,1.862061927083333,-1.762938072916667
1.45,1.473282070674711,0.023282070674710997
2.185,2.4493274806797416,0.26432748067974154
1.301,1.494481200604889,0.19348120060488916
1.46,1.5537247284959186,0.09372472849591862
1.525,1.1979400684867667,-0.3270599315132332
4.572,4.533001135691159,-0.03899886430884081
1.652,1.6381125269615182,-0.013887473038481701
3.947,3.5381632861306995,-0.40883671386930054
1.444,1.4554079188515776,0.011407918851577659
1.366,1.1023329618513915,-0.2636670381486086
2.164,2.25183219997595,0.08783219997594971
1.39,1.3677362983879604,-0.0222637016120395
1.038,1.1972450000335242,0.15924500003352415
4.885,3.6807175691336456,-1.2042824308663542
2.271,2.526149862800394,0.2551498628003941
2.38,2.107670269069849,-0.2723297309301511
2.156,3.0948323609779687,0.9388323609779685
2.923,3.577395359700951,0.6543953597009509
1.459,1.4985903975771317,0.039590397577131675
1.873,2.109173908819206,0.23617390881920586
1.854,1.6541659689903614,-0.1998340310096387
2.8,2.2352685328907995,-0.5647314671092003
1.411,1.3271378508341258,-0.0838621491658742
1.909,2.401417956648792,0.49241795664879207
2.625,1.8420249255952386,-0.7829750744047614
4.42,3.3832612395833346,-1.0367387604166654
2.748,2.852411727536137,0.10441172753613692
0.855,0.8296427179205546,-0.02535728207944543
2.318,2.6512085780147325,0.33320857801473247
3.02,2.9515041268955047,-0.06849587310449534
2.358,3.19444766027551,0.83644766027551
0.722,0.9524513639711392,0.2304513639711392
1.824,1.743727758615579,-0.08027224138442102
5.00001,4.858088575137359,-0.14192142486264103
0.787,0.7768850993606476,-0.010114900639352387
1.813,2.303098203967883,0.49009820396788295
1.98,2.2298687184648864,0.24986871846488645
1.996,2.1894059986998635,0.19340599869986352
0.633,0.9040229995645331,0.27102299956453313
0.94,1.3755425004246298,0.43554250042462983
1.868,1.766228539683476,-0.10177146031652406
1.17,1.2979827180790688,0.1279827180790689
1.178,1.1576559287976536,-0.02034407120234638
1.21,1.4640615193787363,0.25406151937873633
2.309,1.8777272592890437,-0.43127274071095645
4.273,3.914621301207171,-0.3583786987928286
1.281,1.5543885824924166,0.2733885824924167
3.847,2.521986544096909,-1.325013455903091
2.904,2.7331135599684986,-0.17088644003150133
0.913,1.2316582635953015,0.31865826359530147
0.619,0.8534785303164047,0.23447853031640475
2.322,2.3536425785701627,0.031642578570162616
1.296,1.233416115334074,-0.06258388466592613
1.275,1.048834995562083,-0.22616500443791687
1.505,1.6184092360745752,0.11340923607457531
1.875,1.1471857355678337,-0.7278142644321663
4.379,4.510567829941547,0.13156782994154703
1.265,2.3224696166790073,1.0574696166790074
4.534,4.268078816815476,-0.26592118318452407
2.294,2.2155181141534226,-0.07848188584657745
3.649,3.698083976436949,0.04908397643694906
1.919,2.0279448696789313,0.10894486967893124
0.875,1.4046917379289252,0.5296917379289252
0.3,0.8861808788235669,0.586180878823567
3.357,2.705536920532631,-0.6514630794673693
2.421,2.3412624740406907,-0.07973752595930916
1.737,2.0971557245829446,0.36015572458294454
0.541,0.5208658009279177,-0.02013419907208236
2.078,1.9790545941880786,-0.09894540581192124
1.125,0.7273780520541552,-0.3976219479458448
1.667,1.8269756469622611,0.15997564696226108
2.718,2.4501019845174103,-0.2678980154825896
1.411,1.5313491293811388,0.12034912938113873
3.75,2.100253170182388,-1.649746829817612
1.616,1.6703613722857007,0.05436137228570059
1.594,2.1126140443190016,0.5186140443190015
0.863,1.0799563256150064,0.21695632561500644
2.563,2.487249933782118,-0.07575006621788205
2.132,2.2360688551380647,0.10406885513806463
2.541,2.15335064986179,-0.3876493501382101
1.326,1.4508774836685718,0.12487748366857176
1.693,1.7608084996609807,0.06780849966098068
3.477,3.7237436580899157,0.24674365808991583
1.597,1.5500517939961023,-0.04694820600389771
0.909,1.7358442741729696,0.8268442741729696
2.905,2.5604700914379537,-0.3445299085620461
1.899,2.5341549910665493,0.6351549910665493
4.956,4.777341146428569,-0.17865885357143174
3.333,3.7475666841486692,0.41456668414866904
1.838,1.8103928462061671,-0.02760715379383294
1.89,1.9091304857242393,0.019130485724239366
1.575,1.3992760531135533,-0.17572394688644666
0.666,0.6239830840639318,-0.042016915936068266
1.324,1.6137549122373973,0.28975491223739724
1.56,1.6186075829714874,0.05860758297148738
3.481,2.8689550859361104,-0.6120449140638895
2.264,2.7362467023036787,0.47224670230367893
0.742,1.1647967544641382,0.4227967544641382
1.583,1.6081770674337919,0.02517706743379189
5.00001,4.999962701013505,-4.729898649458164e-05
1.655,1.8907159536216036,0.23571595362160358
3.295,2.7075109132530533,-0.5874890867469467
1.396,1.7882802446340862,0.3922802446340863
1.529,1.4139657642541335,-0.11503423574586646
3.673,2.8622689160347057,-0.8107310839652944
0.7,0.8366621630151908,0.13666216301519085
0.974,1.2174309099486011,0.24343090994860117
0.659,0.9780673704987393,0.31906737049873923
0.493,0.5157882353480017,0.022788235348001673
1.541,1.6737798928746108,0.1327798928746109
2.728,2.0509846299775014,-0.6770153700224988
2.471,2.796244759930755,0.32524475993075486
2.688,1.929092558897113,-0.7589074411028871
2.476,2.0635775972149966,-0.4124224027850034
4.168,3.400345615796719,-0.767654384203281
1.216,1.204892721897016,-0.011107278102983953
1.717,1.652583866267097,-0.064416133732903
1.738,2.289533915231547,0.551533915231547
2.356,2.736753097669859,0.3807530976698592
2.601,2.56683111597564,-0.034168884024360135
2.0,2.0330270875557734,0.03302708755577344
2.966,2.4807023886378077,-0.4852976113621925
3.746,2.3612426885160884,-1.3847573114839116
1.778,2.13919613546176,0.3611961354617601
2.695,2.886933268586157,0.191933268586157
0.62,0.7798515345451513,0.15985153454515133
1.976,2.138150827493134,0.16215082749313403
0.527,0.7334413109786126,0.20644131097861262
1.914,1.8725509536158267,-0.04144904638417324
3.177,3.157932723214285,-0.01906727678571496
3.294,2.6665237731482696,-0.6274762268517304
3.307,4.010210673474138,0.7032106734741377
1.874,2.116767880390102,0.2427678803901019
2.865,2.0678181716495705,-0.7971818283504297
5.00001,2.0385487291666666,-2.961461270833333
1.339,1.9627460891253015,0.6237460891253015
1.998,2.136444936718484,0.13844493671848412
0.45,0.6640086631866696,0.2140086631866696
3.546,3.1374540028405,-0.4085459971595
2.638,2.595280871317899,-0.042719128682100926
2.784,2.532285104009431,-0.2517148959905686
1.604,1.5421994750872932,-0.06180052491270693
2.413,2.5797602885491324,0.1667602885491326
2.083,2.022497604034038,-0.0605023959659623
2.636,2.6403291162474414,0.004329116247441256
1.45,1.6491697094602398,0.19916970946023982
1.325,1.6156060016823066,0.29060600168230666
1.838,1.990371896676725,0.1523718966767249
0.811,0.756269439441309,-0.05473056055869108
1.765,1.9882005142112764,0.2232005142112765
2.555,2.064561763268276,-0.49043823673172415
1.661,2.203402550685706,0.542402550685706
1.02,1.5800673142182657,0.5600673142182657
0.861,1.1764804538797524,0.31548045387975243
1.006,0.8946310436889128,-0.11136895631108723
5.0,4.107810958333332,-0.8921890416666676
2.099,2.63541122901563,0.5364112290156298
0.525,0.7691177518027599,0.24411775180275985
2.629,2.310834612906612,-0.31816538709338804
1.588,1.6015763926452162,0.013576392645216151
2.095,1.9969482267325642,-0.09805177326743597
3.5,2.0303173308795306,-1.4696826691204694
2.171,2.3575797154414864,0.18657971544148655
1.414,1.2782288007341875,-0.13577119926581238
0.934,0.9857974744352868,0.051797474435286706
1.982,1.7367467201359716,-0.24525327986402834
1.872,1.9404796408199363,0.06847964081993618
1.853,1.9331704052550425,0.08017040525504249
5.00001,4.302451241071424,-0.6975587589285759
2.813,1.952974940017188,-0.8600250599828121
1.036,1.1647659738276066,0.12876597382760657
2.879,3.0565152138009557,0.1775152138009557
2.083,2.0694988904134592,-0.013501109586540938
1.75,3.2440453538690477,1.4940453538690477
1.327,1.1447836544603789,-0.18221634553962107
1.72,1.6683470538519458,-0.05165294614805416
5.00001,4.878827772511513,-0.12118222748848684
0.64,0.7549025633738363,0.11490256337383631
2.279,2.1529810227037083,-0.12601897729629163
0.631,0.657145987873601,0.026145987873601007
0.841,1.0077357745522557,0.16673577455225574
3.392,3.2833993461309525,-0.10860065386904738
1.563,0.8391033730455785,-0.7238966269544215
3.836,3.558708921741453,-0.2772910782585467
1.371,1.40564436594812,0.034644365948119926
0.568,0.7532789308461784,0.1852789308461784
0.7,0.9755662346384252,0.2755662346384252
0.963,0.8230022751404318,-0.13999772485956818
0.926,1.4584829092261906,0.5324829092261906
3.591,3.2706625393904973,-0.32033746060950286
1.587,1.9341628434890388,0.3471628434890388
5.00001,4.450094572738932,-0.5499154272610678
1.146,1.7829329176160307,0.6369329176160308
4.102,3.693131383356227,-0.4088686166437734
2.819,2.4017339167390164,-0.4172660832609836
1.017,1.2105915525585527,0.19359155255855276
1.693,1.8679345491779085,0.1749345491779084
2.078,2.0223871975471424,-0.05561280245285749
3.272,3.488090055194656,0.2160900551946563
2.779,2.565639783612662,-0.21336021638733804
1.114,0.9493688945260967,-0.16463110547390336
0.806,0.9530887484321857,0.14708874843218567
2.075,2.926218568095146,0.8512185680951458
2.753,2.4848003765468287,-0.2681996234531714
4.21,3.2393310668617006,-0.9706689331382994
1.288,1.9318443223443222,0.6438443223443222
3.139,3.153575522744346,0.014575522744346259
0.676,0.7942129135251308,0.11821291352513075
0.644,0.7444555143880404,0.10045551438804035
1.539,1.5958191359226763,0.0568191359226764
1.307,1.2671070835083031,-0.039892916491696795
2.385,3.2455728195859033,0.8605728195859035
3.796,4.240419300898215,0.44441930089821513
1.465,2.031062650579813,0.566062650579813
1.503,1.9037657074304088,0.40076570743040896
0.803,1.0510877135591719,0.2480877135591718
2.933,1.3382108162152733,-1.5947891837847266
2.88,3.180900691907468,0.30090069190746815
1.441,1.56531876353276,0.12431876353275984
1.27,1.461889136652069,0.19188913665206897
1.521,2.020489655194263,0.4994896551942629
1.568,1.4289741025422222,-0.13902589745777783
1.049,1.1968252265105086,0.14782522651050867
5.00001,5.000009999999992,-7.993605777301127e-15
1.344,1.4969992415679334,0.15299924156793332
5.00001,4.975272349999992,-0.024737650000007605
2.728,2.901043379196501,0.1730433791965007
1.516,1.0677385707758982,-0.44826142922410184
3.626,2.9836429848755928,-0.6423570151244071
1.692,2.2382741308396303,0.5462741308396304
1.404,1.7593493494408918,0.3553493494408919
0.437,0.5082557319226949,0.07125573192269491
1.36,1.8625890456349203,0.5025890456349202
2.644,2.435593424428352,-0.2084065755716482
1.522,1.8024411532269808,0.2804411532269808
1.375,2.365774974709891,0.9907749747098911
2.147,1.8561152428197036,-0.29088475718029616
1.709,2.1722850838004977,0.4632850838004976
2.362,2.222529492608676,-0.13947050739132427
2.978,2.668576006183348,-0.3094239938166523
0.885,1.1053780365858472,0.2203780365858472
1.276,1.1903513901126446,-0.08564860988735545
0.802,0.9020896945940494,0.10008969459404937
3.06,3.386776552770147,0.32677655277014717
4.364,2.6069809197997804,-1.7570190802002195
2.389,2.149598299281214,-0.23940170071878564
2.317,2.958586856152574,0.6415868561525739
1.229,1.3955877400614347,0.16658774006143462
2.182,2.2873937492624714,0.10539374926247147
3.97,4.942672547222215,0.9726725472222149
2.603,1.8016249594638212,-0.801375040536179
4.357,3.731820419987659,-0.6251795800123414
1.64,1.8063429865030933,0.16634298650309343
4.405,3.1997929982463242,-1.205207001753676
0.854,0.9227737985073405,0.06877379850734056
1.019,1.010682846490451,-0.00831715350954898
1.594,2.6318071406288515,1.0378071406288514
1.903,2.940454357206742,1.0374543572067418
1.0,0.8302425927549602,-0.16975740724503985
1.396,1.5250446863414218,0.12904468634142185
5.00001,5.000009999999992,-7.993605777301127e-15
1.545,2.602073183986428,1.0570731839864282
1.705,1.707614577110959,0.0026145771109589155
1.106,0.9635025678289963,-0.14249743217100375
1.912,2.9264803128233754,1.0144803128233755
2.872,3.6620195699404747,0.7900195699404748
1.501,1.3942510445074405,-0.10674895549255936
2.383,2.40674526791643,0.023745267916429835
1.542,1.7950056964424461,0.2530056964424461
2.805,2.221910943636037,-0.583089056363963
1.619,1.7402273898964116,0.12122738989641157
2.656,2.940542252886002,0.284542252886002
1.227,1.379226369898321,0.15222636989832083
2.312,2.2256533839841874,-0.0863466160158124
3.191,2.956795166495856,-0.234204833504144
2.313,2.3310250601748814,0.018025060174881258
5.00001,4.764552861223137,-0.23545713877686225
1.212,1.2067610654072234,-0.0052389345927765785
2.225,2.2951277339841307,0.07012773398413064
4.5,2.9592222071491596,-1.5407777928508404
1.021,1.0164235375907287,-0.004576462409271231
2.012,1.9733309646832726,-0.038669035316727385
1.042,1.2637489543745484,0.22174895437454833
5.00001,5.000009999999992,-7.993605777301127e-15
1.32,1.4244964213919347,0.1044964213919346
2.211,2.0861018849017308,-0.12489811509826909
1.516,1.5285117254273506,0.012511725427350573
1.469,1.5964576039832417,0.12745760398324157
1.512,1.6634384276759389,0.15143842767593885
1.651,1.6453445607833745,-0.00565543921662548
2.136,2.9749196773839897,0.8389196773839895
2.135,2.3386131116009476,0.20361311160094786
5.00001,4.262679896483063,-0.7373301035169364
4.38,3.95376436339726,-0.42623563660274
1.838,1.8287338255815277,-0.009266174418472328
3.5,4.198841025,0.6988410250000001
1.593,1.3316911408730152,-0.26130885912698476
1.291,1.294410483324011,0.003410483324011171
0.766,0.6243695317225518,-0.14163046827744818
2.25,1.9081063559564566,-0.3418936440435434
2.308,1.9942574009446759,-0.313742599055324
4.318,4.146888059623015,-0.17111194037698496
1.91,3.2892177248331165,1.3792177248331166
0.847,1.0769661409764941,0.22996614097649415
1.525,1.5407497845375242,0.015749784537524292
0.676,0.6346180516917628,-0.04138194830823727
1.982,2.0670077038460395,0.0850077038460395
3.063,2.0979308527015377,-0.9650691472984625
1.221,1.2325686079892333,0.011568607989233204
2.761,2.2405474816176465,-0.5204525183823536
1.03,1.017355310328841,-0.012644689671158948
4.091,3.1221855604124413,-0.9688144395875589
1.352,1.4494505397931374,0.09745053979313734
1.216,1.71128760128551,0.4952876012855101
1.828,1.6694992442816114,-0.15850075571838862
2.28,2.426822087726455,0.14682208772645522
1.1,1.0607356620398969,-0.0392643379601032
1.112,1.0563681956767457,-0.05563180432325443
0.847,0.685454289906417,-0.16154571009358298
4.473,4.391524647321426,-0.08147535267857364
0.883,1.0854049986817509,0.20240499868175088
0.871,0.8710810475989137,8.104759891369717e-05
1.875,1.9860154251268376,0.1110154251268376
1.469,1.7296684774482194,0.2606684774482193
1.031,1.1293221291824913,0.09832212918249139
3.437,3.5383374111652244,0.10133741116522454
0.982,1.2183251527729795,0.2363251527729795
2.625,1.8637079858291024,-0.7612920141708976
0.774,0.9411478095005481,0.16714780950054808
1.351,1.6143313754591797,0.26333137545917973
1.347,1.3164674768161722,-0.03053252318382782
2.313,1.5243820237961585,-0.7886179762038417
1.586,1.615935224943296,0.029935224943295813
1.016,1.0629239218464461,0.046923921846446115
1.22,1.4530580105837116,0.23305801058371167
3.8,3.574992887555029,-0.22500711244497085
1.894,1.6612117541057647,-0.2327882458942352
4.4,3.1204451003477307,-1.2795548996522697
0.7,0.7962255363260685,0.09622553632606856
0.7,0.6788883067820003,-0.02111169321799966
3.335,3.305356637564292,-0.029643362435707754
1.018,1.245696006517758,0.227696006517758
5.00001,4.999138999999992,-0.0008710000000080598
3.605,3.428823307181934,-0.17617669281806592
1.695,1.938202075357463,0.24320207535746285
2.056,1.7359633023267214,-0.3200366976732787
1.663,1.8823608048881728,0.21936080488817278
0.325,0.947155586837668,0.622155586837668
3.627,2.872312185132977,-0.7546878148670229
1.745,1.5479501324789182,-0.1970498675210819
1.976,1.9320773484860125,-0.04392265151398744
1.83,2.27327595044665,0.44327595044665014
1.583,1.7043926443340953,0.12139264433409536
1.002,1.2027972307799693,0.20079723077996925
0.875,1.0181590664682538,0.14315906646825383
4.611,3.709949703968254,-0.9010502960317459
1.902,2.698745773306493,0.7967457733064929
2.323,2.1351244166944183,-0.18787558330558163
2.216,2.414097880104314,0.19809788010431362
2.269,2.180004408650484,-0.08899559134951618
2.242,2.415499957624955,0.17349995762495496
1.198,1.3204405913351998,0.1224405913351998
0.782,0.918266143277594,0.136266143277594
1.651,1.4592731035374629,-0.19172689646253716
2.139,4.598250754070138,2.4592507540701383
0.697,0.8240789375661872,0.12707893756618727
1.058,1.172314799939095,0.11431479993909499
0.75,1.1606441011904765,0.41064410119047645
0.917,1.457775420649665,0.5407754206496649
2.695,2.8611946915883992,0.1661946915883994
0.682,0.6868277333909683,0.004827733390968203
1.658,1.800081658967026,0.14208165896702618
1.546,2.2247378706647973,0.6787378706647973
4.727,3.918094524411726,-0.8089054755882743
3.459,3.9341171395557786,0.4751171395557785
2.307,2.417868543950416,0.11086854395041623
3.0,2.495820331389356,-0.5041796686106439
2.494,1.9221732844144839,-0.5718267155855163
4.357,3.9947589991605605,-0.36224100083943966
2.258,2.8553844404761906,0.5973844404761905
1.75,1.5289505558445071,-0.22104944415549288
1.784,1.3854835994132713,-0.39851640058672877
2.76,2.04820986750261,-0.7117901324973896
1.159,1.147694559439269,-0.011305440560731128
2.143,2.045096465624666,-0.09790353437533383
1.183,0.9852381834372121,-0.1977618165627879
5.00001,3.326972469431264,-1.6730375305687355
1.521,1.598935995588191,0.07793599558819109
1.404,1.6522885588561658,0.24828855885616585
2.226,2.277834037243824,0.05183403724382396
4.445,3.0579495193877384,-1.3870504806122619
5.0,3.9684794696777574,-1.0315205303222426
1.633,1.4186004065787912,-0.21439959342120885
1.938,2.309166773809524,0.3711667738095239
0.905,0.8905090114812977,-0.014490988518702341
1.152,1.1353372378506181,-0.016662762149381782
1.47,1.3937420290354745,-0.07625797096452547
2.739,2.5303358933176163,-0.20866410668238355
1.909,1.9341447083462835,0.025144708346283462
0.748,0.7500437039324409,0.00204370393244091
5.00001,3.0296739014961758,-1.9703360985038239
1.185,1.1067887921492603,-0.07821120785073976
5.00001,2.550007204360257,-2.4500027956397425
0.55,2.0785748553641694,1.5285748553641694
0.584,0.8513808913041988,0.26738089130419884
0.958,1.4174218885281382,0.45942188852813826
0.992,1.1797608595425073,0.18776085954250732
1.674,2.257441356798722,0.5834413567987222
0.705,0.7802354604626848,0.07523546046268481
0.675,0.8023155153255562,0.12731551532555618
0.757,0.9038950658103836,0.14689506581038358
1.83,1.7563980920248863,-0.07360190797511379
5.00001,4.999962701013505,-4.729898649458164e-05
0.973,0.9880755159562244,0.015075515956224472
2.3,3.179896929824561,0.8798969298245614
0.829,0.8980250702870615,0.06902507028706151
0.522,0.680439814147521,0.15843981414752095
1.148,1.2932299588741514,0.14522995887415147
0.88,1.1083287961397086,0.22832879613970858
2.242,1.9005985587321894,-0.3414014412678106
1.5,1.5448583230432364,0.04485832304323645
3.417,3.627777430555554,0.2107774305555541
1.817,2.5264434689984916,0.7094434689984916
1.406,2.034509780735832,0.628509780735832
0.727,0.8459746549447968,0.11897465494479686
2.109,2.0540444313311963,-0.05495556866880369
0.977,1.2215499911214656,0.24454999112146558
1.097,1.1638382450177314,0.06683824501773139
1.656,2.546234813200535,0.8902348132005351
2.306,2.4737693786504074,0.1677693786504073
1.638,1.934947426059208,0.2969474260592082
0.958,0.6784268898809522,-0.27957311011904773
0.481,0.8287735681882191,0.34777356818821914
0.444,0.5151665085166293,0.07116650851662926
2.379,2.2763710157764225,-0.10262898422357747
2.848,3.6673286352942207,0.8193286352942208
1.648,1.4151988299412088,-0.23280117005879108
2.0,1.5653442238757251,-0.43465577612427486
0.778,0.8017844084094712,0.02378440840947116
1.86,1.865144892158499,0.005144892158498893
1.697,1.6477074201588355,-0.04929257984116453
4.188,3.0774666357954543,-1.1105333642045454
0.733,1.1162685305838047,0.3832685305838047
0.87,0.9976474427777123,0.12764744277771234
1.682,1.9265646589227763,0.24456465892277635
1.543,1.705632140470199,0.16263214047019914
2.25,3.474668475450244,1.224668475450244
3.33,3.0578591031892683,-0.2721408968107317
2.259,2.4679713929406994,0.20897139294069955
1.381,1.5290241656790267,0.14802416567902665
1.127,1.0713805038809538,-0.05561949611904615
2.316,2.535389492495862,0.21938949249586237
4.191,2.7054152721919955,-1.4855847278080043
2.211,1.9761181078379937,-0.23488189216200617
1.554,1.9115290138230026,0.3575290138230025
1.517,1.6978654951115844,0.18086549511158445
2.489,2.8061651680672286,0.3171651680672287
1.532,1.1814873656018121,-0.3505126343981879
1.265,1.29589082835714,0.030890828357140077
2.4,2.906662941558442,0.5066629415584423
1.861,1.9148845745990655,0.05388457459906548
5.00001,3.6252488902245794,-1.3747611097754202
1.816,1.987318886258326,0.17131888625832592
1.781,2.3176184929319676,0.5366184929319677
0.692,0.9705715725493832,0.27857157254938325
0.668,0.7732997463011895,0.10529974630118943
5.00001,4.964198770656364,-0.03581122934363545
1.813,1.8971562386895755,0.08415623868957556
3.964,4.540624986066396,0.5766249860663959
1.875,2.5655965728894063,0.6905965728894063
2.979,2.7523106214985997,-0.22668937850140036
3.454,3.72450801607143,0.27050801607142994
2.451,2.441505536542538,-0.009494463457461855
1.055,1.1101591392618946,0.05515913926189464
1.011,0.7831927619695402,-0.22780723803045966
1.417,2.0951834268287692,0.6781834268287692
4.309,3.7758652027918833,-0.5331347972081169
2.863,2.6527958017246127,-0.21020419827538728
1.13,1.0273745011944455,-0.10262549880555438
4.667,3.5990519687500013,-1.0679480312499985
1.686,1.80960752506116,0.12360752506116013
3.605,3.140660519842083,-0.4643394801579168
2.564,2.7448282048677966,0.1808282048677965
1.139,1.5184935975983513,0.37949359759835133
3.504,4.112550314641032,0.608550314641032
2.091,2.3036365986499057,0.21263659864990547
1.315,2.080860215169067,0.765860215169067
2.167,2.9722646919642854,0.8052646919642856
1.013,1.0760792424424062,0.06307924244240626
2.028,2.2928132302462103,0.2648132302462103
1.176,1.5057013734906028,0.3297013734906029
2.926,2.7228961657634434,-0.20310383423655676
5.00001,4.955711687499994,-0.04429831250000582
1.303,1.3966664541326126,0.09366645413261265
0.924,0.7997527905618916,-0.12424720943810841
1.125,1.1217164516344378,-0.0032835483655622166
1.542,1.857514154573365,0.31551415457336507
1.04,0.8754463873488196,-0.1645536126511804
1.216,1.736040877706119,0.520040877706119
2.063,1.9668658391266143,-0.09613416087338589
1.083,1.5790729510363015,0.49607295103630156
3.494,3.48863192273945,-0.005368077260550219
0.833,0.8168454201747147,-0.01615457982528523
2.458,2.692673776931528,0.2346737769315279
0.915,1.7969388831453634,0.8819388831453634
5.00001,4.999962701013505,-4.729898649458164e-05
5.00001,3.413479967613637,-1.5865300323863627
1.905,1.6012691783790747,-0.30373082162092535
1.083,0.9295447659985191,-0.15345523400148087
0.896,1.155343055119395,0.25934305511939504
5.00001,5.000009999999992,-7.993605777301127e-15
0.946,1.3463469155629542,0.4003469155629542
0.675,3.3322920547619055,2.657292054761905
1.775,2.288252822395522,0.513252822395522
2.613,2.8168998956221065,0.20389989562210653
5.00001,2.3480793000992066,-2.651930699900793
1.684,1.9005022104978349,0.2165022104978349
2.453,2.53088116590724,0.07788116590724004
2.4,2.9580913455079063,0.5580913455079064
1.565,1.206759451535803,-0.35824054846419684
5.00001,2.5415544667058882,-2.4584555332941114
2.356,2.4875218829576258,0.1315218829576259
1.856,1.8542682468962568,-0.0017317531037432943
3.167,2.1212187780049807,-1.045781221995019
1.188,0.9485844967355856,-0.2394155032644143
2.485,2.4322696125791503,-0.05273038742084957
2.365,2.5865324534391285,0.2215324534391283
0.946,0.8923343749143792,-0.05366562508562078
1.768,1.6603946509203484,-0.10760534907965158
1.486,1.822818953373789,0.3368189533737891
1.953,1.8161672469795538,-0.13683275302044628
2.159,2.0335261506760194,-0.12547384932398042
1.266,1.396466991316943,0.13046699131694295
1.739,2.0237486826463864,0.2847486826463863
1.83,1.8697862381153054,0.03978623811530535
0.743,1.3895520425754808,0.6465520425754808
2.247,2.0026855161971193,-0.24431448380288057
1.016,0.8908181717384529,-0.1251818282615471
3.91,2.9363764577520883,-0.9736235422479118
2.65,2.134925933563773,-0.515074066436227
5.00001,4.92746006232303,-0.07254993767696938
1.865,2.2556468149268545,0.3906468149268545
0.78,0.8630050783810486,0.08300507838104854
0.808,1.0054962654030912,0.19749626540309118
1.896,2.447097996293304,0.5510979962933042
1.992,2.9725306515256973,0.9805306515256973
1.896,1.8491704427250693,-0.046829557274930655
1.6,1.6524573583498008,0.0524573583498007
3.753,3.518695408730159,-0.23430459126984093
1.667,1.2766226914245946,-0.3903773085754054
2.156,2.324556833971178,0.16855683397117804
2.286,2.193321447242494,-0.09267855275750625
1.713,1.9110230378756774,0.19802303787567732
4.31,3.8808653871097754,-0.42913461289022425
2.751,2.3915658940638753,-0.35943410593612457
2.768,2.6661625869710845,-0.10183741302891525
0.463,0.5587328258157014,0.09573282581570136
1.44,1.4746713993740614,0.034671399374061496
0.943,0.7095932823379261,-0.23340671766207388
1.576,1.4858763517165925,-0.09012364828340758
1.945,2.359294378351804,0.4142943783518038
3.511,2.3574031068721686,-1.1535968931278315
4.534,3.4718207051715915,-1.0621792948284083
2.246,2.031642057565093,-0.21435794243490713
1.556,1.5962491042812448,0.04024910428124473
2.42,4.8108992679289475,2.3908992679289476
0.7,1.196435701756781,0.4964357017567811
0.713,1.1057237215229212,0.39272372152292123
0.668,0.9003603761726895,0.23236037617268945
1.531,2.2716848443938775,0.7406848443938776
1.375,1.8036709033860512,0.4286709033860512
2.304,2.3569139095423783,0.05291390954237851
2.422,2.6585204237199394,0.2365204237199392
3.019,2.299283593495502,-0.7197164065044981
4.158,3.135331676964136,-1.0226683230358642
1.565,1.6656225123647599,0.10062251236475994
0.786,0.8260088563123134,0.04000885631231332
4.414,3.71100184077381,-0.7029981592261896
1.843,1.9978368954885504,0.1548368954885504
2.765,3.3744230097094503,0.6094230097094502
2.328,1.9878351549558118,-0.3401648450441881
0.604,0.8813607939466467,0.2773607939466467
2.241,2.4817539673494404,0.24075396734944032
4.39,3.2736408769867738,-1.116359123013226
1.231,1.052471903273745,-0.17852809672625503
2.557,3.06911151888369,0.5121115188836902
0.576,0.71539056795907,0.13939056795907
1.998,2.130865157922426,0.13286515792242581
0.513,0.5917296062179079,0.07872960621790792
3.482,3.206248122646034,-0.275751877353966
3.628,3.814817050799138,0.1868170507991378
2.403,2.6276295944709407,0.22462959447094066
0.736,0.6709524253900396,-0.06504757460996036
1.726,1.9591288174652912,0.23312881746529124
2.29,2.341346551444245,0.05134655144424505
1.663,1.6553606134139667,-0.007639386586033359
0.833,1.0680314299511733,0.23503142995117332
5.00001,4.97143401493544,-0.028575985064559717
3.329,2.9921384263290354,-0.3368615736709648
0.543,0.5810115294699316,0.03801152946993158
2.417,2.934214211542863,0.5172142115428633
3.875,3.6402783562500014,-0.2347216437499986
1.364,2.2472511838046825,0.8832511838046824
0.983,1.7972133278769842,0.8142133278769842
1.76,2.3575225430715125,0.5975225430715125
0.63,0.6781580452951909,0.048158045295190854
2.369,2.611352417320085,0.2423524173200846
0.972,1.5467907822943414,0.5747907822943414
2.2,2.9411155955128216,0.7411155955128215
1.058,1.5075099340569562,0.44950993405695616
2.709,2.583313150130465,-0.12568684986953516
0.994,0.9781182883737906,-0.015881711626209438
1.663,1.823082175823854,0.16008217582385398
1.438,1.5248890198186678,0.08688901981866781
1.406,1.4322231125992064,0.02622311259920651
3.309,3.0619454258855128,-0.2470545741144874
1.569,2.516173382656242,0.9471733826562421
5.00001,3.988759405357141,-1.0112505946428585
1.625,2.1390105335497847,0.5140105335497847
1.248,1.5088711238434764,0.26087112384347644
2.161,1.4139789039676207,-0.7470210960323793
1.714,1.9037089747839413,0.18970897478394133
3.256,3.1571631094015022,-0.09883689059849754
1.098,1.2212010638136375,0.12320106381363738
2.762,2.667781307929185,-0.09421869207081501
1.299,1.4628112163976539,0.16381121639765395
2.923,2.5438110567088144,-0.3791889432911857
3.415,3.3968147325487004,-0.01818526745129967
0.668,0.7296671445623344,0.06166714456233435
2.388,2.105209891778057,-0.28279010822194284
0.774,1.1468409547613987,0.37284095476139867
0.824,0.9015524806300725,0.07755248063007258
3.599,3.8303615646034777,0.23136156460347745
4.657,4.360830576100712,-0.296169423899288
2.14,2.2014940383962665,0.061494038396266326
1.071,0.9620373480921132,-0.10896265190788679
1.578,1.74368771637564,0.16568771637563984
1.193,1.7169117255479578,0.5239117255479577
2.329,2.569330896752249,0.2403308967522486
1.795,2.001825023114921,0.2068250231149209
0.701,0.8037342576730753,0.10273425767307531
0.55,1.7145151981423048,1.1645151981423048
0.659,0.7167840199095633,0.05778401990956328
0.996,1.032581236717778,0.03658123671777802
5.00001,4.531635671130951,-0.4683743288690483
1.641,2.2670763468352932,0.6260763468352932
0.77,1.139068091424801,0.369068091424801
1.403,1.4311707252448096,0.02817072524480957
1.729,1.4598349486222446,-0.2691650513777555
5.00001,3.45009727422136,-1.5499127257786398
3.143,2.449370433165114,-0.6936295668348857
5.00001,4.114150508814713,-0.8858594911852871
5.00001,5.000009999999992,-7.993605777301127e-15
1.43,1.5448346408464309,0.11483464084643091
2.806,2.6281067135294207,-0.17789328647057934
3.75,2.77146438504941,-0.9785356149505899
1.375,1.6831256656857723,0.30812566568577227
3.371,3.1671226099291907,-0.2038773900708093
1.28,1.4907634592710652,0.2107634592710652
1.854,1.8583311557539681,0.00433115575396803
0.63,0.723594830960286,0.09359483096028598
1.095,1.7057498261125794,0.6107498261125794
4.0,2.279089544355315,-1.720910455644685
1.519,2.9415399250496037,1.4225399250496038
0.563,0.6344343101712504,0.07143431017125046
1.025,0.7971105095963525,-0.22788949040364737
2.25,3.103301363011989,0.853301363011989
1.455,1.7110106293582041,0.25601062935820407
3.631,2.5136440123990638,-1.117355987600936
2.49,2.2089837349429016,-0.28101626505709865
4.153,3.615415406811583,-0.5375845931884164
2.674,1.9735369487186898,-0.7004630512813101
0.75,0.8024787304888887,0.052478730488888736
2.5,2.560503460515668,0.06050346051566802
1.618,1.6178937958118254,-0.00010620418817475219
0.975,0.9252507909163823,-0.049749209083617685
1.115,1.47091915399531,0.35591915399530993
0.873,0.8923961833225871,0.01939618332258708
2.729,3.6883220409913813,0.9593220409913812
1.244,1.1166225082014973,-0.12737749179850266
2.287,3.2927387404483697,1.0057387404483698
2.295,2.209974856238551,-0.08502514376144887
1.625,1.5752194480353474,-0.049780551964652586
0.8,1.2750100512622482,0.47501005126224816
1.188,1.2652021534743212,0.07720215347432124
2.442,3.1119904211640206,0.6699904211640204
1.875,1.8695617185904616,-0.0054382814095383925
2.46,2.222089795502867,-0.23791020449713285
1.026,1.0108993743971884,-0.015100625602811668
1.167,0.9207178631314988,-0.2462821368685012
1.375,1.8458953481739058,0.47089534817390577
1.719,3.6639370553571418,1.9449370553571417
1.031,1.0978126788587368,0.06681267885873687
2.391,2.5114260352212603,0.12042603522126027
1.94,2.1919987299660217,0.2519987299660218
2.199,2.458069214100413,0.25906921410041317
3.8,4.342736825728396,0.5427368257283964
1.557,1.5590943976162335,0.0020943976162335343
0.899,0.9004777361815417,0.0014777361815416779
0.893,1.2846032845988362,0.3916032845988362
0.55,0.844346817031411,0.29434681703141097
0.498,0.527696795948826,0.029696795948826016
1.464,1.5317729195316292,0.06777291953162923
2.78,3.074892907764066,0.29489290776406607
2.887,3.353160277631069,0.46616027763106915
1.292,1.6344258211762583,0.3424258211762583
2.216,2.440160268111526,0.22416026811152578
0.856,2.143612062887332,1.287612062887332
1.604,1.4805735629836163,-0.12342643701638378
0.576,0.7415917292151204,0.16559172921512044
3.485,3.6409351795634928,0.1559351795634929
1.994,2.478487744170914,0.4844877441709141
0.971,1.081848991718633,0.11084899171863294
0.581,0.6972059737324983,0.1162059737324983
3.01,3.199336618465323,0.18933661846532335
0.742,1.3467026662246204,0.6047026662246204
2.494,3.7007651800366306,1.2067651800366304
2.67,2.749798600002667,0.07979860000266692
1.199,1.1933912253699475,-0.005608774630052604
0.777,0.7760372739934039,-0.0009627260065960819
1.434,1.2304738589776771,-0.2035261410223228
0.612,0.6559685911130554,0.0439685911130554
2.068,1.7007449954827987,-0.3672550045172014
3.282,2.7604096490079364,-0.5215903509920636
3.606,3.0981608726248426,-0.5078391273751572
1.078,1.2257595488140247,0.14775954881402464
0.515,0.5358990887160098,0.02089908871600976
0.675,1.3080573391024513,0.6330573391024512
1.841,1.5646081811615455,-0.27639181883845443
2.0,1.5133196438977692,-0.4866803561022308
3.54,1.8842266284640594,-1.6557733715359406
3.938,2.9580279101152254,-0.9799720898847748
1.321,1.4258952857562226,0.10489528575622264
3.065,2.745140537060175,-0.3198594629398248
1.349,1.375701172497831,0.026701172497830994
3.193,3.651605939307789,0.4586059393077888
3.039,2.725867033282372,-0.31313296671762814
3.5,1.5271269121098452,-1.9728730878901548
2.312,2.4708228234603404,0.1588228234603406
1.313,1.5181287935661285,0.20512879356612856
1.208,1.2454073310949008,0.0374073310949008
1.352,1.0365163561770583,-0.3154836438229418
0.689,0.830772038111564,0.14177203811156402
4.25,2.047880457458975,-2.202119542541025
1.605,1.9022805577343607,0.2972805577343607
1.51,1.4881135872462987,-0.02188641275370129
3.495,4.5749308503968225,1.0799308503968224
0.602,0.6676576711505091,0.06565767115050913
3.964,3.3162391580549033,-0.6477608419450966
2.785,3.4335538455800054,0.6485538455800053
2.393,1.5999480654761906,-0.7930519345238092
2.249,2.452676177917453,0.20367617791745296
0.913,1.0896729338746156,0.17667293387461558
1.114,1.3809132352033728,0.26691323520337273
1.508,1.0715550153885576,-0.43644498461144243
0.647,0.5627449629326804,-0.08425503706731963
3.588,3.538850750108444,-0.049149249891556224
2.328,1.9184636119082406,-0.4095363880917593
0.544,0.8159827970284779,0.27198279702847783
0.982,1.0405830564722514,0.05858305647225137
2.258,2.0024762377347622,-0.25552376226523776
1.161,1.277413239562438,0.11641323956243799
1.964,2.5013812788942222,0.5373812788942223
1.232,0.7358864166066273,-0.49611358339337264
1.564,2.511761513957933,0.947761513957933
1.668,1.7902209580114967,0.1222209580114968
2.159,2.0274784901529386,-0.13152150984706124
1.173,1.6096122498593766,0.4366122498593765
2.432,1.9864774382748727,-0.4455225617251273
0.729,0.9814779880514877,0.2524779880514877
1.917,2.05168288374806,0.13468288374806003
0.6,2.666139178963059,2.0661391789630588
1.954,1.8945288297708363,-0.059471170229163706
1.116,1.347532215999427,0.23153221599942686
2.685,2.4694698224337523,-0.2155301775662477
2.6,2.544364791522816,-0.05563520847718406
0.894,1.1707296113943684,0.27672961139436836
2.352,3.7965560960648146,1.4445560960648147
3.861,2.932793067581617,-0.9282069324183833
1.875,1.710575456423395,-0.16442454357660496
2.234,2.233849954458439,-0.00015004554156083927
1.203,1.6084709887356325,0.4054709887356325
1.358,1.2586502445407697,-0.09934975545923042
3.074,2.9416247733397176,-0.13237522666028223
3.268,2.334465415661328,-0.933534584338672
0.703,1.5371823609966426,0.8341823609966427
0.682,0.8701505452764797,0.18815054527647967
1.146,1.2829690663959574,0.13696906639595752
1.772,2.0449670733697243,0.27296707336972426
0.819,1.114774502566466,0.295774502566466
0.906,1.1796721374593147,0.2736721374593146
0.568,0.7323303313085133,0.16433033130851338
3.238,3.2395038515406163,0.0015038515406162745
2.444,1.3898512393730118,-1.0541487606269881
1.443,1.5316146530229844,0.08861465302298432
1.642,1.6067069355613555,-0.03529306443864444
2.376,2.527418292156098,0.15141829215609803
2.43,2.3228734525150077,-0.10712654748499251
0.833,0.9281101326311771,0.09511013263117718
0.875,1.3670842983362017,0.4920842983362017
1.317,1.43857558531746,0.12157558531746004
0.47,0.6259444357382533,0.15594443573825334
1.953,1.6813992421903303,-0.27160075780966975
1.841,2.1029121517650413,0.26191215176504135
1.288,1.0698493811196,-0.2181506188804001
1.182,1.0621360431684854,-0.11986395683151452
2.128,1.8375322909806902,-0.29046770901930996
1.413,1.3358052526064415,-0.07719474739355858
2.271,1.8720814773823204,-0.39891852261767946
0.808,2.141030637991175,1.3330306379911752
2.013,2.160508488365802,0.14750848836580222
1.833,1.9686570435032646,0.13565704350326468
1.55,1.7153558599274707,0.1653558599274707
1.438,1.709728376942732,0.2717283769427321
1.375,2.505361483324316,1.1303614833243159
2.801,2.232423535162508,-0.5685764648374922
2.459,2.1058694021953612,-0.35313059780463885
2.436,2.4309897536375744,-0.00501024636242553
1.03,1.335162313116688,0.30516231311668807
1.038,1.062914310384777,0.024914310384776872
2.359,2.0415228723312038,-0.3174771276687962
1.619,2.151149813664596,0.5321498136645959
3.944,3.9451400312577802,0.001140031257780283
1.458,0.7538028813317539,-0.7041971186682461
1.848,1.84229009854411,-0.005709901455890121
2.423,2.484032298944806,0.061032298944805774
3.355,2.415477395241971,-0.9395226047580292
1.655,1.2669343982982992,-0.3880656017017008
2.048,3.267853546130953,1.219853546130953
1.597,1.5608956800378269,-0.036104319962173115
1.691,1.5293422320591001,-0.16165776794089992
4.786,2.531847164517196,-2.2541528354828038
2.589,2.453104369859308,-0.13589563014069217
3.24,3.1494573026826673,-0.09054269731733289
1.031,0.8165581603408109,-0.21444183965918906
1.381,1.876605136217698,0.4956051362176981
0.916,1.036921082768344,0.1209210827683439
2.289,2.9671353280982906,0.6781353280982905
1.388,1.2915387105035832,-0.09646128949641675
2.522,2.2915917474003136,-0.23040825259968623
4.203,4.300300599407175,0.09730059940717428
2.436,2.4629865322207114,0.026986532220711457
1.421,1.528694639418397,0.10769463941839685
0.675,0.8158263453544494,0.14082634535444938
0.928,1.0940271392440861,0.16602713924408607
1.908,2.234333192998467,0.32633319299846697
2.239,2.2702638161424753,0.03126381614247542
1.434,1.7989836527832819,0.36498365278328193
1.327,1.1564881983451558,-0.17051180165484414
0.99,0.9707858221736491,-0.01921417782635093
0.677,0.7457429215352691,0.06874292153526906
2.274,2.536928823304045,0.262928823304045
2.286,2.6543620932446035,0.36836209324460345
1.358,1.3690386151695526,0.011038615169552513
3.621,3.7966447410903124,0.17564474109031236
2.813,3.412793556191489,0.5997935561914889
5.00001,4.990378687499992,-0.009631312500007816
0.906,1.3334259307272962,0.4274259307272962
0.663,0.8242190722970688,0.16121907229706878
1.502,1.6036129227701128,0.1016129227701128
1.703,1.6395217260323887,-0.06347827396761141
0.993,1.2274081016653928,0.23440810166539283
3.229,4.310406568957276,1.0814065689572763
2.132,1.6275098106435837,-0.5044901893564164
2.17,2.2195619606441803,0.04956196064418039
2.679,1.8977023700152658,-0.7812976299847341
2.063,2.228884747947709,0.1658847479477088
3.768,2.9039856161773168,-0.864014383822683
0.875,0.8305231946484938,-0.04447680535150622
3.047,2.460337625000001,-0.5866623749999991
4.602,3.691349887982393,-0.9106501120176071
1.285,1.1723460999719295,-0.11265390002807041
2.846,3.5885276444167773,0.7425276444167772
1.196,1.4709217432497037,0.27492174324970375
2.086,2.22473954566816,0.13873954566816016
1.175,2.5043057531973463,1.3293057531973462
0.669,0.6539470305912021,-0.015052969408797967
2.048,1.7950384758344935,-0.25296152416550655
0.746,1.6095780159985786,0.8635780159985786
1.091,1.0771658572215244,-0.013834142778475611
1.143,1.4107080810039399,0.26770808100393984
3.083,2.8530058487428898,-0.22999415125711042
1.13,1.4400571403249525,0.3100571403249526
0.917,0.8703667901670575,-0.0466332098329425
1.342,1.2361983434990353,-0.10580165650096474
4.25,4.442234797630844,0.19223479763084406
0.539,0.6543032785938151,0.11530327859381506
3.106,2.2545152028413864,-0.8514847971586135
2.417,4.333412091958516,1.9164120919585166
2.268,2.321096905384511,0.053096905384511395
1.008,1.2622788489356784,0.2542788489356784
2.38,2.30703705201746,-0.07296294798254
2.455,2.155200364048776,-0.2997996359512243
1.565,1.690526601081944,0.12552660108194402
1.156,1.567450693739568,0.4114506937395681
0.664,0.7321244233321845,0.06812442333218449
0.588,0.6461016414150847,0.05810164141508478
2.236,1.9902552153464224,-0.24574478465357785
1.693,1.6507698640217474,-0.04223013597825265
1.667,1.4976244884466723,-0.16937551155332775
2.25,2.2510736558586304,0.0010736558586303957
0.726,0.8004355065674167,0.07443550656741671
1.603,1.5951006282831277,-0.007899371716872272
1.475,1.275402016477365,-0.19959798352263514
0.912,1.5499403347147562,0.6379403347147562
2.083,1.4507778563392526,-0.6322221436607476
3.353,3.3589612698863625,0.005961269886362253
0.58,0.8760424159288782,0.29604241592887826
2.265,2.059811875086475,-0.205188124913525
3.452,3.386456237202381,-0.06554376279761875
1.068,0.8798950058746613,-0.18810499412533876
5.00001,2.1163471177582753,-2.8836628822417243
2.75,3.3113660084325387,0.5613660084325387
0.958,1.0934824857903842,0.13548248579038424
0.972,1.373021980293933,0.401021980293933
1.55,1.5520833542629346,0.0020833542629346002
4.0,3.5059337657738077,-0.49406623422619234
5.00001,3.7247808827273494,-1.2752291172726502
3.043,2.688417356853594,-0.3545826431464061
3.592,3.347696057773109,-0.2443039422268911
1.447,1.5480209797137892,0.1010209797137891
3.528,2.9958670619729535,-0.5321329380270465
3.556,3.310839329263652,-0.24516067073634806
0.991,1.269983951946196,0.27898395194619596
2.504,2.3064987613771972,-0.19750123862280278
1.056,1.1680322477809475,0.11203224778094745
5.00001,4.581514045143776,-0.4184959548562235
1.62,1.777133824384262,0.15713382438426193
2.722,2.9820747950921347,0.2600747950921347
2.459,2.9067326363081127,0.44773263630811266
1.833,1.9737858189596653,0.14078581895966535
2.207,2.7747888677281174,0.5677888677281175
1.61,1.8501807698412698,0.24018076984126968
3.039,3.5967123571863384,0.5577123571863383
2.662,2.3996771070721437,-0.26232289292785627
0.901,0.8671449351576241,-0.03385506484237588
0.875,1.581632333223254,0.706632333223254
2.094,1.634684967444334,-0.45931503255566586
1.887,2.1970782730463982,0.31007827304639823
1.014,1.157934643387383,0.14393464338738293
3.875,3.4923239803113537,-0.3826760196886463
3.591,3.1765484685018412,-0.41445153149815894
3.273,3.4003049111892425,0.12730491118924236
2.792,2.8041762693596546,0.012176269359654768
2.336,2.4036818811707934,0.06768188117079355
1.635,2.4122433817617983,0.7772433817617983
1.242,1.918869678571428,0.6768696785714281
4.5,4.066770829777343,-0.43322917022265717
1.119,1.1480970705925324,0.029097070592532415
0.908,0.9845189012901658,0.07651890129016581
1.206,1.348736950345861,0.1427369503458611
4.838,4.871349176190472,0.033349176190472285
3.667,3.2531320309981218,-0.41386796900187806
2.01,2.0968333887680943,0.08683338876809454
3.336,3.4010604163419904,0.06506041634199056
3.625,2.096569009157509,-1.528430990842491
1.701,1.6157915300605896,-0.08520846993941045
2.467,2.5454471888689563,0.07844718886895619
1.612,1.7026983184615605,0.0906983184615604
1.47,1.2431541939726312,-0.2268458060273688
1.179,1.5462508374812338,0.36725083748123377
1.113,1.1343598814745834,0.021359881474583453
2.665,2.4244828666125544,-0.24051713338744563
1.135,1.176861450737278,0.041861450737278094
3.291,3.380144672619047,0.08914467261904724
5.00001,4.9162708819825935,-0.08373911801740608
2.365,1.9453525220366497,-0.41964747796335056
1.222,1.098749789912661,-0.12325021008733894
0.819,0.9410325589520371,0.12203255895203713
3.864,3.575256969004669,-0.28874303099533094
1.848,1.8654558645210346,0.017455864521034536
1.607,1.877843695062582,0.2708436950625821
1.016,1.0053521739816849,-0.010647826018315154
4.24,4.715504946726186,0.4755049467261854
2.625,2.2993077247399425,-0.3256922752600575
3.694,3.164471002737243,-0.5295289972627568
1.151,1.4466257632757427,0.29562576327574264
2.817,1.9862823451610108,-0.8307176548389894
0.981,1.237999313414313,0.25699931341431304
1.311,1.460349887417898,0.149349887417898
2.518,2.0772498781901754,-0.4407501218098244
2.327,2.2920423894620545,-0.03495761053794544
1.392,1.3396922385824062,-0.052307761417593746
0.715,0.8005442168102798,0.0855442168102798
3.405,3.2223073937151696,-0.1826926062848302
2.708,2.416711174404762,-0.29128882559523817
1.556,1.871186208532653,0.3151862085326529
0.892,0.8389501500607072,-0.05304984993929285
1.67,1.7208372401880425,0.05083724018804259
1.031,1.2308358170224456,0.19983581702244568
1.805,1.6229132713422463,-0.18208672865775366
0.512,0.7579942319000071,0.24599423190000713
2.046,2.1478043290168203,0.10180432901682046
3.872,1.9640710620674935,-1.9079289379325064
1.625,1.2637333564222102,-0.3612666435777898
1.204,1.3162327174618964,0.11223271746189645
1.397,1.6918427877938935,0.2948427877938935
0.982,0.9116361100678381,-0.07036388993216192
2.694,2.558837829029226,-0.13516217097077377
2.691,2.6334602036624473,-0.05753979633755257
5.00001,3.592833587884228,-1.4071764121157715
0.496,0.7389168184844279,0.24291681848442792
0.58,0.8627028501861309,0.28270285018613095
0.659,0.7469572764063935,0.0879572764063935
1.754,1.9733277602144679,0.21932776021446787
3.918,3.602424609256551,-0.3155753907434491
2.808,2.6024449789757496,-0.20555502102425027
0.907,1.396949729147575,0.48994972914757495
5.00001,4.995704076013506,-0.004305923986493987
0.923,1.0400437375076212,0.1170437375076212
2.271,2.3794306296880023,0.10843062968800243
1.625,1.3923863233013394,-0.23261367669866062
2.909,2.830165118450595,-0.07883488154940466
1.831,1.6870904634932278,-0.14390953650677218
2.832,3.015733251269426,0.1837332512694263
1.774,2.8797103661720724,1.1057103661720724
2.387,2.7266626408513797,0.33966264085137965
3.213,3.089056466346153,-0.12394353365384703
2.615,2.809556354166667,0.1945563541666666
0.993,1.110166451312085,0.11716645131208503
2.261,2.146262268001503,-0.11473773199849724
0.517,0.49722218634475607,-0.019777813655243948
1.569,1.5542676658403092,-0.014732334159690774
1.609,1.674551881528685,0.06555188152868507
2.224,2.7925380432786957,0.5685380432786955
3.052,2.700502868963333,-0.351497131036667
1.388,1.4641338611771402,0.07613386117714027
2.307,2.312440028713124,0.00544002871312399
0.943,1.0334368781166563,0.09043687811665635
0.972,1.0948544777268925,0.12285447772689251
3.821,3.0623981532986764,-0.7586018467013238
1.932,2.1984009131979967,0.26640091319799675
2.095,2.1548950403718563,0.05989504037185611
2.314,1.8024743302364885,-0.5115256697635115
0.893,1.0411526697204223,0.1481526697204223
1.961,2.0288498636193077,0.06784986361930767
1.135,1.1943422652820082,0.059342265282008144
1.784,2.304389701205119,0.5203897012051188
4.065,3.633658614463662,-0.4313413855363386
2.282,2.2501432772418895,-0.03185672275811058
2.348,2.3749570317509785,0.026957031750978633
2.313,1.9731370597201732,-0.339862940279827
5.00001,4.2614337325941865,-0.7385762674058132
1.841,1.7614974358480278,-0.07950256415197221
2.137,2.353590181412533,0.21659018141253306
5.00001,4.773490492614011,-0.22651950738598892
1.692,2.0210321345134186,0.3290321345134186
2.324,2.4785926084444796,0.15459260844447975
3.517,4.179003766603533,0.6620037666035334
2.346,1.935019380663687,-0.410980619336313
1.125,2.3334808312818303,1.2084808312818303
1.452,1.4785096860140297,0.0265096860140297
0.872,0.970738454042557,0.09873845404255699
0.535,0.8862991984051195,0.3512991984051195
0.438,0.7035399954795615,0.2655399954795615
0.942,0.9275156507502658,-0.014484349249734185
2.188,1.7264602416215968,-0.46153975837840333
1.919,2.0555780685163856,0.13657806851638554
1.322,3.7038440164999864,2.3818440164999863
0.468,0.5144450937196643,0.046445093719664265
1.497,1.905819648967396,0.40881964896739587
1.263,1.2897398222921934,0.026739822292193516
2.559,2.560106027651731,0.0011060276517307344
0.945,0.9955745518671529,0.050574551867152984
2.371,2.421934721264745,0.050934721264745075
5.00001,4.938834394780214,-0.06117560521978582
0.875,1.166205476010016,0.291205476010016
1.266,1.0999764124050286,-0.16602358759497138
2.451,2.315760674516272,-0.13523932548372786
1.574,2.1343875509653887,0.5603875509653886
0.784,0.8146207624019824,0.030620762401982415
2.181,2.4230443334107865,0.24204433341078646
3.5,2.877992609553647,-0.622007390446353
1.984,1.8713825659766066,-0.11261743402339341
1.439,1.4020447040685171,-0.036955295931482945
3.379,3.745727565788548,0.36672756578854804
0.763,0.9339660926739274,0.17096609267392737
1.601,2.0162121188678195,0.4152121188678195
1.306,1.4006715559268639,0.09467155592686383
1.125,1.15352908212177,0.028529082121770077
3.292,2.608593317806697,-0.6834066821933029
2.333,2.3078498221692536,-0.02515017783074658
0.992,1.063054982738768,0.07105498273876809
1.979,1.8693271239854918,-0.10967287601450826
2.041,2.329755790978491,0.28875579097849124
3.5,2.7429648411754903,-0.7570351588245097
0.621,0.5852207323805694,-0.03577926761943062
1.404,1.9474411435439567,0.5434411435439568
1.521,2.3568120279239113,0.8358120279239114
1.305,1.039388839401618,-0.26561116059838197
1.951,2.2607797491406543,0.3097797491406542
1.995,2.2017898472728654,0.2067898472728653
1.375,1.1067104258282314,-0.2682895741717686
2.75,2.0209454451847537,-0.7290545548152463
1.229,1.7686968688725482,0.5396968688725481
1.09,1.8754731507936515,0.7854731507936514
1.217,1.0209815266043714,-0.19601847339562872
3.02,3.252839125717012,0.23283912571701215
2.417,2.403927168538684,-0.013072831461315992
1.532,1.6187594040368942,0.0867594040368942
1.693,4.0400213418626,2.3470213418626
3.585,3.8646638779761906,0.27966387797619063
1.75,1.7103943209325396,-0.039605679067460375
1.125,1.3087732235008152,0.18377322350081515
3.76,4.041880122023808,0.2818801220238081
1.188,1.1851562758281458,-0.0028437241718541895
4.01,4.006152840911698,-0.0038471590883020212
1.079,1.0118394909870558,-0.06716050901294413
3.397,3.2090972402215088,-0.18790275977849102
1.58,1.7292323666326481,0.14923236663264805
4.688,3.822050011065528,-0.8659499889344717
0.631,0.6198333127361069,-0.011166687263893138
1.846,1.9326325564844393,0.08663255648443924
1.897,2.339179368206543,0.44217936820654313
1.909,2.562721380801256,0.6537213808012561
0.675,1.3737108865245489,0.6987108865245488
0.853,1.025873467862732,0.17287346786273194
1.736,1.6492691065300047,-0.0867308934699953
1.297,1.2077801141229325,-0.08921988587706742
1.81,2.504432595963066,0.694432595963066
5.00001,4.921269874999992,-0.07874012500000749
3.762,3.8230785248015886,0.061078524801588596
2.43,2.620396972744611,0.19039697274461087
1.482,1.31715461550797,-0.1648453844920299
2.381,2.5164873628266946,0.13548736282669482
4.5,3.4591678257154697,-1.0408321742845303
2.4,2.472504509909735,0.07250450990973523
5.00001,2.347052719420003,-2.652957280579997
2.741,2.6265968834681224,-0.11440311653187774
1.901,1.9674241312443264,0.06642413124432633
2.684,2.682915855774522,-0.0010841442254783118
3.493,2.5406718948698193,-0.9523281051301806
2.757,3.026796174883302,0.269796174883302
1.828,2.202256129488103,0.37425612948810305
5.00001,4.982023150892851,-0.01798684910714865
2.132,2.37975242546971,0.24775242546970988
1.795,1.933220321145089,0.13822032114508898
1.385,1.571141490985934,0.18614149098593402
1.813,1.7497973455844167,-0.06320265441558326
3.405,3.553189279600164,0.14818927960016426
2.25,1.849270517600265,-0.40072948239973494
0.683,1.118447043458525,0.4354470434585249
2.379,2.5368357263124572,0.15783572631245724
1.497,1.4681469563413363,-0.028853043658663813
1.258,1.3028507132996858,0.04485071329968582
0.876,2.46806648296926,1.5920664829692601
1.25,1.4605259214901438,0.21052592149014382
1.688,1.2063903540903538,-0.48160964590964617
1.35,1.3569563121396453,0.006956312139645204
0.863,1.0003669845601393,0.1373669845601393
0.649,1.1378898300337033,0.48888983003370323
1.063,2.2147101002562946,1.1517101002562946
2.857,2.7497973795578967,-0.10720262044210349
2.724,2.64347034262599,-0.08052965737401019
2.177,2.2774606349251614,0.10046063492516133
0.918,1.0599797531820943,0.14197975318209421
1.63,1.679623911415327,0.04962391141532718
1.951,1.888076600518082,-0.06292339948191805
0.325,1.2055595604685698,0.8805595604685699
2.753,1.738557369209947,-1.0144426307900531
1.369,1.3973328603617634,0.028332860361763412
1.941,1.58138911647931,-0.35961088352069015
2.302,2.829948937280906,0.5279489372809061
1.436,1.4859985010122163,0.04999850101221637
0.396,0.8197247381658201,0.4237247381658201
0.598,0.6901049711148095,0.09210497111480953
2.107,2.188928918115663,0.08192891811566261
1.563,1.016176398421479,-0.5468236015785208
2.156,2.234342631750879,0.07834263175087886
1.775,1.8446737134313342,0.06967371343133433
2.189,2.612518840824819,0.42351884082481916
1.284,1.2367486133621068,-0.04725138663789319
1.906,1.9300375112132717,0.0240375112132718
3.983,4.204861716232697,0.22186171623269724
3.671,2.0215430162536387,-1.649456983746361
1.225,1.7985048773818388,0.5735048773818388
3.761,1.7009268549824106,-2.0600731450175895
1.576,1.4811005840986025,-0.09489941590139761
1.781,1.582583076686335,-0.198416923313665
0.724,0.7552429107518225,0.031242910751822506
2.876,2.4396006724675443,-0.4363993275324556
1.75,1.3188764729225029,-0.4311235270774971
2.808,2.2785153462301584,-0.5294846537698414
1.605,1.8098465358384868,0.20484653583848678
1.586,1.4566455648764496,-0.1293544351235505
1.443,1.7735752650561047,0.3305752650561047
1.363,1.3750801482049435,0.01208014820494352
2.182,2.290297561120167,0.10829756112016709
4.664,4.099847453884903,-0.5641525461150971
3.861,4.664665834496409,0.8036658344964089
2.512,2.385246635732384,-0.12675336426761596
1.904,2.002806585932116,0.09880658593211589
2.231,2.4578528960531596,0.22685289605315972
3.61,2.3893468686405663,-1.2206531313594335
2.75,1.672508599650349,-1.077491400349651
0.708,1.201165828518826,0.49316582851882607
4.6,3.258166990214646,-1.3418330097853537
0.675,0.9506648214917377,0.27566482149173765
2.25,1.2841171198593075,-0.9658828801406925
1.761,1.832584119318182,0.0715841193181821
0.524,0.6301211941905392,0.10612119419053923
1.676,1.7453397897507301,0.06933978975073019
0.997,1.2109613163700765,0.21396131637007654
0.889,1.0805443397432173,0.19154433974321727
2.237,2.3182488196872564,0.08124881968725628
1.805,2.0617898078675956,0.25678980786759564
0.932,1.1652080708152772,0.23320807081527717
1.738,1.762485755472732,0.024485755472732018
4.908,4.080662943948412,-0.8273370560515882
1.042,1.0240445661954318,-0.01795543380456821
2.761,2.335257542258441,-0.42574245774155894
2.547,2.4986206490609066,-0.04837935093909351
2.123,2.2593694283934296,0.13636942839342936
0.875,1.1011296695503094,0.22612966955030944
0.942,0.8522811703606223,-0.0897188296393776
1.635,2.0883154259394736,0.4533154259394736
5.00001,3.0093331437499993,-1.9906768562500003
1.25,1.9680906931204103,0.7180906931204103
1.823,1.7989569546130955,-0.024043045386904494
1.117,1.2545691791112883,0.1375691791112883
1.46,1.8221303081707707,0.36213030817077074
5.00001,4.88884233464446,-0.11116766535553957
3.205,2.678666835641285,-0.5263331643587152
0.48,0.5368265183515221,0.05682651835152208
1.688,2.410541386521465,0.7225413865214649
0.675,0.8014540973527569,0.1264540973527568
1.731,1.6152425966203505,-0.11575740337964957
1.5,0.952717011874199,-0.547282988125801
3.292,3.3110144404553785,0.0190144404553787
1.41,1.5695548596450741,0.1595548596450742
3.78,3.7484463663660272,-0.031553633633972566
0.802,0.6813032356985489,-0.12069676430145115
2.033,2.1086949464432396,0.07569494644323971
3.949,4.183710903869047,0.23471090386904692
0.845,0.9231799368428673,0.07817993684286728
3.273,3.31416970694792,0.04116970694791977
2.012,1.9263111770571082,-0.08568882294289182
1.625,2.560194415872118,0.9351944158721182
2.66,2.845793197346191,0.18579319734619082
2.212,2.2352825706765853,0.023282570676585124
1.765,1.9257232277536012,0.16072322775360126
2.063,1.6435306026922631,-0.419469397307737
5.00001,4.059093394345237,-0.9409166056547624
1.867,2.0339798593063723,0.16697985930637227
1.125,1.9195881485939978,0.7945881485939978
0.905,0.8164241850548819,-0.08857581494511813
1.908,1.9783557294709015,0.07035572947090163
1.988,1.4136395297822948,-0.5743604702177052
1.656,2.182141458333334,0.5261414583333341
5.00001,4.711576049999996,-0.2884339500000035
1.457,1.5259743513512776,0.0689743513512775
0.913,0.9997906576442622,0.08679065764426219
1.404,1.5341914166614186,0.13019141666141865
1.917,1.9736531277592768,0.05665312775927678
0.611,0.7130063236575634,0.10200632365756346
1.53,1.1227277970037854,-0.4072722029962146
0.855,0.7993002431610639,-0.05569975683893613
1.645,1.7239727508564642,0.07897275085646416
3.862,3.580110083333333,-0.2818899166666671
3.413,3.5542466201330107,0.14124662013301093
2.464,2.5766445776484397,0.11264457764843971
1.218,1.3716608072187673,0.1536608072187673
1.325,1.699061500253086,0.37406150025308604
0.98,1.0920473061329445,0.11204730613294456
2.414,1.815121874482696,-0.5988781255173041
1.713,1.8435590465435954,0.1305590465435953
1.201,1.4962149819624815,0.2952149819624814
5.00001,4.991978499999992,-0.008031500000007519
1.927,1.9394210722597123,0.01242107225971223
2.328,1.8193072819551523,-0.5086927180448475
1.918,2.045319735680986,0.1273197356809861
1.963,2.0167703075797396,0.05377030757973955
2.939,3.185383051642881,0.24638305164288088
0.846,0.9586175500818293,0.11261755008182928
5.00001,4.822070158333328,-0.17793984166667176
5.00001,4.51595766597673,-0.48405233402326964
1.073,1.4998559768423223,0.42685597684232235
1.5,2.2050808394201082,0.7050808394201082
2.042,1.8094881291072542,-0.2325118708927456
2.683,2.204111079411889,-0.4788889205881106
1.035,1.0959477684532148,0.06094776845321492
1.615,1.5783255325381544,-0.03667446746184555
2.224,1.910096390800098,-0.3139036091999021
1.669,1.6914853437353252,0.02248534373532518
2.292,2.449320615851543,0.157320615851543
2.059,1.8804251455087293,-0.17857485449127086
0.955,0.6340616053105659,-0.3209383946894341
1.625,1.7868177107521004,0.16181771075210039
2.407,2.4643398519050286,0.05733985190502855
0.828,1.0813461573735168,0.25334615737351684
2.302,1.5624918510737626,-0.7395081489262374
1.859,1.7622469067246722,-0.09675309327532777
1.058,1.2230581259341728,0.1650581259341728
1.188,1.253785850689368,0.06578585068936804
1.944,1.8485707263855922,-0.09542927361440778
1.833,1.612891880152069,-0.22010811984793088
2.925,1.8929990110187713,-1.0320009889812285
1.442,1.379706627889075,-0.062293372110924894
5.00001,3.2067498921256123,-1.7932601078743873
1.342,2.012269429577143,0.670269429577143
0.528,0.5030312150556454,-0.024968784944354616
1.887,1.8552055820168782,-0.03179441798312177
2.04,2.2106605073176033,0.1706605073176033
1.795,1.8538366758695293,0.05883667586952934
0.989,0.9682738451533037,-0.020726154846696265
2.799,2.326558839800565,-0.47244116019943494
3.277,2.948454307863517,-0.3285456921364833
2.08,1.9842834167418348,-0.09571658325816523
2.083,2.095486613095238,0.012486613095237686
1.125,2.398563922619048,1.273563922619048
2.347,2.9797509194316287,0.6327509194316288
2.145,1.8976897584474568,-0.24731024155254322
3.385,3.9256413932893954,0.5406413932893956
5.00001,5.000009999999992,-7.993605777301127e-15
2.841,2.7617980528600485,-0.07920194713995166
5.00001,4.0059581032738105,-0.9940518967261891
1.813,1.7538886199615682,-0.05911138003843175
1.25,1.2797451137327893,0.02974511373278932
4.125,3.0062086936127788,-1.1187913063872212
1.125,1.069617176602473,-0.05538282339752709
0.903,0.6796984941620583,-0.22330150583794173
0.96,1.1579778392318467,0.19797783923184675
1.425,1.8703906526936662,0.4453906526936662
2.663,2.4659633635892844,-0.19703663641071545
1.65,1.6430786944428142,-0.006921305557185731
1.18,1.3858085031230407,0.20580850312304078
1.564,1.839182223510259,0.275182223510259
4.268,4.786328558928566,0.518328558928566
3.086,2.9280283653903814,-0.1579716346096185
2.392,1.414002760271299,-0.9779972397287009
1.094,1.2037476008513304,0.10974760085133028
0.666,0.7498310188284684,0.08383101882846833
3.685,3.5613088451677504,-0.12369115483224968
3.305,2.918284041757875,-0.38671595824212535
2.736,2.8791728798595195,0.14317287985951932
5.00001,4.991025076013505,-0.008984923986494309
3.211,3.591482202273089,0.38048220227308915
2.426,1.8904947645308128,-0.5355052354691874
2.319,3.0074965332890686,0.6884965332890687
1.514,1.749334829574747,0.23533482957474705
2.278,2.095618563492063,-0.1823814365079368
3.8,3.7460039300080625,-0.05399606999193729
0.952,2.110992905292842,1.158992905292842
1.939,1.760925941370687,-0.17807405862931303
2.607,2.193864101419004,-0.4131358985809963
1.91,1.7538500358754803,-0.15614996412451965
0.649,0.6948902685817888,0.045890268581788796
1.283,1.4972886329755508,0.2142886329755509
1.898,3.16260819968284,1.2646081996828402
1.833,1.9289114173458768,0.09591141734587683
1.518,1.1361135876615756,-0.38188641233842446
2.573,1.8916130470713077,-0.6813869529286922
1.375,1.157978140601107,-0.21702185939889307
1.25,0.9943051547612294,-0.2556948452387706
2.181,1.6836805414906706,-0.49731945850932946
1.681,1.760869793031056,0.0798697930310559
2.318,1.730715423003072,-0.5872845769969282
1.49,1.3548415041716477,-0.13515849582835227
1.703,2.2140864779438783,0.5110864779438782
3.913,2.675816750039549,-1.237183249960451
2.823,3.4744428056491934,0.6514428056491934
5.00001,4.30406203799603,-0.6959479620039692
1.354,1.6611749499590007,0.30717494995900063
3.284,2.8213428282354327,-0.4626571717645671
3.5,2.236580919530348,-1.2634190804696521
1.823,2.253437702282049,0.4304377022820489
5.00001,5.0000099999999925,-7.105427357601002e-15
1.92,1.8494484606510735,-0.07055153934892644
2.408,2.5267833794630072,0.11878337946300732
1.75,1.9397915825249388,0.18979158252493877
1.264,1.1431821155439066,-0.12081788445609343
1.259,1.3669670112995351,0.10796701129953523
1.947,2.2681352777117576,0.32113527771175754
3.418,3.922899182382708,0.504899182382708
2.119,1.8103236516863013,-0.30867634831369894
1.375,0.7670346974206348,-0.6079653025793652
2.706,3.2895638445713997,0.5835638445713998
1.723,1.7566558532434011,0.033655853243401035
2.621,2.0704239173601886,-0.5505760826398114
1.491,1.7381065892876617,0.2471065892876616
3.391,2.100621265993181,-1.290378734006819
2.486,2.2372378593713966,-0.24876214062860358
1.287,1.9344945313571522,0.6474945313571523
3.439,2.326049058636584,-1.1129509413634162
1.75,1.7362080059512028,-0.013791994048797163
2.875,3.1821672984832547,0.30716729848325475
1.436,1.5965867601222414,0.1605867601222415
3.462,2.793231242672735,-0.6687687573272654
2.322,2.6244141135184518,0.3024141135184517
2.0,1.8218045395461506,-0.17819546045384937
2.415,2.648142247023809,0.23314224702380892
0.675,0.8784152233053254,0.20341522330532535
1.917,1.680081469803963,-0.23691853019603704
1.783,2.1623227579365083,0.3793227579365084
1.782,1.6395771547886646,-0.1424228452113354
1.332,1.2128956127589716,-0.11910438724102845
2.738,2.8385168111821644,0.10051681118216438
1.522,1.643174561669919,0.12117456166991891
1.871,2.002918773616734,0.131918773616734
1.375,1.535265241105589,0.16026524110558893
1.104,1.2632926796744002,0.15929267967440008
2.406,2.154477021068941,-0.25152297893105935
1.625,1.567129922610141,-0.057870077389859054
0.838,1.1576502205154542,0.3196502205154542
2.656,2.3528446676910684,-0.30315533230893177
2.115,2.2268750437002622,0.11187504370026202
1.734,2.52187817347251,0.7878781734725102
3.1,3.1023649363749,0.002364936374899873
0.995,0.940616509095219,-0.05438349090478101
1.914,1.881432050136448,-0.032567949863551826
2.201,1.9568688821231373,-0.2441311178768628
1.673,1.8516012385797818,0.17860123857978172
0.65,0.6852306273183386,0.03523062731833859
1.418,1.570838333141029,0.15283833314102901
2.906,2.911804978676435,0.005804978676434924
3.192,2.935155152876984,-0.25684484712301625
1.188,1.2335167557800824,0.04551675578008241
2.0,2.1843720777434,0.18437207774339992
2.195,2.1170004999674243,-0.0779995000325755
2.894,2.6853572297504007,-0.20864277024959943
1.164,1.1639888119789314,-1.1188021068475607e-05
1.623,1.6627999885520341,0.03979998855203415
1.141,1.2389475893264272,0.09794758932642722
0.713,0.8288574696085729,0.1158574696085729
1.905,1.8249135688824019,-0.08008643111759817
1.973,1.9743842588539113,0.0013842588539112466
0.722,0.7043400473357785,-0.01765995266422149
1.033,1.4965193351139752,0.46351933511397525
1.43,1.0682910971340747,-0.3617089028659253
2.449,2.611770408753177,0.16277040875317716
5.00001,4.0326608580830605,-0.9673491419169391
1.833,1.2875959073294356,-0.5454040926705643
0.861,1.6075013285620767,0.7465013285620767
2.184,2.3309936482552347,0.14699364825523453
1.108,1.0949661440661482,-0.013033855933851868
2.113,1.9949195359360874,-0.1180804640639126
3.388,3.12541162439242,-0.26258837560757975
1.231,1.4746191687738506,0.24361916877385048
2.695,1.4151033061216005,-1.2798966938783993
3.214,2.7631885155424802,-0.45081148445751973
0.819,0.9038778002833127,0.08487780028331271
5.00001,4.981066190854971,-0.018943809145028467
3.046,3.9289229943141124,0.8829229943141126
0.729,1.037415707866227,0.30841570786622696
1.58,1.4261749495395235,-0.15382505046047656
0.622,0.7592283221449658,0.13722832214496583
1.163,0.957693580306651,-0.20530641969334906
3.141,1.2846618946814625,-1.8563381053185375
3.625,2.6883407492665996,-0.9366592507334004
5.00001,4.731985500054107,-0.2680244999458923
0.741,1.1234374632094979,0.3824374632094979
1.5,1.3618362133664983,-0.1381637866335017
2.7,2.5858949489723444,-0.11410505102765578
1.208,1.3217217580217488,0.11372175802174889
2.5,2.1806417748917752,-0.31935822510822476
0.722,0.7802692971384824,0.05826929713848239
3.75,2.53904129898343,-1.2109587010165699
2.396,2.543635639108832,0.14763563910883226
1.833,2.1960657209839156,0.36306572098391565
1.612,1.764510753210184,0.15251075321018392
2.51,2.3603949267848163,-0.14960507321518346
0.455,0.8082803323306367,0.35328033233063666
1.781,2.177878474915062,0.39687847491506223
2.589,2.6006713411796527,0.011671341179652739
1.458,1.4910382344952045,0.03303823449520449
0.847,0.8804584722967445,0.03345847229674448
2.167,1.7467524868924975,-0.4202475131075023
1.304,1.3268719915283074,0.022871991528307323
1.585,1.522299093430124,-0.06270090656987604
1.178,1.2296833223016648,0.051683322301664836
2.15,2.232693334323874,0.08269333432387427
2.686,2.738308673001399,0.052308673001399075
1.0,0.9298091297956429,-0.0701908702043571
3.327,4.5979267005952345,1.2709267005952345
1.867,1.7579778530407668,-0.10902214695923318
0.53,0.5947800403093179,0.06478004030931783
1.497,1.6559469526656856,0.15894695266568548
3.458,3.0481310528926246,-0.40986894710737554
1.245,1.39071129644535,0.14571129644534997
4.758,4.836696837499995,0.07869683749999457
5.00001,3.8813290135010825,-1.1186809864989171
5.00001,5.000009999999992,-7.993605777301127e-15
1.759,1.7308103657489902,-0.028189634251009732
1.833,2.5424729303887075,0.7094729303887075
2.531,3.1384752398237716,0.6074752398237715
1.178,1.2300278176625552,0.052027817662555265
1.435,1.4632027949734474,0.028202794973447354
5.00001,3.495315061823594,-1.5046949381764056
1.423,1.1273917261904758,-0.29560827380952426
1.21,1.3442471843795265,0.13424718437952654
2.688,3.0308765922619036,0.3428765922619035
3.302,3.527995217485318,0.22599521748531792
1.218,1.4994101845332244,0.2814101845332244
4.169,3.577405298464251,-0.5915947015357488
2.667,3.1136898746562554,0.44668987465625554
1.894,2.0118261806256816,0.11782618062568173
4.436,3.0055622361090473,-1.4304377638909527
1.63,1.7683094150235938,0.13830941502359395
3.825,3.042278514753481,-0.782721485246519
1.063,1.4227560844895042,0.35975608448950425
0.578,0.8670232998376056,0.28902329983760566
0.575,0.7605386813269818,0.1855386813269818
2.38,3.0234337582831516,0.6434337582831517
2.189,2.277376855151011,0.08837685515101112
1.186,1.1515411899297623,-0.034458810070237655
3.091,3.6490869321518757,0.5580869321518755
2.132,2.0799183186972985,-0.05208168130270163
1.802,1.8306672085945936,0.028667208594593596
4.708,3.9191176645824193,-0.7888823354175809
3.372,1.9508591086056881,-1.4211408913943118
0.953,1.0582725660196572,0.10527256601965729
1.039,1.414895628013271,0.37589562801327103
5.00001,2.314542889257217,-2.6854671107427825
2.15,2.0628235896530365,-0.08717641034696344
1.894,2.1899085673646406,0.29590856736464066
1.714,1.6040232004578177,-0.10997679954218231
3.57,3.4979117023809514,-0.07208829761904845
1.962,1.9916111697811754,0.029611169781175395
0.985,1.0361706731003457,0.05117067310034573
1.788,2.0536311124398745,0.2656311124398745
2.266,2.7855777829810364,0.5195777829810364
1.714,1.9278741413998728,0.21387414139987282
2.714,2.3678209800894923,-0.3461790199105077
2.168,2.839651283521304,0.671651283521304
0.679,1.006104832141675,0.32710483214167496
1.713,1.4962467206447527,-0.21675327935524735
1.109,1.4053483825935396,0.29634838259353957
3.325,2.498828194842354,-0.8261718051576463
1.5,1.4236052820266967,-0.07639471797330333
1.734,2.485327779017857,0.7513277790178572
2.375,2.427703078719669,0.05270307871966917
0.658,0.714871236733418,0.056871236733417985
1.731,1.9085944805031445,0.17759448050314441
3.212,3.3464208035714287,0.1344208035714285
2.65,3.693210224455142,1.0432102244551422
0.875,0.9260643752371094,0.05106437523710938
2.103,2.318919229244202,0.21591922924420182
2.478,2.675555640816881,0.19755564081688082
3.757,4.385560639167825,0.6285606391678251
1.137,1.2264924934027195,0.08949249340271948
5.00001,3.9890745446428566,-1.010935455357143
0.456,0.500901186365486,0.04490118636548596
1.306,1.1542860906026853,-0.15171390939731477
1.986,2.155386233068678,0.16938623306867817
4.367,4.159501977509566,-0.2074980224904337
0.926,1.1798736454741,0.25387364547409985
1.5,1.5382524206509856,0.03825242065098555
3.599,2.666834770076467,-0.932165229923533
5.00001,4.8532284373120245,-0.14678156268797515
0.938,1.1310689933040174,0.1930689933040175
3.833,3.4218955694444437,-0.41110443055555645
1.917,1.635221382878449,-0.28177861712155106
2.672,2.49718467536734,-0.17481532463266003
2.802,2.4056393263564786,-0.39636067364352146
0.521,0.5596985992558469,0.038698599255846844
1.102,1.0981118631239988,-0.0038881368760013135
1.646,1.1337355668041096,-0.5122644331958903
3.248,3.645001762198438,0.39700176219843764
1.227,1.4311645078179511,0.20416450781795104
2.167,2.4412242916958453,0.2742242916958455
0.736,1.0901477947461036,0.3541477947461036
2.541,2.6584721363240424,0.11747213632404252
1.875,1.55661008024131,-0.3183899197586899
1.66,2.2723352678447317,0.6123352678447318
1.579,1.6902614314369309,0.1112614314369309
1.938,2.1360208879176334,0.1980208879176335
1.408,1.1158733972983423,-0.2921266027016576
0.953,0.7983790256903497,-0.15462097430965027
2.27,2.62480733814388,0.3548073381438801
2.656,2.606611053314221,-0.04938894668577909
0.902,1.2049662494926947,0.3029662494926947
1.832,1.8907651165501869,0.05876511655018679
1.846,1.7144326065124382,-0.13156739348756186
1.625,2.031645107860032,0.40664510786003216
1.25,1.752361921052632,0.502361921052632
0.972,1.3703018449381632,0.39830184493816323
3.553,2.90232904142663,-0.6506709585733699
1.362,1.3317837758220024,-0.03021622417799774
1.25,1.6749079481344302,0.4249079481344302
3.056,2.9404948738496235,-0.11550512615037656
1.766,1.497423577276892,-0.268576422723108
3.486,3.153243857738095,-0.3327561422619052
2.992,2.4009710388471177,-0.5910289611528823
0.721,1.8290279205133633,1.1080279205133632
1.095,1.6948009866667793,0.5998009866667793
2.811,2.9810910250943365,0.1700910250943366
1.563,1.921395375579414,0.35839537557941403
2.342,2.4248333052904254,0.08283330529042532
0.597,0.698251975838089,0.10125197583808898
2.5,2.826081899630478,0.32608189963047796
2.033,2.737500019680052,0.7045000196800522
1.731,1.90460634493679,0.17360634493678995
3.003,2.7947502145035674,-0.2082497854964327
2.38,2.280882521840216,-0.09911747815978389
1.79,1.7044162664666422,-0.0855837335333578
1.66,1.9080734505927723,0.24807345059277242
1.607,1.8642745104120593,0.2572745104120593
1.475,1.5568221609503703,0.0818221609503702
1.921,1.9415859083397051,0.020585908339705083
0.564,0.5286328846345068,-0.035367115365493196
3.048,3.4482097255972293,0.4002097255972292
4.398,3.9056192398127245,-0.49238076018727517
1.375,1.283304456058648,-0.09169554394135204
1.375,1.1827272666936597,-0.19227273330634032
1.346,1.5870737778119834,0.24107377781198336
2.625,2.475953812125375,-0.14904618787462498
0.834,0.957819244736223,0.12381924473622308
1.135,0.9422291180313589,-0.19277088196864112
0.714,0.9218612264746119,0.20786122647461192
2.045,2.1441708730026323,0.09917087300263239
2.824,3.314378095010698,0.4903780950106982
1.457,1.6782242777602225,0.22122427776022247
2.647,2.711782919365281,0.06478291936528136
2.75,2.6546739,-0.09532609999999986
1.716,1.7403610603616415,0.02436106036164154
2.167,2.390661986714874,0.22366198671487414
1.807,2.1772304352438985,0.37023043524389854
2.125,1.0950673374776163,-1.0299326625223837
1.677,2.7270072976482878,1.0500072976482877
0.425,0.4958730223307105,0.07087302233071052
2.384,2.551765554805704,0.1677655548057042
1.44,0.8401805704118612,-0.5998194295881387
0.436,0.4983429748546168,0.06234297485461682
3.635,2.7226539313141926,-0.9123460686858071
1.862,2.35154052925649,0.48954052925649005
0.675,0.6382580034311447,-0.03674199656885535
1.596,2.6167695707092684,1.0207695707092683
1.956,2.087081156410828,0.13108115641082785
1.548,1.8085493772859191,0.2605493772859191
4.507,4.64777746378968,0.14077746378968037
0.699,0.6791694548757674,-0.019830545124232546
1.322,1.3440348725939582,0.022034872593958088
3.28,3.7798378666895593,0.49983786668955954
2.728,2.913963016371926,0.1859630163719257
0.663,1.2568669849480734,0.5938669849480733
1.293,1.4330701166633326,0.1400701166633327
0.771,0.8344390602070536,0.06343906020705359
1.555,1.6346587384110294,0.07965873841102944
1.26,1.5146645362692013,0.25466453626920127
2.403,1.94017819023635,-0.46282180976365006
1.33,1.3534401351550351,0.02344013515503507
0.949,1.236539285023724,0.28753928502372406
2.039,2.5816450959421178,0.5426450959421176
0.61,0.7272589033857668,0.11725890338576683
1.392,1.340378990046759,-0.051621009953240815
2.292,2.212614093598188,-0.07938590640181165
2.606,3.5210432673611103,0.9150432673611104
2.511,2.5447581567570223,0.033758156757022206
3.276,2.2939385948657574,-0.9820614051342424
1.679,1.8809161047959926,0.20191610479599253
2.12,2.154652358692206,0.034652358692206064
2.333,2.1462909888045107,-0.18670901119548944
2.554,2.9078809077380954,0.35388090773809555
0.675,1.0070048096016744,0.33200480960167433
1.62,2.55808459826048,0.9380845982604797
1.172,1.1764127628205565,0.004412762820556582
1.097,1.2633451445692643,0.1663451445692643
2.75,0.9159876699254204,-1.8340123300745796
1.118,1.3003317968907135,0.18233179689071344
1.66,1.8687107238642562,0.20871072386425626
0.927,0.9645840572531293,0.0375840572531293
1.86,1.9326812618305038,0.07268126183050372
0.973,1.1930028268567725,0.22000282685677253
2.413,2.953048328480035,0.5400483284800353
2.585,2.5194000928781897,-0.0655999071218103
1.382,1.5968509326519107,0.2148509326519108
1.961,2.60664612307548,0.64564612307548
4.192,4.682744224675322,0.4907442246753222
1.388,1.428692226440044,0.040692226440044
3.766,4.628901266176649,0.8629012661766486
1.651,1.672272826990716,0.021272826990716087
1.818,1.786041827003021,-0.03195817299697912
2.118,1.5982306365325987,-0.5197693634674012
1.125,1.572231891834158,0.447231891834158
1.443,1.2857429732285153,-0.1572570267714848
2.22,2.472004588728696,0.2520045887286959
0.536,0.6767293446810456,0.1407293446810456
1.308,1.4045645031070357,0.09656450310703568
2.276,2.97430308590368,0.6983030859036803
2.75,2.992805529063147,0.24280552906314679
1.919,1.941228484017259,0.022228484017258854
0.641,0.7374693325689999,0.09646933256899992
0.681,0.9486440165015383,0.26764401650153824
2.552,2.4264217665408783,-0.12557823345912178
2.441,2.5446242976488893,0.10362429764888947
3.37,2.614595339862139,-0.7554046601378612
2.083,1.81936064002798,-0.26363935997202015
5.00001,4.776565064583329,-0.223444935416671
1.721,1.9124400118284495,0.19144001182844939
1.289,0.8124413630676669,-0.476558636932333
1.449,0.9618542961254463,-0.4871457038745538
0.72,0.7158627574190009,-0.004137242580999123
1.429,1.5936248300393492,0.16462483003934913
4.361,3.163312050357782,-1.197687949642218
2.042,1.831748793835177,-0.21025120616482273
1.957,2.3368654619366676,0.3798654619366675
0.905,1.089763096576222,0.18476309657622192
2.361,1.864340078225015,-0.4966599217749852
1.869,1.8873424737571582,0.01834247375715825
1.625,1.9593823261460783,0.3343823261460783
1.125,1.4202173671679845,0.2952173671679845
0.58,0.5674626419822287,-0.012537358017771227
3.074,3.8371264377004954,0.7631264377004956
3.538,4.807904356921595,1.2699043569215953
2.909,2.7163161186974802,-0.19268388130251957
3.586,3.465585455818689,-0.12041454418131092
2.462,2.216304955535665,-0.24569504446433532
0.721,1.269894595577742,0.5488945955777421
1.075,1.2287670633048295,0.1537670633048296
0.786,0.7721444056612274,-0.013855594338772592
1.876,1.8357377182463608,-0.040262281753639106
0.979,1.3315749773148338,0.3525749773148338
1.866,2.3548309250538773,0.48883092505387715
1.969,2.0150032836344427,0.046003283634442615
1.115,0.8691499657997067,-0.24585003420029328
1.563,1.8424520395138337,0.2794520395138338
2.182,2.6754413499462313,0.49344134994623134
2.935,4.6639707042658705,1.7289707042658704
0.59,0.986663751464555,0.396663751464555
1.628,1.524801882932402,-0.10319811706759796
1.029,1.0206433902155367,-0.008356609784463176
0.543,0.9866170882936508,0.44361708829365076
1.663,1.444108432614204,-0.21889156738579607
1.525,1.8667212213881634,0.3417212213881635
1.426,2.0859968322132976,0.6599968322132976
1.5,1.3656379005661647,-0.13436209943383526
0.844,0.8974204699936413,0.05342046999364136
2.1,1.8981677051021975,-0.20183229489780263
1.375,1.4223606249999996,0.0473606249999996
3.5,2.964393375942461,-0.535606624057539
1.719,1.3115592801673408,-0.4074407198326593
1.431,1.6202124978644918,0.1892124978644918
4.523,3.7979716155227217,-0.725028384477278
1.76,1.6662915732304462,-0.09370842676955382
1.127,1.1622180842766527,0.03521808427665274
0.684,0.8379100153811441,0.15391001538114402
1.907,1.8260249477983144,-0.08097505220168566
3.318,4.219344403905123,0.901344403905123
1.84,2.076491961174619,0.2364919611746188
1.625,1.5576927510683758,-0.06730724893162421
1.294,1.47924584753431,0.18524584753430995
1.728,1.479954207526514,-0.24804579247348602
1.911,1.6848547922208283,-0.2261452077791717
2.949,2.983703812557857,0.03470381255785737
1.886,1.960446368866073,0.07444636886607303
0.638,1.1769635105313243,0.5389635105313243
4.661,4.488033521252705,-0.17296647874729487
1.868,1.9386551340995202,0.07065513409952007
1.393,1.3619640728085016,-0.03103592719149839
3.303,2.3891808982730915,-0.9138191017269084
2.848,3.0948003749129187,0.24680037491291884
1.988,1.9022241521489796,-0.08577584785102044
0.693,0.8156967762229573,0.12269677622295738
1.455,1.5080236227761705,0.053023622776170454
1.662,1.7439565207301928,0.08195652073019288
2.738,2.428010011486343,-0.309989988513657
1.49,1.3844855477775948,-0.10551445222240519
2.154,2.259867181757936,0.10586718175793619
2.878,3.870377132634676,0.992377132634676
4.063,2.5480122380540853,-1.5149877619459144
1.603,1.4889734316141774,-0.11402656838582259
2.4,3.1239652187952625,0.7239652187952625
0.609,0.9452129343003965,0.33621293430039656
1.423,1.5132984385258852,0.09029843852588515
0.848,1.0938418292317498,0.2458418292317498
2.054,1.93066356887775,-0.12333643112224979
3.968,3.575798563502706,-0.3922014364972939
1.354,1.9084088398268393,0.5544088398268392
1.154,1.3952835593478525,0.24128355934785262
1.625,3.0297129334956714,1.4047129334956714
4.25,2.7902084152744235,-1.4597915847255765
1.143,0.9469626965950647,-0.1960373034049353
5.00001,4.893702799404755,-0.10630720059524457
5.00001,4.924822831602107,-0.07518716839789263
0.487,0.5979149185403944,0.11091491854039437
2.947,3.037937118039554,0.09093711803955395
3.005,2.344538875016187,-0.6604611249838128
3.432,1.9151689189896033,-1.5168310810103967
0.92,1.6389390774973425,0.7189390774973424
2.781,2.936605297249229,0.15560529724922878
3.809,4.006602142261903,0.19760214226190254
3.398,2.700458463277285,-0.6975415367227153
0.968,1.0320076526122353,0.06400765261223529
2.7,2.157201778828693,-0.5427982211713074
1.9,2.1209937139009973,0.22099371390099742
1.813,1.9084033516312886,0.09540335163128866
1.006,1.1272456801021695,0.12124568010216952
1.708,1.587561780720497,-0.12043821927950304
1.527,1.576938699422364,0.04993869942236406
3.536,2.7665138203114603,-0.7694861796885397
2.0,2.3633137062499996,0.3633137062499996
2.134,2.7445747202525452,0.6105747202525453
1.531,1.6637542825841916,0.13275428258419164
3.797,2.828678972962808,-0.968321027037192
2.75,2.567997811437908,-0.18200218856209194
0.786,1.6109504069972977,0.8249504069972977
1.883,2.3900228692342247,0.5070228692342247
1.38,1.4516756485256856,0.07167564852568575
5.00001,4.848294445359843,-0.1517155546401563
1.974,1.9110754301546695,-0.06292456984533046
2.446,2.8568409766420597,0.41084097664205954
1.653,1.6318647722597592,-0.021135227740240792
3.004,3.0783484779172925,0.07434847791729249
0.882,1.0564030490100234,0.17440304901002335
5.00001,4.833650227759005,-0.16635977224099463
1.631,1.2973183763008074,-0.33368162369919263
1.919,2.045535730517747,0.1265357305177468
3.553,3.227281273382853,-0.32571872661714707
4.303,3.537999667398135,-0.7650003326018648
0.427,0.5096287783773928,0.08262877837739285
3.781,3.8128755975009456,0.031875597500945485
2.64,2.352094223397989,-0.287905776602011
1.119,1.825887439748391,0.7068874397483911
2.245,2.120444900657229,-0.12455509934277131
1.25,1.4700424434314348,0.22004244343143475
0.641,0.7766232667211489,0.13562326672114888
0.884,1.0750365976101852,0.1910365976101852
3.892,3.4391050965852115,-0.45289490341478844
1.938,1.0135651572416566,-0.9244348427583433
5.00001,4.514912266346198,-0.4850977336538014
1.875,3.859933402232143,1.984933402232143
2.103,2.042458538404684,-0.06054146159531637
2.128,1.9517320282407593,-0.1762679717592408
1.775,2.1782289953009393,0.40322899530093936
1.813,1.4337550996163786,-0.37924490038362135
1.595,1.562832328101294,-0.03216767189870606
1.775,1.7700864862790806,-0.004913513720919305
1.161,1.3094397634390598,0.14843976343905974
5.00001,3.846179360888434,-1.1538306391115656
1.625,1.5460290266448307,-0.07897097335516934
1.355,1.5840729125268749,0.2290729125268749
0.996,1.2066463836807917,0.2106463836807917
1.185,1.2960264116907019,0.11102641169070182
1.569,1.463389213318112,-0.10561078668188806
1.472,1.508632244405486,0.03663224440548607
0.858,0.9458242677634541,0.08782426776345409
5.00001,3.305721442732459,-1.6942885572675408
1.709,1.7771611551181254,0.06816115511812537
2.579,3.2759806048382982,0.696980604838298
1.643,1.6591145973881196,0.0161145973881196
4.389,3.974906825249749,-0.4140931747502514
0.98,1.050543224487311,0.07054322448731098
2.887,2.8537154701647127,-0.03328452983528729
2.032,2.4503678784341782,0.4183678784341782
2.836,2.797350383225995,-0.03864961677400469
1.625,3.1945412469099903,1.5695412469099903
0.953,0.9292150368275616,-0.02378496317243839
1.617,1.5821250316223612,-0.034874968377638815
1.875,1.6350126486099643,-0.23998735139003569
1.58,1.600093316016451,0.020093316016450924
4.561,2.867806680018741,-1.6931933199812588
1.029,1.3203882871670365,0.2913882871670366
1.654,2.0266004778407694,0.37260047784076944
0.544,0.5061672806004938,-0.037832719399506276
1.472,1.5109749095931158,0.03897490959311578
0.95,1.0083042046670239,0.05830420466702391
1.43,2.5029347648288596,1.0729347648288596
0.972,1.2950792734833667,0.32307927348336674
1.129,1.1754184911607746,0.046418491160774566
1.733,1.7858254676559788,0.05282546765597873
3.931,2.83487504763779,-1.09612495236221
0.63,0.7917756015269276,0.1617756015269276
2.973,2.7090830871769893,-0.26391691282301055
2.421,1.9360874990675856,-0.4849125009324142
2.939,3.2659753202651514,0.3269753202651513
1.131,1.3933930946168283,0.26239309461682825
1.372,1.279225578985814,-0.09277442101418609
2.971,1.7077133265540465,-1.2632866734459536
2.435,2.402536431469062,-0.032463568530938236
0.988,0.8807842370966343,-0.10721576290336565
2.448,2.522440752382561,0.0744407523825612
3.278,3.325376559275793,0.047376559275793095
4.375,3.696571317962092,-0.6784286820379082
1.635,1.688237284049444,0.053237284049443945
1.024,1.373244411941954,0.349244411941954
1.122,1.0922542517878573,-0.02974574821214282
1.659,2.2452140616848433,0.5862140616848432
2.5,2.8254147382892922,0.32541473828929224
1.581,1.768380725128754,0.18738072512875403
0.875,1.0186780630082564,0.14367806300825636
1.35,1.4060837466962866,0.05608374669628646
0.795,1.4439799909812414,0.6489799909812414
1.621,1.351263406726758,-0.26973659327324206
2.284,1.9579220184201305,-0.32607798157986934
1.406,1.7352011872506359,0.32920118725063596
0.713,1.7810784434523803,1.0680784434523805
2.663,2.647804456010819,-0.01519554398918066
0.813,0.7578485373905577,-0.05515146260944226
1.85,2.1436362685149106,0.29363626851491054
3.293,3.596988059027777,0.3039880590277768
1.688,1.4738109894754694,-0.21418901052453054
1.104,1.5670582916481741,0.463058291648174
5.00001,4.560169341420258,-0.4398406585797412
0.857,1.6016922287011273,0.7446922287011273
0.633,0.5446010991448348,-0.08839890085516522
5.00001,4.947471473930173,-0.05253852606982701
1.838,2.106906644672637,0.2689066446726369
1.507,1.3430055884686751,-0.16399441153132477
2.429,2.480291266915679,0.05129126691567931
3.267,2.670798827309168,-0.5962011726908321
2.204,1.9749018369290934,-0.2290981630709068
2.407,2.162149586363486,-0.24485041363651394
5.00001,4.899809254951985,-0.10020074504801446
0.984,1.1599918017213136,0.17599180172131357
1.669,1.9559875537279723,0.28698755372797224
2.054,2.055856923099282,0.0018569230992819818
0.901,1.01130183244497,0.11030183244497005
1.898,1.8069155843728903,-0.09108441562710956
1.625,1.3754551983738907,-0.24954480162610926
3.337,2.5065813517316022,-0.830418648268398
0.851,1.1362602756252653,0.28526027562526535
1.344,1.1878674289918272,-0.1561325710081729
1.446,1.8000478411067653,0.35404784110676535
2.15,2.0485081671622236,-0.1014918328377763
0.975,1.213475123053931,0.23847512305393093
2.1,2.804295455167258,0.7042954551672578
3.12,3.055539221109823,-0.0644607788901772
3.0,2.8934884923305875,-0.10651150766941253
2.024,1.9385598115822666,-0.08544018841773338
2.541,3.3685970205257947,0.8275970205257948
1.16,1.6459444950044873,0.48594449500448733
1.67,1.8358619842901587,0.16586198429015875
3.969,3.2861742809680914,-0.6828257190319085
2.27,1.9018134352382035,-0.36818656476179656
5.00001,4.075917900375427,-0.9240920996245725
5.00001,4.5245714044747265,-0.4754385955252731
1.99,2.0496295031964027,0.0596295031964027
3.691,4.828869833333327,1.137869833333327
0.225,1.666004517221142,1.4410045172211419
0.957,1.0253445138083757,0.0683445138083757
3.659,4.418934913961039,0.7599349139610396
2.158,2.223601804953695,0.06560180495369528
2.055,1.6765809326994094,-0.3784190673005907
5.00001,4.595309759366245,-0.40470024063375476
2.508,2.0042924831564632,-0.5037075168435368
3.636,3.904180300038157,0.26818030003815707
2.942,3.040336936034632,0.09833693603463178
1.714,1.4897845375996912,-0.22421546240030876
2.613,2.1351389313477003,-0.4778610686522997
1.149,1.280806798156318,0.13180679815631802
2.584,2.152728394266796,-0.4312716057332042
1.063,0.8318617643572306,-0.23113823564276936
0.989,1.0787570966386038,0.08975709663860376
2.42,2.1362603248715493,-0.28373967512845066
1.461,1.7387645304860733,0.2777645304860732
1.546,1.8586773305860806,0.3126773305860806
1.975,2.307641141233767,0.3326411412337671
2.896,3.2186932460317452,0.3226932460317453
3.257,2.2727847928337996,-0.9842152071662005
0.533,0.6081659120041039,0.07516591200410383
0.878,1.0754985800582288,0.19749858005822885
1.783,1.9839112133840775,0.20091121338407758
1.971,2.0805849872663282,0.10958498726632815
1.234,1.5191115223369358,0.2851115223369358
2.929,3.0684159109759466,0.13941591097594674
1.098,1.3653220018846417,0.2673220018846416
1.242,1.6538346029859885,0.4118346029859885
0.573,0.5371944322718788,-0.03580556772812116
4.047,3.5387319516058775,-0.5082680483941222
1.875,2.4551031002124697,0.5801031002124697
0.637,0.8108284248758562,0.17382842487585615
1.012,1.2503558339607967,0.23835583396079674
5.0,4.8170705848214235,-0.18292941517857653
0.455,0.6629340463100176,0.2079340463100176
4.635,3.752169058086526,-0.8828309419134737
1.813,2.4597062828361342,0.6467062828361343
3.074,2.5514007125462705,-0.5225992874537293
3.718,4.111928870833333,0.3939288708333333
0.56,0.7586016362934214,0.1986016362934213
2.893,2.189525851584435,-0.7034741484155647
1.282,1.5761766823426944,0.29417668234269434
2.714,2.5550800234140856,-0.1589199765859144
1.821,1.912071542303518,0.091071542303518
2.194,2.2695967037501354,0.0755967037501355
0.784,1.0798085710635783,0.2958085710635783
0.961,1.1708206830800676,0.20982068308006763
3.947,3.8198413312105695,-0.1271586687894306
2.225,2.283329303447098,0.05832930344709775
0.875,1.895700751706194,1.020700751706194
1.375,1.5676015744665956,0.19260157446659565
2.461,1.7746248026454317,-0.6863751973545682
1.757,1.5900016860683426,-0.16699831393165732
1.641,1.6710428442087166,0.030042844208716613
1.328,1.218439740070502,-0.10956025992949803
1.292,0.8483532922795047,-0.4436467077204953
2.241,1.9012519358115356,-0.3397480641884645
1.039,0.8507402636003745,-0.18825973639962545
1.128,1.273952974025975,0.14595297402597507
2.438,2.953439516358654,0.5154395163586538
0.886,0.954242675376524,0.06824267537652395
1.861,2.575853731725683,0.7148537317256831
1.861,1.254628923611112,-0.6063710763888881
1.609,1.4604775347524348,-0.14852246524756518
1.492,1.437784175537238,-0.05421582446276196
0.764,0.7313493199770102,-0.032650680022989764
5.00001,3.5141490523719328,-1.4858609476280669
0.956,1.3287658902618422,0.37276589026184226
2.375,2.1913692283602844,-0.18363077163971564
4.183,3.718491329607891,-0.46450867039210886
1.975,2.517934743998513,0.5429347439985128
0.664,0.8017425486409728,0.1377425486409728
2.69,3.462270662309912,0.772270662309912
2.19,3.455845415280301,1.265845415280301
1.569,1.5921450272639581,0.023145027263958173
1.342,1.5971178046333283,0.2551178046333282
2.042,1.872030859657927,-0.1699691403420729
2.188,2.9147683576272927,0.7267683576272925
1.818,2.5491156722883592,0.7311156722883592
1.685,2.1229764244844813,0.43797642448448126
2.992,2.399978772237382,-0.592021227762618
1.66,1.4631147753138223,-0.19688522468617764
1.935,1.5442170218258096,-0.3907829781741905
2.125,2.0537408216958966,-0.07125917830410344
3.862,2.617926073581881,-1.2440739264181193
2.684,1.9474626008495002,-0.7365373991505
1.281,2.2447029474164766,0.9637029474164767
2.712,2.651155742055021,-0.06084425794497905
0.884,1.1254644945455226,0.24146449454552255
1.015,1.0125525905664143,-0.002447409433585568
4.955,3.9878720939290124,-0.9671279060709876
1.673,1.478456973326938,-0.1945430266730621
1.413,1.8461218003137183,0.4331218003137183
5.00001,4.978174951013505,-0.021835048986494243
3.213,3.4096592552863365,0.19665925528633643
0.821,1.1183788810108701,0.2973788810108702
0.929,1.231155969427769,0.3021559694277689
1.68,1.5061068055532765,-0.17389319444672346
1.35,1.490583560250704,0.14058356025070395
2.431,2.31764492021341,-0.1133550797865901
1.571,1.6695824838659152,0.09858248386591528
0.979,1.2160428129746592,0.23704281297465923
1.777,1.8622040773347877,0.08520407733478774
1.318,1.3765468680654136,0.05854686806541354
2.688,3.1794785616071426,0.49147856160714243
3.143,1.9565750892883056,-1.1864249107116942
1.836,2.232743353413357,0.39674335341335687
1.0,0.69697451630136,-0.30302548369864
2.322,2.4243654637461156,0.10236546374611555
1.381,1.3109573237938827,-0.07004267620611726
1.625,1.4504501560901495,-0.1745498439098505
4.573,2.9402140896618367,-1.6327859103381637
1.392,1.4188200161488096,0.02682001614880969
2.445,2.6371902127843034,0.1921902127843036
0.616,0.6114400202433516,-0.004559979756648347
2.37,2.12090315383398,-0.24909684616602012
1.125,1.408012432108699,0.2830124321086991
1.223,1.533969301675229,0.31096930167522885
5.00001,2.6677840482234716,-2.332225951776528
1.101,1.4284343572583613,0.32743435725836134
3.009,2.859466381888606,-0.14953361811139398
1.675,1.3971583756816508,-0.27784162431834925
2.464,3.0476318656383574,0.5836318656383574
2.793,3.601644989760692,0.8086449897606918
4.14,2.8458935362858915,-1.2941064637141082
0.587,0.5380884304151918,-0.048911569584808134
2.949,3.5649694076179346,0.6159694076179347
3.652,3.383407878846603,-0.26859212115339703
3.683,3.1930004777725,-0.4899995222275
2.392,2.0001056034988727,-0.39189439650112723
1.214,1.7660551408766796,0.5520551408766796
2.15,2.313620164730008,0.16362016473000818
1.139,1.2543070277040544,0.11530702770405443
2.364,2.340142681223049,-0.023857318776951075
1.717,1.9920112003968256,0.2750112003968255
2.485,3.0769089976833413,0.5919089976833414
0.582,0.6618847725670983,0.07988477256709836
0.678,0.5701026176915416,-0.10789738230845847
0.757,0.9670730719694474,0.21007307196944736
1.78,1.8688715813933297,0.08887158139332962
0.604,0.6208398695396427,0.01683986953964267
2.261,2.8436475624999984,0.5826475624999983
1.795,1.9751903749295205,0.1801903749295206
1.582,1.9256593867346676,0.34365938673466756
2.786,2.8217908368671916,0.03579083686719153
4.808,3.922440396778712,-0.8855596032212878
1.923,1.9906820362673243,0.06768203626732427
1.417,1.185753334452499,-0.23124666554750095
3.308,3.16097990742979,-0.14702009257020965
1.0,0.9864403778749532,-0.0135596221250468
1.032,1.2850800678011756,0.25308006780117553
0.535,0.5713448407941945,0.03634484079419442
1.857,1.6567164832976566,-0.20028351670234334
1.929,1.8073207244542246,-0.1216792755457754
2.56,2.9914212318135815,0.4314212318135815
1.385,1.5820881839337724,0.19708818393377237
0.696,1.0050657612179486,0.3090657612179486
2.468,3.4475588058397917,0.9795588058397917
2.659,3.0130827970868355,0.35408279708683565
1.625,1.3964275641008643,-0.22857243589913567
3.227,3.409277427396618,0.18227742739661812
1.489,1.7894750065206266,0.30047500652062653
4.29,4.3853375624007915,0.0953375624007915
5.00001,4.718409865190014,-0.28160013480998547
2.541,2.791270880227036,0.25027088022703614
3.281,3.060219427564103,-0.22078057243589733
1.691,2.0621824644616407,0.3711824644616406
2.554,2.3677180948899217,-0.18628190511007814
0.764,0.8971976338130508,0.13319763381305083
1.514,1.9374945582445862,0.42349455824458615
3.111,2.88445730985708,-0.2265426901429204
1.875,2.012766036076182,0.1377660360761821
2.132,2.1231596680922413,-0.008840331907758792
2.083,1.7663381622897063,-0.3166618377102939
2.028,2.2391255272150214,0.21112552721502142
0.901,2.3918719554018213,1.4908719554018213
0.924,1.1574043645389511,0.23340436453895108
1.365,1.1316679017857145,-0.23333209821428547
0.922,1.1022194811266472,0.1802194811266472
0.794,0.762626134819222,-0.031373865180778004
0.955,1.031664979257443,0.07666497925744309
2.492,2.207407021756013,-0.2845929782439871
1.117,1.257186416469333,0.14018641646933294
1.906,1.5383999605252654,-0.3676000394747345
1.918,2.2621598361965787,0.34415983619657875
5.00001,4.319735205820636,-0.6802747941793639
0.508,0.7221957526014828,0.21419575260148283
1.635,1.1117575241057551,-0.5232424758942449
3.689,4.083089965972203,0.3940899659722028
0.57,0.7039451766828742,0.1339451766828742
0.75,1.0270638800797636,0.27706388007976357
2.29,2.4399071959171876,0.1499071959171876
3.409,3.8795970723214275,0.47059707232142767
2.766,2.8980829402591985,0.13208294025919853
1.884,1.9098952553806519,0.02589525538065196
0.739,0.7217071849045823,-0.01729281509541769
1.5,2.077607856604547,0.5776078566045468
1.471,1.6471992551587298,0.1761992551587297
1.863,1.8228556320099902,-0.040144367990009755
2.349,2.3204853484934937,-0.02851465150650645
1.225,1.3964182470089457,0.1714182470089456
3.989,3.201810122582972,-0.7871898774170281
2.5,3.59389630177895,1.0938963017789498
1.136,1.553098747638509,0.41709874763850907
2.448,2.6135644627401957,0.16556446274019576
2.25,2.108048834355011,-0.141951165644989
1.869,2.8723286752487285,1.0033286752487285
3.097,3.3794936335305414,0.28249363353054147
1.306,1.5631781911715041,0.2571781911715041
3.423,2.7301395249092804,-0.6928604750907197
0.65,0.6885216052013643,0.03852160520136427
2.789,2.164579833052042,-0.6244201669479583
1.688,2.3588583686052127,0.6708583686052128
4.184,3.5569196051584115,-0.6270803948415886
1.09,1.4275066484321004,0.3375066484321003
1.601,1.8485244998169166,0.2475244998169166
3.45,3.621567294211949,0.1715672942119486
4.188,3.6882884376819804,-0.4997115623180193
2.091,2.0030486421359806,-0.08795135786401964
0.975,1.0962754220779218,0.12127542207792186
5.00001,4.919885901785708,-0.08012409821429145
1.086,0.899124261932388,-0.18687573806761204
1.333,1.8152088367093497,0.4822088367093498
0.509,0.5910989577028913,0.08209895770289133
3.116,3.1090710929042293,-0.006928907095770764
3.655,3.6229820201914364,-0.03201797980856336
1.75,2.476757187729084,0.7267571877290839
1.703,1.3081583522580706,-0.3948416477419294
2.795,2.49886212534572,-0.29613787465428
1.259,1.49822916550819,0.23922916550819018
1.557,1.599366053129018,0.04236605312901798
0.833,0.939974586649371,0.10697458664937098
1.563,2.2984296526988346,0.7354296526988346
2.148,2.6556908730273916,0.5076908730273915
1.103,0.8072858665354085,-0.2957141334645915
1.65,1.0510106729155664,-0.5989893270844335
3.495,3.3188574658931764,-0.17614253410682368
5.00001,5.000009999999992,-7.993605777301127e-15
1.257,1.2161695824333796,-0.040830417566620314
1.931,2.1939328243982774,0.26293282439827736
5.00001,4.992892958333326,-0.007117041666673707
1.996,2.338026472380809,0.34202647238080885
5.00001,3.5885706226111695,-1.41143937738883
1.634,1.9301385504634259,0.29613855046342596
1.375,1.5964997991646341,0.22149979916463414
1.215,1.3615741405953232,0.14657414059532314
3.812,3.5129348952581907,-0.29906510474180914
1.119,1.6111605532643476,0.4921605532643476
0.58,0.8115682914832302,0.23156829148323022
0.638,0.9357896086418895,0.2977896086418895
3.632,3.1194559233512567,-0.5125440766487435
2.064,1.9775452918733891,-0.08645470812661094
3.708,2.725966474120658,-0.9820335258793422
0.818,0.9631514676753309,0.14515146767533094
2.715,2.498951256376937,-0.21604874362306292
1.97,2.2355208635700348,0.2655208635700348
0.734,0.9354634483239328,0.20146344832393281
3.017,3.3406700836875673,0.32367008368756744
1.196,1.7201035687639497,0.5241035687639497
2.581,2.2646365397648944,-0.31636346023510553
0.175,3.1839297261322033,3.0089297261322034
1.457,1.7924898196854815,0.3354898196854814
1.02,0.9531087351192566,-0.06689126488074337
4.0,3.8610113108896007,-0.1389886891103993
0.992,0.9176390101245163,-0.07436098987548367
4.854,4.089315740079364,-0.764684259920636
4.771,4.740389081944442,-0.030610918055558045
0.669,0.5991518532913553,-0.0698481467086447
3.754,4.611582044642852,0.8575820446428524
1.696,2.2153928892595953,0.5193928892595954
2.476,2.7463582866699485,0.27035828666994854
1.647,1.6431892439342746,-0.0038107560657254513
3.094,3.1184623461623553,0.02446234616235543
1.853,1.8236017822282833,-0.029398217771716695
2.302,2.4510234339361596,0.14902343393615958
1.561,1.593216547694867,0.03221654769486704
3.025,3.3173224735626023,0.29232247356260244
0.978,1.237785486819615,0.259785486819615
2.513,2.821080609083171,0.3080806090831709
2.813,2.7819151190476186,-0.0310848809523816
1.531,1.3051190915083521,-0.22588090849164777
3.556,3.852327859485796,0.2963278594857961
1.013,1.025329473459418,0.01232947345941815
2.66,2.1702829293449564,-0.4897170706550438
1.607,1.4658711995275762,-0.14112880047242382
3.058,2.9428700820175053,-0.1151299179824945
1.475,1.1992129810178898,-0.27578701898211033
1.863,1.8262333835020275,-0.036766616497972526
1.626,1.6589735119248545,0.03297351192485465
4.847,3.7564929241071416,-1.0905070758928588
1.75,1.9532641869811684,0.20326418698116844
1.272,1.2381679974964066,-0.03383200250359342
3.651,2.998821077807644,-0.652178922192356
2.365,1.8537247858969734,-0.5112752141030268
2.14,2.0717091084045607,-0.06829089159543944
2.258,3.0334107070710474,0.7754107070710474
1.289,1.26762503669363,-0.02137496330637001
0.735,1.4794806680402934,0.7444806680402934
1.147,1.9639976322821837,0.8169976322821837
1.75,1.9332680884839217,0.18326808848392173
3.181,2.1885932017835454,-0.9924067982164546
3.312,3.1891453353937735,-0.1228546646062263
1.925,2.6744715446474556,0.7494715446474556
1.595,1.5525295945075759,-0.04247040549242409
1.627,1.7548934226647894,0.12789342266478942
0.673,1.0222337217935569,0.34923372179355683
2.129,1.6802213619258244,-0.4487786380741756
1.406,1.529858739162807,0.12385873916280699
1.865,1.396453299816401,-0.468546700183599
3.932,3.8529461709821433,-0.07905382901785662
0.553,0.7703050222080943,0.21730502220809422
4.098,3.5065450110643566,-0.5914549889356433
1.918,1.9851238418566362,0.06712384185663622
0.995,1.2873048492432035,0.29230484924320355
1.75,2.0242910669551994,0.27429106695519945
1.58,1.538668489741582,-0.04133151025841797
1.069,1.1853944622784318,0.11639446227843186
2.772,2.31841686235971,-0.4535831376402899
3.267,2.7278772717786253,-0.5391227282213746
0.96,0.7202010988502207,-0.2397989011497793
4.318,4.983811853989696,0.6658118539896964
1.722,1.8461930583563284,0.12419305835632843
1.125,1.3092171569462145,0.18421715694621454
2.25,0.9873082673116709,-1.2626917326883291
2.595,2.276466784002028,-0.31853321599797235
2.915,2.9732109205377952,0.0582109205377952
0.504,0.7094282113510885,0.20542821135108846
1.5,2.705078047966104,1.2050780479661038
2.246,2.418087019861156,0.17208701986115615
1.306,1.429782867689157,0.12378286768915703
0.697,0.8201868953003443,0.12318689530034432
3.53,2.619845498332835,-0.9101545016671646
2.312,2.8173641277342654,0.5053641277342655
2.051,1.7931753457089183,-0.2578246542910818
3.981,3.8645661817126653,-0.11643381828733457
1.413,1.5482980178267571,0.1352980178267571
1.733,1.4400935081810637,-0.29290649181893635
1.279,1.209916398630503,-0.06908360136949687
2.895,2.062767696252177,-0.8322323037478232
0.959,1.0649964009283555,0.1059964009283555
1.334,1.587775703739548,0.25377570373954783
1.468,1.6828917511883268,0.21489175118832682
1.813,2.188435175578442,0.3754351755784422
0.546,0.7771615068322378,0.2311615068322378
0.555,0.577475333221825,0.022475333221824934
1.5,1.7841656668766706,0.28416566687667055
1.028,0.8489805730663255,-0.17901942693367456
0.933,0.983965698761776,0.050965698761775924
1.231,1.3626132964039939,0.13161329640399377
2.318,1.5020415988948472,-0.8159584011051528
1.595,1.6764443188700633,0.08144431887006331
1.083,1.1010701811816612,0.01807018118166126
0.431,0.4994453537057941,0.06844535370579413
1.056,0.9354328151975284,-0.12056718480247164
1.683,1.6925633739090302,0.00956337390903017
0.283,1.3472289614661652,1.0642289614661653
2.829,2.6201405968883624,-0.20885940311163775
2.343,1.9775350642666087,-0.3654649357333912
2.125,1.078662373430659,-1.046337626569341
2.056,2.0427970553009716,-0.013202944699028496
1.5,2.0526894637600206,0.5526894637600206
1.93,1.9108919942397915,-0.019108005760208435
0.14999,2.520891274349981,2.3709012743499813
1.7,1.6437919389560154,-0.05620806104398457
1.683,1.744827583522262,0.06182758352226192
0.935,1.2405922098685314,0.3055922098685313
1.918,2.14010178359114,0.22210178359114008
1.815,2.285003822731798,0.47000382273179797
1.954,1.9603369957801853,0.006336995780185317
1.219,1.619382884199134,0.4003828841991339
1.426,1.8293457087976122,0.4033457087976122
1.583,1.5424225845027701,-0.04057741549722982
1.653,1.388988627379368,-0.2640113726206321
1.55,1.573017926107759,0.02301792610775899
0.921,1.039036454390713,0.11803645439071286
0.681,0.6487160599063291,-0.03228394009367097
2.763,2.551730901183556,-0.21126909881644407
3.352,4.075527823336039,0.7235278233360387
1.211,1.3430786567460318,0.1320786567460317
1.771,1.3788714793707384,-0.3921285206292615
1.875,1.7489310959630644,-0.1260689040369356
1.92,1.83105300595238,-0.08894699404761996
3.012,2.8509444394509407,-0.16105556054905934
1.591,1.5112898436054865,-0.07971015639451351
5.00001,5.000009999999992,-7.993605777301127e-15
2.737,2.526234500979519,-0.21076549902048125
2.339,2.4894597193422627,0.15045971934226277
5.00001,2.3800375217917455,-2.619972478208254
2.228,2.586066665011004,0.3580666650110036
1.402,1.6208122879204132,0.2188122879204133
1.598,1.6660482779032466,0.06804827790324652
1.188,1.2598004591505692,0.0718004591505692
5.00001,3.5276042674624213,-1.4724057325375783
1.055,1.5021595365918803,0.44715953659188035
2.178,2.043495466068735,-0.13450453393126516
1.875,2.1775722960375883,0.3025722960375883
2.873,3.495584220060139,0.6225842200601388
1.31,2.2195995890591758,0.9095995890591757
0.558,0.6514513387411289,0.09345133874112888
1.619,1.769412310629977,0.15041231062997706
2.536,2.220118836137943,-0.3158811638620569
1.55,1.643936713467335,0.09393671346733501
3.115,3.563872043920545,0.4488720439205447
0.878,0.8832702253073788,0.005270225307378751
1.058,1.0488152751527373,-0.009184724847262737
1.37,1.696841216473846,0.3268412164738459
1.563,1.5688407260293311,0.005840726029331167
1.547,1.5084018967425765,-0.03859810325742341
1.674,1.5432780954430096,-0.1307219045569903
4.578,4.082378079978355,-0.4956219200216454
5.00001,3.8593232217715387,-1.1406867782284609
1.883,3.9054570307314203,2.0224570307314202
4.429,3.2765748317822476,-1.1524251682177526
5.00001,4.990525468749993,-0.009484531250006256
5.00001,4.541312840832071,-0.4586971591679285
1.875,1.728218211868726,-0.14678178813127407
0.574,0.5479821055582309,-0.02601789444176905
3.875,2.1606379292765867,-1.7143620707234133
2.72,2.9413350368244515,0.22133503682445133
1.676,1.3459669817595674,-0.3300330182404325
4.037,2.9345870644669803,-1.1024129355330197
1.917,1.4876146804641486,-0.42938531953585146
5.00001,3.138485063007775,-1.8615249369922244
1.871,1.9059650242611443,0.03496502426114434
0.964,1.3196676400956866,0.35566764009568663
0.924,1.279667271377251,0.35566727137725096
2.139,2.1293001363125543,-0.009699863687445465
1.55,2.403677580041788,0.853677580041788
1.33,1.671423934200019,0.34142393420001893
2.75,1.9034240121196817,-0.8465759878803183
2.385,2.2405639234632893,-0.14443607653671053
1.583,1.3296882241513823,-0.25331177584861764
0.705,0.8314976677913197,0.12649766779131977
2.223,1.83791474969135,-0.38508525030864993
4.119,3.7667102331704405,-0.35228976682955926
1.851,1.9579046263511468,0.10690462635114684
5.00001,3.2786564693533586,-1.721353530646641
1.398,1.3447071884106074,-0.053292811589392475
1.781,1.8875036283297864,0.10650362832978644
1.593,2.039524528478057,0.446524528478057
1.25,1.0904575532624436,-0.15954244673755635
1.971,2.3605718155925612,0.38957181559256115
0.64,0.7413211962769777,0.10132119627697767
1.946,2.0617686204272436,0.11576862042724367
1.625,1.2937521685756748,-0.33124783142432523
0.844,0.5472904714782576,-0.29670952852174237
0.613,1.1543255235046452,0.5413255235046452
3.682,3.4064997564418107,-0.27550024355818925
1.221,1.3373016877255135,0.11630168772551341
0.861,1.445113874969159,0.584113874969159
2.099,2.2460116145591713,0.1470116145591711
1.708,1.626939034320385,-0.08106096567961507
1.75,1.7431809595800776,-0.006819040419922429
1.266,1.1782986651532608,-0.08770133484673925
2.822,3.1051224848879313,0.28312248488793124
2.077,1.9765907332388206,-0.10040926676117934
1.042,1.927321226190476,0.8853212261904759
2.143,3.479358203811813,1.3363582038118134
0.803,0.7386500865185615,-0.06434991348143859
2.731,1.8851121044543344,-0.8458878955456655
2.375,2.4257495315011415,0.050749531501141476
0.738,0.923914142949674,0.185914142949674
1.844,1.8216720012835637,-0.022327998716436426
3.42,3.0293592828909817,-0.39064071710901827
1.297,1.459293010238345,0.16229301023834508
2.24,2.572210661447497,0.33221066144749667
1.569,1.2343651826992303,-0.3346348173007696
3.949,2.4475032766036757,-1.5014967233963241
1.577,1.885429645063613,0.30842964506361303
1.199,1.1370087328521152,-0.06199126714788483
3.169,3.4120770215135563,0.24307702151355626
2.125,2.4110737726486535,0.2860737726486535
0.683,0.7760508181335078,0.0930508181335078
1.651,1.800957553208437,0.14995755320843696
0.936,0.9925507833809191,0.05655078338091901
0.888,1.0043356595118023,0.11633565951180225
1.847,1.9197674251577699,0.0727674251577699
3.271,3.5902301595871338,0.31923015958713385
1.343,1.0875060563026893,-0.2554939436973107
5.00001,3.0063883898359522,-1.9936216101640474
1.621,1.6692167876221002,0.04821678762210024
5.00001,4.986584874999992,-0.013425125000007476
2.292,2.21342709875589,-0.07857290124410987
1.125,0.8919834397864109,-0.23301656021358907
3.542,2.4876400178141433,-1.0543599821858565
3.621,3.373106977030845,-0.24789302296915494
1.625,1.013140012571341,-0.611859987428659
1.005,1.1903842945963088,0.1853842945963089
0.677,0.8498116208791211,0.17281162087912105
0.571,0.595519209911062,0.024519209911062045
1.648,2.4826080325811266,0.8346080325811267
2.042,2.100681376827759,0.0586813768277592
3.424,3.2853714064043658,-0.13862859359563418
1.815,1.5815253843256274,-0.23347461567437255
3.045,2.770514709104396,-0.2744852908956039
2.353,2.3788385990452694,0.025838599045269195
1.053,2.3130785389301316,1.2600785389301317
2.914,2.935924764026617,0.021924764026616916
1.596,1.8318949039053265,0.23589490390532641
1.118,1.0565947192123895,-0.06140528078761065
1.196,1.366773582275211,0.170773582275211
3.297,1.880388171491176,-1.416611828508824
1.367,1.5763351646040196,0.20933516460401957
1.014,1.0334960958889128,0.019496095888912768
1.186,0.9887877585520215,-0.19721224144797844
1.333,1.570203673305861,0.23720367330586112
0.525,0.6653747250851227,0.14037472508512272
2.346,2.4823758836002403,0.13637588360024022
0.75,0.9391086965920834,0.1891086965920834
1.763,1.724632090113945,-0.038367909886054985
3.468,3.0812550949224393,-0.38674490507756065
2.518,3.110639342400608,0.592639342400608
0.542,0.6578145616150288,0.11581456161502879
0.675,1.356869248927572,0.681869248927572
1.425,1.7718419306080357,0.3468419306080357
1.016,1.119712700785052,0.10371270078505201
2.273,3.0510548456462834,0.7780548456462832
3.372,4.000331279761905,0.6283312797619054
1.188,2.449828161603647,1.261828161603647
0.675,0.7878842772688227,0.11288427726882266
2.02,2.51441074373541,0.49441074373540994
0.942,0.9976125075205815,0.055612507520581556
0.962,0.8942019121242184,-0.06779808787578157
2.25,2.5187277104839607,0.2687277104839607
2.587,2.4930798489913055,-0.09392015100869466
1.031,1.095270023394661,0.06427002339466115
1.172,1.4778854797718082,0.30588547977180824
1.648,1.5217386461345033,-0.12626135386549664
1.44,1.5926261933737524,0.1526261933737525
5.00001,3.957523397530094,-1.0424866024699058
1.554,1.6398300304203441,0.0858300304203441
1.147,1.1469800840321347,-1.9915967865324902e-05
1.231,1.4841105007096385,0.25311050070963836
2.268,2.074552782097056,-0.1934472179029436
1.804,1.6108803379814411,-0.1931196620185589
3.109,3.8504030514649044,0.7414030514649044
1.488,1.6134097133927114,0.12540971339271145
0.847,1.0688923240675,0.22189232406749992
0.637,0.8363593055493149,0.1993593055493149
2.62,2.411546651746898,-0.2084533482531019
4.381,4.092202581841251,-0.28879741815874915
2.265,2.275738119408821,0.010738119408820967
0.876,1.1081914699696753,0.23219146996967532
3.455,3.682537994415584,0.22753799441558398
1.401,1.0669014715758907,-0.33409852842410936
3.667,2.9756046864125456,-0.6913953135874542
2.708,2.8131535595238093,0.10515355952380911
1.688,1.9898695109615292,0.30186951096152925
2.938,3.659603958020136,0.7216039580201357
2.518,2.727320011072496,0.2093200110724962
0.851,0.8894183334477198,0.03841833344771983
2.675,2.9453157369347367,0.27031573693473687
1.409,1.489726582457034,0.08072658245703401
2.855,1.9526870426594953,-0.9023129573405047
1.513,1.187236407374497,-0.3257635926255029
2.25,2.9906175913149347,0.7406175913149347
0.446,0.6984770451383775,0.2524770451383775
4.5,2.4370327330388872,-2.0629672669611128
2.293,3.2131949048282635,0.9201949048282634
2.25,0.6630568464008731,-1.586943153599127
1.38,1.8303630200116756,0.4503630200116757
0.969,0.8300391564718635,-0.13896084352813642
1.612,2.1459494580714473,0.5339494580714472
1.443,1.2428385222809775,-0.2001614777190226
4.5,3.1592257988934684,-1.3407742011065316
1.225,1.2775327765277407,0.05253277652774058
2.487,2.2934799395111343,-0.19352006048886583
1.342,1.4661273513026474,0.12412735130264729
3.481,3.459410510340354,-0.0215894896596458
0.783,1.2571376099123408,0.4741376099123408
1.078,1.0001160142115417,-0.07788398578845834
1.469,1.3848399834239218,-0.0841600165760783
1.883,2.0939492616411366,0.2109492616411366
1.625,1.518044102186067,-0.10695589781393311
0.586,0.5947585577922426,0.00875855779224266
1.837,1.7797295148151508,-0.05727048518484912
1.804,1.8796687109644576,0.0756687109644576
1.75,1.8359008750497696,0.08590087504976962
1.372,2.3295180029761897,0.9575180029761896
1.1,2.2725851379870132,1.1725851379870131
2.334,2.633876590312261,0.2998765903122611
1.283,1.36770431647636,0.08470431647636012
3.5,2.4786874272186155,-1.0213125727813845
1.552,1.7274306376906026,0.17543063769060252
2.567,2.878535922068233,0.311535922068233
0.859,1.1028340804258443,0.2438340804258443
0.732,0.818316327246991,0.08631632724699101
2.583,2.3669465428085408,-0.2160534571914594
0.628,0.7811517067460315,0.1531517067460315
4.85,3.0034909137754267,-1.846509086224573
1.24,1.4689660639699675,0.22896606396996755
1.585,1.6989601450469372,0.11396014504693719
0.973,1.0173490172296014,0.044349017229601384
1.867,1.9287961209482885,0.06179612094828846
3.441,3.6219012657855645,0.18090126578556465
1.667,1.7083207693240587,0.041320769324058704
1.089,1.1206077247073236,0.03160772470732365
4.829,4.534086217111279,-0.29491378288872117
2.044,3.509946059920633,1.465946059920633
2.307,2.2040423172520383,-0.10295768274796169
0.53,0.8125961940425295,0.28259619404252945
1.785,1.7177459720085004,-0.06725402799149949
5.00001,3.473218209543332,-1.5267917904566675
5.00001,4.4164594169642815,-0.5835505830357182
0.849,0.7003817681995687,-0.14861823180043132
5.00001,3.7291004627942406,-1.270909537205759
2.468,2.5800935312611837,0.11209353126118371
1.563,1.635963068691814,0.07296306869181413
2.346,1.89048095959715,-0.4555190404028502
0.488,0.9220470309124034,0.4340470309124034
1.458,1.6134198266038688,0.15541982660386888
2.715,2.349254378356955,-0.365745621643045
5.00001,3.819555931380944,-1.1804540686190554
0.875,1.456419732641696,0.5814197326416961
0.691,0.5917965110314235,-0.09920348896857645
1.393,1.339021241545778,-0.05397875845422195
2.734,2.74147861947551,0.007478619475509873
2.297,2.302233421085858,0.005233421085857781
0.682,0.6801198649623725,-0.0018801350376275172
1.143,1.3912816139927866,0.2482816139927866
1.599,2.313497978496883,0.714497978496883
1.166,1.1233210629764936,-0.042678937023506336
2.099,1.9752997365797955,-0.12370026342020468
0.689,0.6607410798112148,-0.028258920188785175
1.014,1.1548399863620704,0.1408399863620704
2.14,2.1781995027538414,0.03819950275384132
3.553,3.410073309558612,-0.14292669044138773
0.903,1.3138084758856687,0.4108084758856687
1.593,1.5876919559087814,-0.0053080440912185445
0.639,0.8347623343354028,0.1957623343354028
2.182,2.4033118633458077,0.22131186334580777
2.536,2.930056289166836,0.39405628916683577
0.813,1.2202990567775558,0.40729905677755585
1.886,2.0925192435365068,0.20651924353650686
1.654,2.2596675417651335,0.6056675417651336
1.063,1.4229840388367738,0.3599840388367739
2.101,2.399106908256125,0.2981069082561252
1.476,1.4901816460438346,0.01418164604383465
1.125,2.4060464750697097,1.2810464750697097
1.75,1.7145203333871284,-0.03547966661287161
1.566,1.7256184200551765,0.15961842005517646
1.173,1.3771387693281132,0.20413876932811315
2.292,2.0833472711837726,-0.2086527288162272
3.5,1.9779047911652714,-1.5220952088347286
1.719,1.850209967605414,0.13120996760541392
1.993,2.1525985716796536,0.15959857167965352
2.516,3.168531231547619,0.652531231547619
3.0,3.1683393309427146,0.16833933094271458
1.589,1.9108846555247472,0.3218846555247472
2.168,2.4354329603342726,0.26743296033427244
1.98,2.228747149103925,0.24874714910392504
3.561,4.189448167102176,0.6284481671021762
1.923,2.2785886086736276,0.3555886086736275
3.145,2.4055301015196116,-0.7394698984803885
0.5,0.6618144650604494,0.1618144650604494
1.625,1.7723684190163262,0.14736841901632625
1.671,1.6765590825024834,0.005559082502483381
1.388,1.2170287782797669,-0.17097122172023305
1.476,1.5864613128422829,0.11046131284228289
2.385,2.1349050619843535,-0.2500949380156463
1.107,1.5378518711056193,0.4308518711056193
3.338,3.308131491994856,-0.02986850800514418
1.921,2.0346843617346275,0.11368436173462748
2.94,2.398126843893115,-0.541873156106885
1.545,1.4743567634218748,-0.0706432365781251
1.519,1.6392220786506801,0.12022207865068024
5.00001,4.847107417084936,-0.15290258291506387
3.229,2.602103678963612,-0.626896321036388
1.656,2.280943561507937,0.6249435615079373
2.212,2.117635374793147,-0.09436462520685307
1.704,1.7995353477058345,0.0955353477058345
1.987,2.262663027822872,0.2756630278228718
1.625,1.3067139105529293,-0.3182860894470707
4.112,3.5231804334325396,-0.5888195665674605
3.355,3.073615030697139,-0.28138496930286117
1.491,1.4765693974065732,-0.014430602593426878
3.815,3.878958383047594,0.06395838304759405
1.839,1.7864040166701831,-0.05259598332981685
0.912,1.5358688864283365,0.6238688864283365
4.115,3.8034845107178996,-0.3115154892821006
2.203,2.6491781125954104,0.4461781125954105
1.581,1.4919145553863202,-0.08908544461367973
0.696,0.8723147454072677,0.17631474540726777
2.705,2.9514946550680676,0.24649465506806756
2.616,2.8098025292718596,0.19380252927185948
3.895,3.4509770546037375,-0.4440229453962625
0.75,0.9933456261392475,0.24334562613924748
1.776,2.050180561868781,0.2741805618687809
1.704,1.3915784385051313,-0.31242156149486866
1.542,1.5378155304630172,-0.0041844695369828155
1.319,1.4931196711186427,0.1741196711186428
0.444,0.6233859375717898,0.17938593757178983
1.45,1.455785553708582,0.005785553708582025
2.241,2.930771232836607,0.6897712328366068
1.875,1.8128273203320802,-0.06217267966791984
1.929,2.063474653491626,0.1344746534916259
0.886,1.0491795222523188,0.1631795222523188
1.839,1.9269777751056867,0.08797777510568672
2.25,2.6246142411605655,0.3746142411605655
1.828,1.5774418142678683,-0.25055818573213173
1.376,1.7949735919142147,0.4189735919142148
2.653,2.4239252110466802,-0.22907478895331979
0.366,0.7594152936412998,0.3934152936412998
1.255,1.4738574826954227,0.21885748269542282
1.386,2.2296442955143356,0.8436442955143357
4.871,3.9753682821230143,-0.8956317178769861
1.786,1.7039648814386965,-0.08203511856130352
1.345,1.817544372785321,0.47254437278532113
3.067,3.4611300274595904,0.39413002745959025
1.158,1.664083124844609,0.5060831248446092
0.914,1.3065903487752264,0.39259034877522636
2.109,2.058156683219334,-0.050843316780666115
2.592,2.7766382243735603,0.18463822437356026
3.473,3.65561345436508,0.18261345436508014
1.684,2.17114273119255,0.48714273119255025
1.509,1.4181873236442735,-0.09081267635572643
1.135,1.1793153669202752,0.04431536692027516
3.026,2.799679858186038,-0.22632014181396176
4.233,2.8994273298668904,-1.3335726701331092
4.922,4.405204486196654,-0.5167955138033458
1.906,1.859816943100509,-0.04618305689949098
2.45,1.8960133822305374,-0.5539866177694628
0.557,0.8239568026038985,0.2669568026038984
0.84,1.3503948239305001,0.5103948239305002
2.75,2.7039250886608306,-0.04607491133916941
1.896,1.898194759772851,0.002194759772851107
2.759,2.5522855718301454,-0.20671442816985452
3.198,3.29420887202381,0.0962088720238099
2.917,2.309655190778637,-0.6073448092213627
0.679,0.7531076636053455,0.07410766360534549
1.89,1.8755430101484722,-0.014456989851527657
0.9,1.1857881986119148,0.28578819861191473
3.35,3.193817975131008,-0.15618202486899202
1.767,1.729188894777439,-0.037811105222560926
0.985,1.150822444959981,0.1658224449599811
2.006,2.3209687547232942,0.31496875472329444
0.602,0.8490144190078933,0.24701441900789334
1.919,1.8893804017857143,-0.029619598214285725
1.911,2.0216724258626497,0.11067242586264969
3.373,3.1108467133088356,-0.26215328669116467
2.25,3.538210315855707,1.2882103158557072
2.906,2.1941415888994418,-0.7118584111005584
1.215,1.252027750364374,0.03702775036437389
2.932,3.083844196030806,0.1518441960308059
1.07,1.2031918250749574,0.1331918250749573
2.664,2.2716409545840923,-0.3923590454159078
0.769,1.2838502794593056,0.5148502794593056
2.203,1.6302558382900991,-0.5727441617099007
1.011,1.1179341989477602,0.10693419894776035
4.746,3.6493593641447375,-1.096640635855263
0.653,0.6744034309321741,0.021403430932174117
1.137,1.250250614430611,0.11325061443061091
2.142,2.311810932430784,0.16981093243078416
2.167,2.323080695414766,0.156080695414766
1.984,2.0316043385583886,0.04760433855838864
2.122,2.288174611666046,0.16617461166604608
2.227,4.177870388331808,1.9508703883318081
2.659,2.32673996834036,-0.33226003165964
0.375,0.8694488614912175,0.4944488614912175
2.65,2.6350626379870143,-0.014937362012985567
1.087,1.1548499245345691,0.06784992453456917
0.467,0.5164878520190918,0.04948785201909173
1.875,2.13628568135055,0.2612856813505502
0.616,0.7145067549353867,0.09850675493538674
3.43,3.2546191495671204,-0.17538085043287976
1.66,1.965854014634783,0.305854014634783
5.00001,2.548343347751237,-2.4516666522487625
1.375,2.032604192461206,0.6576041924612062
0.906,0.9033312081533499,-0.0026687918466501426
0.77,0.9182640234573304,0.14826402345733036
1.481,1.5152446866490283,0.034244686649028244
0.916,1.3201773704721083,0.4041773704721082
1.509,1.8962356387576982,0.3872356387576983
1.551,1.5485464672894027,-0.0024535327105972282
0.892,0.8380069444482263,-0.053993055551773694
2.154,2.054260484965002,-0.09973951503499778
0.551,0.6946481183942832,0.14364811839428315
1.974,1.9024420387021235,-0.0715579612978765
1.544,1.6437455781973873,0.09974557819738727
1.417,1.7408934415944592,0.3238934415944592
0.984,0.8244984002277629,-0.1595015997722371
1.526,1.8093968060049925,0.2833968060049925
1.096,1.1498257070375297,0.053825707037529646
1.713,1.7222400111233327,0.009240011123332614
1.041,0.916082739384302,-0.12491726061569797
1.539,1.5456895577106649,0.0066895577106649284
2.7,2.472782536546604,-0.2272174634533961
2.865,2.820386149678354,-0.044613850321646
3.35,2.174715115448273,-1.175284884551727
1.377,1.510159810434374,0.13315981043437408
2.32,2.181980332861361,-0.1380196671386389
3.938,3.2864372976190475,-0.6515627023809527
0.703,0.9092172089827862,0.20621720898278628
1.417,1.4552091620859002,0.038209162085900195
1.563,1.5491620607705214,-0.013837939229478513
4.5,3.160158658184525,-1.3398413418154749
1.998,1.8733350741043981,-0.12466492589560185
0.953,1.1292256084134649,0.1762256084134649
0.869,1.013027088701887,0.14402708870188707
1.875,1.6425119336162723,-0.23248806638372765
2.218,2.021645472689577,-0.1963545273104228
0.588,0.759532884325295,0.171532884325295
1.344,1.4980002075338894,0.15400020753388932
2.386,2.674930754557834,0.2889307545578337
1.609,1.9205553096033252,0.3115553096033252
1.364,1.765307945665446,0.4013079456654458
1.44,1.5817183178601308,0.1417183178601309
1.593,1.9049568591015444,0.31195685910154447
1.553,1.7042222338544952,0.1512222338544953
1.426,1.9423611988667773,0.5163611988667773
1.207,1.2292976953500485,0.02229769535004844
1.262,1.7977448202845392,0.5357448202845392
2.134,2.156576333725477,0.02257633372547696
1.169,1.281147573103858,0.11214757310385792
1.858,1.784227895335312,-0.0737721046646882
3.56,3.9270247392399256,0.3670247392399255
1.5,1.4545792576176206,-0.045420742382379364
0.889,0.8568727946612638,-0.03212720533873625
2.591,2.5175819665816,-0.07341803341840025
5.00001,4.143364846884363,-0.8566451531156369
1.276,1.1794900907857087,-0.09650990921429137
0.699,1.0227927945593531,0.32379279455935317
1.37,1.9316554025026487,0.5616554025026486
2.737,2.733186065717322,-0.0038139342826779554
0.92,1.002238151983469,0.08223815198346907
1.183,1.5648831309162046,0.3818831309162045
4.108,4.785777047997833,0.6777770479978331
1.005,1.0927701615600935,0.08777016156009365
4.929,3.8713628845238093,-1.057637115476191
1.185,1.1777197136445907,-0.007280286355409338
1.135,1.1988406820690654,0.06384068206906535
0.899,2.143563780547204,1.244563780547204
5.00001,4.168117531543633,-0.8318924684563669
5.00001,4.996001645656363,-0.0040083543436368885
1.463,3.05712311687621,1.5941231168762098
1.135,1.1320018574536352,-0.002998142546364768
2.75,2.4348974140896997,-0.31510258591030027
1.025,1.13016950550641,0.10516950550641013
1.471,1.7895694545203598,0.3185694545203597
2.25,1.7861574483211804,-0.4638425516788196
1.394,1.744687086397171,0.35068708639717117
1.758,1.635544332465151,-0.12245566753484893
0.57,0.7588861555316199,0.18888615553161991
2.696,1.844984639974512,-0.8510153600254882
2.729,2.496301969328193,-0.23269803067180694
0.762,0.9201263030538309,0.1581263030538309
4.841,4.25758068452381,-0.5834193154761902
1.806,1.5074150323798161,-0.29858496762018394
2.38,2.2656232210306846,-0.11437677896931531
1.375,1.180325440123074,-0.19467455987692595
1.863,1.5138265471007626,-0.3491734528992374
1.929,2.0401117709244847,0.11111177092448465
0.845,0.6774645739928419,-0.1675354260071581
1.076,1.597096507224114,0.5210965072241138
0.555,0.6419663685154067,0.08696636851540662
2.653,2.5109172435185974,-0.14208275648140267
3.883,3.8142649804936517,-0.0687350195063483
4.827,3.951030990512507,-0.875969009487493
1.981,2.748600678928598,0.7676006789285978
0.927,0.7446077713518947,-0.18239222864810534
3.462,3.5540920667656537,0.09209206676565351
0.388,0.7144846945786252,0.32648469457862517
0.567,0.6359812846019556,0.06898128460195563
1.237,1.5457360943052592,0.30873609430525906
0.938,0.8636700192174434,-0.07432998078255659
0.932,1.1222453522835665,0.19024535228356643
0.44,0.687500672115241,0.24750067211524102
0.692,1.1180943965390553,0.42609439653905534
3.018,2.410708232015919,-0.6072917679840808
2.542,2.0199221256975854,-0.5220778743024144
2.098,2.402389147600289,0.30438914760028934
1.845,1.9517325185157524,0.10673251851575238
0.734,0.8816014653636521,0.14760146536365215
3.39,3.1003013998205406,-0.2896986001794595
0.931,0.9162802835223347,-0.014719716477665346
2.023,2.0687502296176628,0.04575022961766262
1.333,0.8821657853864627,-0.45083421461353723
2.707,2.8301408525015566,0.12314085250155671
2.402,2.777195497781041,0.375195497781041
1.393,1.3277824643125373,-0.06521753568746269
0.57,0.7171655942061755,0.1471655942061756
1.707,1.3774418644307185,-0.3295581355692816
1.192,1.3921973264963707,0.2001973264963708
1.773,1.8464016402093233,0.07340164020932338
2.896,2.8424654697526734,-0.05353453024732646
2.976,2.696815681341315,-0.2791843186586851
1.099,1.3325578643101565,0.23355786431015657
1.475,1.7157245026828438,0.24072450268284373
0.787,0.9515680572548189,0.16456805725481882
1.603,1.863392838904209,0.26039283890420895
0.777,1.110437102597205,0.33343710259720505
4.735,4.5457096401289645,-0.18929035987103582
5.00001,4.815410749892463,-0.18459925010753686
1.331,1.4157897944545754,0.08478979445457546
0.935,0.7442151944096139,-0.19078480559038613
2.801,2.764057321479394,-0.036942678520606176
2.567,2.1437692577075707,-0.4232307422924295
2.88,2.5684114292922833,-0.3115885707077166
1.611,1.7686611299718646,0.15766112997186466
1.37,1.7404919213657326,0.3704919213657325
0.62,0.9479069436882961,0.3279069436882961
4.438,4.571281025650353,0.13328102565035316
0.683,1.0669423218656346,0.3839423218656346
2.621,2.482314285686985,-0.13868571431301513
1.094,1.300845826409525,0.20684582640952498
4.093,3.954936475406708,-0.1380635245932922
1.752,1.7648453949282685,0.012845394928268528
1.477,1.7565233091073467,0.2795233091073466
2.875,1.8694420212724723,-1.0055579787275277
0.932,1.1624408280237337,0.23044082802373367
0.938,1.364263331755843,0.4262633317558431
1.724,1.8617196171884327,0.13771961718843273
3.186,3.026291712062379,-0.15970828793762104
1.852,1.8289801137666426,-0.02301988623335749
0.652,0.6571414565190138,0.005141456519013765
1.797,1.2298529391779272,-0.5671470608220728
1.592,1.5890371161090646,-0.0029628838909354638
1.519,1.8853740016386713,0.3663740016386714
0.717,1.2768605892733353,0.5598605892733354
2.452,1.574380669126155,-0.8776193308738449
2.283,3.720061197713167,1.437061197713167
1.964,2.154233257568427,0.19023325756842713
1.924,2.096932916536924,0.172932916536924
0.659,0.7016347324384969,0.042634732438496914
2.823,1.9365235689446407,-0.8864764310553592
1.853,1.9138201273695667,0.06082012736956677
0.886,0.9533490761035625,0.06734907610356244
0.675,0.7887753615300881,0.11377536153008805
1.434,0.9320745521571142,-0.5019254478428857
1.194,1.0502155223389322,-0.14378447766106772
2.158,2.9386293623603943,0.7806293623603944
2.574,2.758699599519604,0.18469959951960435
3.734,2.6215692816378438,-1.1124307183621562
1.523,1.264991231764382,-0.2580087682356178
2.457,2.0934697432307816,-0.36353025676921824
0.8,0.7269058761253547,-0.07309412387464531
1.372,1.5736997386858755,0.20169973868587543
2.669,2.6057342279733993,-0.06326577202660078
3.953,3.5807470381276394,-0.37225296187236045
2.221,2.329854214869657,0.10885421486965674
5.00001,2.7814424620275564,-2.218567537972443
5.00001,3.9195132099879606,-1.080496790012039
2.329,2.349614508976391,0.020614508976390944
2.597,3.351825858298919,0.7548258582989189
2.157,1.8198920070171052,-0.33710799298289484
2.432,2.3862503451028516,-0.04574965489714833
2.214,1.9020498447008591,-0.31195015529914083
1.125,1.2779578343045839,0.15295783430458387
3.885,2.0388772208905284,-1.8461227791094714
4.1,3.28617534025416,-0.8138246597458396
1.63,2.057138985335272,0.4271389853352723
5.0,4.665179193575956,-0.33482080642404366
2.313,2.229250986167182,-0.08374901383281808
0.761,0.9339869215840029,0.17298692158400286
4.586,2.945897417253701,-1.6401025827462994
3.663,3.5372632886811517,-0.12573671131884812
2.968,2.1789718957668183,-0.7890281042331817
0.586,0.5382319330757126,-0.04776806692428737
0.848,0.9314394592683681,0.08343945926836815
1.173,1.8297733209400846,0.6567733209400846
1.266,1.4586768249940838,0.19267682499408378
1.708,1.744260653913996,0.03626065391399602
1.493,1.393112476065895,-0.09988752393410505
1.19,1.2426803225521352,0.052680322552135284
3.75,3.4924518735028856,-0.25754812649711445
2.849,2.9894204164479374,0.14042041644793724
1.701,1.2224170833821397,-0.47858291661786034
5.00001,3.412746476379188,-1.5872635236208117
0.987,1.4506594170771758,0.46365941707717584
0.608,0.709883469348659,0.101883469348659
1.428,1.3519275787211398,-0.07607242127886016
2.239,2.3156638532620546,0.07666385326205472
1.375,2.1468806644134317,0.7718806644134317
2.978,3.1250468472777237,0.14704684727772355
1.127,1.2072268942476794,0.08022689424767937
1.133,0.9505198050573208,-0.1824801949426792
1.214,1.4051123080042682,0.19111230800426826
2.484,2.632339374618624,0.14833937461862412
4.078,4.268392052671836,0.1903920526718359
3.566,3.976842294361152,0.41084229436115205
1.063,1.165366976029819,0.10236697602981915
1.214,1.175936289965328,-0.038063710034671905
2.409,2.088747323122797,-0.3202526768772027
2.471,1.7844561605566827,-0.6865438394433174
1.379,1.0429951923998964,-0.33600480760010365
0.863,0.7609242409902739,-0.1020757590097261
5.00001,3.8390711052027604,-1.1609388947972392
2.163,2.3374088590529407,0.1744088590529409
3.056,3.2829325999313204,0.2269325999313203
1.583,2.086101744464557,0.5031017444645569
4.521,4.020782094850718,-0.5002179051492819
0.95,1.4196169797308107,0.46961697973081074
1.057,0.9240542529880118,-0.13294574701198814
0.846,0.7996367550172843,-0.04636324498271571
2.401,1.7003189620429322,-0.7006810379570676
1.625,1.6502041470707787,0.02520414707077867
0.966,1.296817860019882,0.3308178600198821
0.922,0.8814866558396709,-0.040513344160329146
2.282,2.115036300158567,-0.16696369984143322
1.137,1.4909170783822723,0.35391707838227227
0.69,0.7073377316790774,0.017337731679077484
5.00001,4.403749739073127,-0.596260260926873
2.25,2.0621033678255705,-0.18789663217442953
1.74,1.5271589349747479,-0.21284106502525213
5.00001,4.643112264880947,-0.35689773511905276
2.53,3.4721142451089135,0.9421142451089137
2.776,3.543496997334368,0.7674969973343684
2.852,2.720839173469991,-0.13116082653000882
0.903,1.066637457396845,0.16363745739684488
1.899,1.6575615504058352,-0.24143844959416483
3.166,2.7696259304193487,-0.39637406958065124
3.019,2.787950308107106,-0.23104969189289415
0.931,0.9600344745879118,0.02903447458791175
0.942,1.00287710089904,0.06087710089904008
2.138,2.1799106451455295,0.04191064514552956
1.875,1.8546830774555638,-0.020316922544436178
5.00001,3.892358508351625,-1.1076514916483746
3.257,3.485475880627915,0.22847588062791502
3.0,2.2073552525744673,-0.7926447474255327
1.439,1.645511632217104,0.2065116322171039
5.00001,4.738963878273807,-0.261046121726193
2.641,2.6430292490794294,0.0020292490794293627
0.623,0.9774560609661416,0.3544560609661416
1.388,1.2604212074958503,-0.1275787925041496
1.054,1.192981020559441,0.13898102055944106
0.635,0.6801047836705918,0.045104783670591786
5.00001,2.016352378193452,-2.9836576218065476
0.978,1.1241408886701214,0.14614088867012143
1.274,1.3917008397506,0.11770083975060008
1.353,1.4929698267935776,0.1399698267935776
1.561,1.5223134781837317,-0.03868652181626819
4.468,4.771480503824331,0.3034805038243311
0.65,0.8950445298363079,0.24504452983630787
1.518,1.750576728803713,0.23257672880371305
1.922,2.0090004031385282,0.0870004031385283
1.531,1.9703089587648328,0.4393089587648329
1.658,1.778863748726249,0.12086374872624916
2.542,3.0246223800103627,0.48262238001036284
2.342,2.8064235711126537,0.46442357111265364
1.125,1.0682735576851272,-0.05672644231487278
1.187,1.1813164752823808,-0.005683524717619237
2.409,2.464369008391468,0.05536900839146819
2.833,3.571136717272702,0.738136717272702
4.5,1.9139393359090562,-2.586060664090944
0.521,0.603570301584724,0.082570301584724
0.559,0.726881043547551,0.16788104354755096
0.881,1.2224159266665904,0.3414159266665904
2.489,2.000900172921777,-0.48809982707822286
0.686,1.51659614484127,0.8305961448412699
1.563,1.7010989761812243,0.13809897618122435
2.727,3.075983973214286,0.3489839732142861
3.404,3.430470568651367,0.0264705686513671
2.188,2.11794520059418,-0.07005479940582005
0.701,0.8063084510658131,0.1053084510658131
5.00001,3.221394098308984,-1.7786159016910155
1.625,2.182599651515152,0.5575996515151518
1.118,1.1157129280303035,-0.0022870719696965747
1.102,1.4226156118226698,0.32061561182266973
0.742,0.6275473493540007,-0.1144526506459993
1.032,1.1517278345656645,0.11972783456566449
1.721,2.0512940780432474,0.3302940780432473
1.32,1.1226252949105606,-0.19737470508943944
1.663,1.271143559576997,-0.39185644042300294
1.073,1.0671128728142516,-0.005887127185748353
1.079,0.9532842277916329,-0.12571577220836705
0.946,1.1203000703848056,0.17430007038480566
0.661,0.9980312833764199,0.33703128337641985
1.582,1.6517515417237476,0.06975154172374753
0.958,1.0799514843090587,0.12195148430905878
1.17,1.1700695248137394,6.952481373945218e-05
1.709,1.7799965987435233,0.07099659874352326
0.929,1.242197545358033,0.3131975453580329
1.625,1.606854530703019,-0.01814546929698091
1.938,1.6559843276615092,-0.2820156723384908
1.346,1.0698879677770072,-0.27611203222299285
1.231,0.7622857844835451,-0.468714215516455
1.157,1.4770824485930625,0.32008244859306245
0.835,1.0092871357596642,0.17428713575966426
0.622,0.550323118706108,-0.07167688129389205
0.744,0.9878186098214492,0.2438186098214492
1.801,1.8696432236133895,0.06864322361338959
1.958,2.2987366374475102,0.34073663744751026
5.00001,4.947718435416659,-0.05229156458334039
1.443,1.360967686558968,-0.08203231344103212
1.254,1.0936132088407373,-0.1603867911592627
0.808,0.8270918271652951,0.019091827165295006
0.659,0.724531317429678,0.065531317429678
1.579,1.6579389457633442,0.07893894576334426
5.00001,3.1072634249999993,-1.8927465750000003
1.808,2.345753691456723,0.5377536914567231
2.362,2.550789548406962,0.18878954840696194
1.03,1.1260362565720727,0.09603625657207271
2.169,1.750943117889097,-0.41805688211090297
3.833,3.026854043729613,-0.8061459562703872
5.00001,2.563402959469586,-2.4366070405304137
0.835,0.8347204021141545,-0.00027959788584541734
2.144,2.1039987743709707,-0.04000122562902941
1.0,1.1253768618777913,0.1253768618777913
0.788,0.9159575713326754,0.12795757133267538
0.976,0.9886924244304278,0.01269242443042784
1.784,2.406403914485264,0.622403914485264
2.871,3.35435532114275,0.48335532114275015
2.701,3.430948265438034,0.729948265438034
1.855,2.1207779300018856,0.26577793000188565
0.906,1.179813554939213,0.273813554939213
2.136,1.838584307980446,-0.2974156920195541
1.243,1.1817504079270258,-0.06124959207297431
2.05,1.2651703633690274,-0.7848296366309724
2.567,2.7681260024309062,0.20112600243090606
3.927,4.293196078248529,0.3661960782485285
1.333,1.302777095804548,-0.03022290419545204
1.871,1.8801809376860952,0.00918093768609518
2.554,3.1637705316107514,0.6097705316107516
3.474,3.4167479251738166,-0.05725207482618355
1.717,1.80211713158945,0.08511713158944989
1.125,2.044859314838079,0.9198593148380789
0.826,0.9393274912096417,0.1133274912096417
0.486,0.5113236606631661,0.02532366066316616
1.341,2.58806901651336,1.24706901651336
2.258,2.1354686922758224,-0.12253130772417764
5.00001,4.769266808730155,-0.23074319126984477
4.7,4.315240494734125,-0.3847595052658752
2.258,2.1098717930656044,-0.14812820693439566
1.58,2.1641573493199178,0.5841573493199177
1.171,1.3597241796181363,0.18872417961813626
4.163,4.046640181016283,-0.11635981898371739
1.208,1.254898662835887,0.04689866283588695
2.263,2.300447971183612,0.03744797118361198
1.222,1.294418836630847,0.07241883663084692
1.0,1.1374645123194127,0.1374645123194127
2.295,1.8227539813472418,-0.47224601865275817
1.958,0.8751960739500866,-1.0828039260499134
0.85,2.4735095476927595,1.6235095476927595
2.647,2.2664300730622857,-0.3805699269377141
4.555,4.289221428075397,-0.26577857192460286
1.76,1.8336579094367356,0.07365790943673556
0.811,0.9279351018689695,0.1169351018689695
1.664,2.0090069018255288,0.34500690182552884
0.826,0.8291287769757973,0.003128776975797387
2.722,2.2119360710647644,-0.5100639289352356
2.711,3.6780250566431825,0.9670250566431826
2.394,2.4027686144029623,0.008768614402962172
1.718,1.9829153944097797,0.26491539440977974
1.218,0.9776881243421043,-0.2403118756578957
1.736,1.5871091444647472,-0.14889085553525283
2.393,2.657184564226356,0.26418456422635606
0.588,0.779730355957865,0.19173035595786503
2.875,2.542312315475422,-0.33268768452457786
0.707,1.0295737891793741,0.3225737891793742
1.817,1.755497209818871,-0.06150279018112892
1.137,1.3213053360960325,0.1843053360960325
2.241,2.326089114958314,0.08508911495831395
3.513,4.13920650650183,0.6262065065018305
3.013,2.6589930007077283,-0.35400699929227164
0.807,1.6598409805774839,0.8528409805774838
1.526,1.6121397011028993,0.08613970110289926
2.374,2.4974883428803767,0.12348834288037658
1.794,1.6632385116912658,-0.13076148830873424
5.00001,4.822263361309519,-0.1777466386904809
1.702,2.101077934704184,0.39907793470418396
1.653,1.499079629730009,-0.15392037026999095
2.259,2.3316620169308533,0.07266201693085339
1.597,1.5939757346015635,-0.0030242653984364765
3.635,4.146941616924979,0.5119416169249789
1.321,1.4908380233573864,0.1698380233573864
3.768,3.9251366642857137,0.15713666428571393
0.969,0.8015912069318583,-0.16740879306814171
3.162,3.6682135952214807,0.5062135952214808
3.238,3.401953635416666,0.1639536354166662
3.875,4.094013865919347,0.21901386591934724
1.491,1.4969729513331493,0.0059729513331492345
5.00001,4.951572374999992,-0.04843762500000803
2.25,1.4375651328694767,-0.8124348671305233
1.788,2.070795380254279,0.2827953802542791
0.875,1.0514090087873016,0.1764090087873016
1.301,1.1719624154130641,-0.12903758458693582
5.00001,4.37834093205717,-0.6216690679428298
3.49,3.0671812747753386,-0.4228187252246616
0.73,0.7550962683551243,0.02509626835512435
2.447,2.8172443183080818,0.3702443183080817
2.754,2.2169473239054214,-0.5370526760945786
2.462,2.5014040140993266,0.03940401409932637
2.362,2.4538165769129514,0.09181657691295131
2.322,3.06642394191478,0.7444239419147798
0.533,0.8508265682638072,0.3178265682638072
1.631,1.4573445541733916,-0.1736554458266084
0.724,1.0056958921890888,0.28169589218908886
2.345,2.204917329607821,-0.14008267039217914
1.5,1.7614784333253355,0.2614784333253355
1.161,1.070301680248797,-0.09069831975120302
1.813,1.9745442481082267,0.16154424810822676
1.21,1.4791380112410975,0.2691380112410975
0.887,1.0628038520273784,0.17580385202737836
1.825,1.858882756797663,0.03388275679766295
1.974,2.0712048773448775,0.09720487734487748
1.281,1.40315017937343,0.12215017937343009
0.765,0.9837741752090972,0.21877417520909714
3.0,3.0322800449754874,0.03228004497548742
5.00001,4.2884122951388886,-0.7115977048611111
1.603,1.5479430287145146,-0.05505697128548537
3.356,3.4285773919930036,0.07257739199300373
1.576,1.5204934312943093,-0.05550656870569082
1.906,2.1652785714285723,0.25927857142857236
1.808,2.2167951457572665,0.4087951457572665
1.042,1.0849989525960235,0.04299895259602349
1.118,1.3259780798315652,0.20797807983156513
1.941,2.0212816899764627,0.08028168997646268
2.538,3.543434196297708,1.005434196297708
1.295,2.262023934253247,0.967023934253247
1.176,1.7445664830302192,0.5685664830302193
3.398,3.734950590347995,0.3369505903479948
3.429,3.233594263757549,-0.1954057362424506
1.955,1.9658074312967788,0.010807431296778747
0.838,0.8446007931526877,0.0066007931526876895
0.942,1.162931323693293,0.22093132369329305
1.406,1.2547260604362953,-0.1512739395637046
1.609,2.409241700436271,0.800241700436271
1.693,1.6347775988840638,-0.05822240111593624
2.759,2.6265806205466258,-0.13241937945337412
1.462,1.4813170054264226,0.019317005426422673
2.023,1.9767463625128188,-0.046253637487181365
1.54,1.4703678199800856,-0.06963218001991445
1.355,1.4569211657374157,0.10192116573741572
2.359,2.333374872281694,-0.02562512771830594
1.288,1.2584397749874237,-0.02956022501257638
2.496,1.872015162725147,-0.6239848372748531
3.0,2.8090412562194507,-0.19095874378054933
1.341,1.8143652936829935,0.4733652936829935
3.086,3.3729685429743865,0.2869685429743867
3.5,3.2820341314448185,-0.21796586855518152
1.108,1.4180115401790072,0.3100115401790071
1.908,2.4265501649305556,0.5185501649305557
1.088,1.041394557001712,-0.04660544299828806
1.444,1.6538182429758692,0.20981824297586926
1.629,1.3819344701527558,-0.24706552984724417
1.639,1.692676273695157,0.05367627369515704
0.98,0.932565479766196,-0.04743452023380401
1.327,1.4093281997235554,0.08232819972355543
2.831,2.896661273343252,0.065661273343252
4.072,3.254640236730013,-0.8173597632699869
2.482,2.657910725277474,0.17591072527747365
0.645,1.0469518295662257,0.40195182956622566
5.00001,3.158136154135504,-1.8418738458644954
1.944,3.0111834135416675,1.0671834135416676
1.375,1.6094844645481832,0.23448446454818317
1.273,1.2521771395364558,-0.02082286046354409
0.853,0.9062224175862454,0.05322241758624546
1.949,1.974569719337047,0.025569719337046992
2.211,2.533893404581529,0.32289340458152926
1.922,1.923660455657408,0.001660455657408022
4.045,2.977175310237333,-1.0678246897626669
0.735,0.7973581356870597,0.062358135687059724
2.337,2.091768302713402,-0.24523169728659822
1.188,1.1160524517090478,-0.07194754829095218
0.7,1.2706619760800018,0.5706619760800018
1.828,1.7142459427002543,-0.11375405729974575
5.00001,4.914161123592336,-0.08584887640766325
1.577,2.008897441141542,0.43189744114154216
2.479,3.1139227986577955,0.6349227986577954
5.00001,3.7806235952380947,-1.219386404761905
3.579,2.7684051309067472,-0.810594869093253
0.569,0.5547951922609047,-0.014204807739095271
3.024,3.3538503369341264,0.32985033693412635
1.254,1.3616418677106628,0.10764186771066275
3.864,2.7555832611346505,-1.1084167388653494
1.756,1.6011756249524969,-0.15482437504750313
1.105,1.393162398249466,0.2881623982494661
3.867,4.553354828869045,0.6863548288690451
1.375,1.7011017076450332,0.3261017076450332
2.287,2.4750487496997473,0.1880487496997474
1.494,1.7693106459587777,0.27531064595877774
0.737,0.7221028811009663,-0.014897118899033668
5.00001,4.268635101488093,-0.7313748985119064
1.321,1.5358416304134734,0.21484163041347348
0.865,1.1623075833269754,0.2973075833269754
4.179,3.5041685934265616,-0.6748314065734387
1.726,1.9069625951069753,0.18096259510697532
0.997,0.8467640266067432,-0.15023597339325678
0.725,1.1342845987080736,0.40928459870807365
1.808,1.9730792243329014,0.16507922433290134
3.084,2.623192306935967,-0.46080769306403324
2.883,2.6178801446324154,-0.26511985536758464
3.022,3.7647236683487284,0.7427236683487286
2.888,3.470730395833333,0.582730395833333
1.0,1.333062504395701,0.33306250439570095
2.33,2.188645587728012,-0.14135441227198786
1.369,1.379447084571186,0.010447084571185927
2.094,2.365894372921597,0.27189437292159724
2.466,2.769869825726473,0.3038698257264727
0.652,1.1079749984707103,0.4559749984707103
4.912,3.425741665569583,-1.486258334430417
3.567,2.767198290333758,-0.7998017096662422
1.643,2.3598456594747557,0.7168456594747556
0.882,0.9454204714793901,0.06342047147939012
1.559,1.3042643643292995,-0.25473563567070046
1.917,1.663571157590383,-0.25342884240961694
0.844,1.5951207916828511,0.7511207916828512
1.901,2.1529131642316024,0.25191316423160237
1.125,1.079074146994944,-0.04592585300505592
1.152,1.6481216437609825,0.49612164376098256
1.746,1.976177614703515,0.23017761470351505
1.135,1.720588652873784,0.5855886528737839
1.524,2.303560885860578,0.7795608858605778
2.503,2.3981965004960317,-0.10480349950396839
1.837,1.9723872805634595,0.1353872805634595
5.00001,2.863960290584159,-2.1360497094158406
3.109,2.915896979659869,-0.19310302034013116
2.306,2.0230808413547186,-0.2829191586452815
0.685,1.18999688440796,0.50499688440796
2.674,2.8260356666814914,0.1520356666814915
1.453,1.793197084086706,0.3401970840867059
2.82,2.71733510376673,-0.10266489623326969
2.821,1.441655165004221,-1.379344834995779
1.898,1.8864229941850297,-0.011577005814970232
2.544,2.4471168840393784,-0.0968831159606216
1.617,1.6246047913333643,0.007604791333364336
1.888,1.614405075773367,-0.2735949242266329
5.00001,3.4995545433465893,-1.5004554566534103
0.944,0.8081095769594346,-0.1358904230405653
3.428,2.3648754246209216,-1.0631245753790783
1.915,2.894215317540275,0.9792153175402749
2.096,1.9254170534240795,-0.17058294657592055
2.35,1.8924604530972864,-0.4575395469027137
2.314,3.450367595645344,1.136367595645344
1.302,1.635625982142857,0.3336259821428569
2.082,1.9692005050687005,-0.11279949493129937
5.00001,4.982308583156362,-0.017701416843637574
1.686,2.0437162677301,0.35771626773010023
2.281,2.173669880247581,-0.10733011975241924
1.269,1.7332803213842944,0.46428032138429454
1.355,1.401882691079753,0.04688269107975307
1.567,1.9786448063305229,0.4116448063305229
2.086,2.3584925304931224,0.2724925304931225
4.367,2.4966365291594412,-1.8703634708405588
0.71,0.5163730756189652,-0.1936269243810348
0.888,0.8859943283710414,-0.002005671628958594
3.416,3.785541084505387,0.36954108450538703
1.202,1.1244040554990875,-0.07759594450091245
1.482,1.5906322252051839,0.1086322252051839
5.00001,4.037075407614358,-0.9629345923856416
3.75,2.2785746151938344,-1.4714253848061656
1.375,1.5077714793370036,0.13277147933700362
0.648,1.0101075076145183,0.36210750761451826
2.318,2.495511563981362,0.17751156398136203
1.607,1.6286613426878052,0.021661342687805174
2.51,2.351307620402201,-0.1586923795977988
1.425,1.947408759920636,0.522408759920636
1.765,1.9727533575277711,0.20775335752777124
1.771,2.2690437578760525,0.4980437578760526
3.118,3.55661256156773,0.4386125615677301
0.846,1.2551825036239455,0.4091825036239455
1.226,1.1969052724409495,-0.029094727559050515
1.982,2.2369569871369257,0.2549569871369257
5.0,4.529293129694919,-0.4707068703050812
2.798,2.9499272580559652,0.1519272580559652
1.95,2.1894605639301137,0.23946056393011372
2.028,1.8167571079075084,-0.21124289209249159
3.541,3.5476654626547566,0.006665462654756649
2.595,2.7473123472845042,0.15231234728450405
5.00001,2.8252039554233788,-2.174806044576621
2.724,2.9032828387339884,0.1792828387339882
1.839,1.825326079892918,-0.013673920107081905
2.858,2.4777928456761935,-0.3802071543238066
2.25,2.0984212289094257,-0.15157877109057427
2.926,2.6101004001094874,-0.31589959989051275
0.552,0.5191909362865679,-0.032809063713432174
2.62,2.155489590710908,-0.46451040928909215
1.589,1.6068330006751204,0.017833000675120392
1.721,2.0762423700312937,0.35524237003129366
1.917,2.048916920438458,0.13191692043845804
2.25,2.2281512344410963,-0.021848765558903693
1.083,1.2119749169064338,0.1289749169064338
1.136,1.0528060969626776,-0.08319390303732233
1.0,1.3255780664519086,0.32557806645190857
1.917,2.1783965790511894,0.2613965790511894
1.172,0.8639975360688403,-0.3080024639311596
1.106,1.081228044019492,-0.024771955980508187
0.802,0.8736094172354287,0.07160941723542869
0.981,1.370621748416195,0.3896217484161951
2.538,2.531707839294389,-0.006292160705610783
0.481,0.5127777101482276,0.03177771014822761
1.928,1.7174033434412976,-0.2105966565587023
1.328,1.2078028918424693,-0.12019710815753082
1.963,1.8364438562692378,-0.1265561437307623
3.208,2.677677428779234,-0.5303225712207662
3.194,3.122760534600816,-0.07123946539918391
2.037,2.5819838522644654,0.5449838522644654
2.071,2.528788332505729,0.45778833250572903
0.799,1.0676893016017386,0.26868930160173854
5.00001,4.221175415811944,-0.778834584188056
3.3,2.175675761007631,-1.1243242389923687
1.39,1.4757704675199992,0.08577046751999928
1.875,1.9286449787274933,0.0536449787274933
4.483,3.5771411969495794,-0.9058588030504202
1.763,1.8036581050548808,0.04065810505488088
1.759,1.118179005932029,-0.640820994067971
1.042,1.3652821004339193,0.32328210043391925
1.622,1.6170114606650798,-0.004988539334920272
1.668,1.6158809633973483,-0.0521190366026516
1.612,1.5716346461930413,-0.040365353806958826
1.531,1.6196272681686872,0.08862726816868727
1.569,1.122306446427041,-0.44669355357295903
1.581,1.717428856598327,0.13642885659832693
0.769,0.8914736818181821,0.12247368181818208
1.654,1.643549073513178,-0.010450926486821999
0.735,1.651426631877697,0.9164266318776969
1.184,1.7390980350715122,0.5550980350715122
1.424,1.571039328754948,0.14703932875494807
2.803,2.837987590009667,0.034987590009667
1.072,1.443179930513614,0.37117993051361386
1.833,1.8647610434527313,0.03176104345273134
0.988,0.6749933774924747,-0.3130066225075253
2.345,2.1514777352656047,-0.1935222647343955
1.435,1.5403901422404092,0.1053901422404091
1.08,1.5220044615505697,0.4420044615505696
0.978,1.0238438508091727,0.04584385080917275
0.705,0.8135524103468708,0.1085524103468708
2.259,1.9490685790876536,-0.30993142091234627
2.398,2.494459050983739,0.09645905098373886
1.364,1.9490644052858368,0.5850644052858367
1.806,1.7209204171113517,-0.08507958288864836
2.396,2.0912207270971015,-0.3047792729028984
2.657,2.69520104165688,0.0382010416568801
2.042,1.8347085444252804,-0.2072914555747194
1.225,1.830214668257053,0.605214668257053
2.04,2.586044832233044,0.546044832233044
1.953,1.8859755032540726,-0.06702449674592748
2.158,2.0963324077796166,-0.061667592220383316
5.00001,4.926514302083327,-0.07349569791667232
0.758,0.7048888436558747,-0.05311115634412533
2.654,3.28435471050543,0.6303547105054301
2.737,4.159839291007059,1.422839291007059
1.164,1.1113496843648403,-0.05265031563515965
0.594,0.7921444562297839,0.19814445622978394
1.37,1.0190515765033956,-0.3509484234966045
1.192,0.7692876074470859,-0.42271239255291404
2.442,2.6468964753329836,0.20489647533298339
1.7,1.5179684955447417,-0.1820315044552583
2.803,3.1292483183661144,0.32624831836611445
2.85,3.8154747705624237,0.9654747705624236
1.026,1.7823981786499936,0.7563981786499936
1.205,1.06374467592728,-0.14125532407272012
3.616,3.974117010055533,0.35811701005553287
4.553,4.386742791937229,-0.16625720806277133
2.134,2.3261519542035716,0.19215195420357167
1.58,2.093858533220076,0.513858533220076
2.17,2.075585296763894,-0.09441470323610579
0.637,0.5964030226984531,-0.04059697730154688
2.443,2.8413215005463504,0.3983215005463503
1.511,1.6265477115107134,0.11554771151071352
1.108,1.0630831323859613,-0.04491686761403879
4.338,4.68250546268939,0.34450546268938975
0.729,0.9413540929977227,0.21235409299772268
1.085,1.3873589686040426,0.30235896860404265
4.526,4.272911333603894,-0.2530886663961054
4.676,4.836649255169169,0.16064925516916873
2.633,2.2640499994764185,-0.3689500005235815
2.668,1.9897400674152237,-0.6782599325847765
5.00001,4.846535468573032,-0.15347453142696743
0.723,0.7226280485491373,-0.000371951450862662
1.515,1.615961342376563,0.10096134237656318
1.03,1.2477233088088373,0.21772330880883728
3.821,3.94429207946551,0.12329207946550991
1.726,2.104297634653541,0.37829763465354116
0.934,0.8877172107637417,-0.04628278923625839
0.965,1.8115295477504207,0.8465295477504208
2.648,2.9076284307683915,0.25962843076839137
1.573,1.7630221362288094,0.19002213622880948
5.00001,4.296624554504868,-0.7033854454951314
1.398,1.7298032390630091,0.33180323906300924
3.156,2.8814326944421715,-0.2745673055578286
2.319,2.4596310069532863,0.14063100695328634
1.594,2.0224508585989076,0.4284508585989075
0.96,1.2214157615454226,0.2614157615454227
1.875,1.8633459384145006,-0.01165406158549942
2.299,2.119466201482756,-0.17953379851724405
1.177,1.5451456203923566,0.36814562039235654
1.696,1.9436788231992996,0.24767882319929968
1.308,1.6804663356340481,0.3724663356340481
1.574,1.798211633740839,0.22421163374083886
0.941,1.1929178842834882,0.25191788428348827
0.727,0.7965711215860669,0.06957112158606693
5.00001,4.9511131163964786,-0.04889688360352107
0.958,1.2460333359057199,0.2880333359057199
0.975,0.9985441971124278,0.023544197112427834
0.788,0.788976341364273,0.0009763413642729368
2.92,3.3468045752394304,0.4268045752394305
0.425,0.9576893573642584,0.5326893573642584
1.875,1.7108011156048182,-0.16419888439518182
2.182,2.1110752125049226,-0.07092478749507736
0.875,1.2567428405090826,0.3817428405090826
1.463,1.50522955163573,0.042229551635729834
1.374,1.5311572566689815,0.1571572566689814
2.767,2.1901191533473208,-0.5768808466526791
1.805,1.5359299854305228,-0.2690700145694771
1.553,1.7405449220427918,0.18754492204279183
2.76,1.8287932818595412,-0.9312067181404586
0.758,0.7377670807122704,-0.020232919287729634
1.676,1.6297836118884206,-0.046216388111579354
2.937,2.281086907323036,-0.6559130926769638
2.254,1.7985756013274503,-0.4554243986725497
5.00001,5.000009999999992,-7.993605777301127e-15
2.239,2.222432747214872,-0.016567252785127717
0.893,1.1886889351828134,0.29568893518281336
2.945,3.7815457156955317,0.8365457156955318
1.958,1.7968648335676,-0.1611351664323999
1.678,1.7473947963732694,0.06939479637326951
1.379,1.0218466988110744,-0.35715330118892563
1.592,1.750257115162647,0.15825711516264684
0.771,2.045592932072829,1.2745929320728293
1.731,2.0259440274595146,0.29494402745951454
1.817,1.6729040362642222,-0.1440959637357777
2.657,2.2691641507653264,-0.3878358492346736
0.967,0.8925198099836809,-0.07448019001631911
1.642,1.4984461543275789,-0.14355384567242102
2.5,3.3560544212379604,0.8560544212379604
4.347,3.8323606011904774,-0.514639398809523
5.00001,4.826376377192977,-0.17363362280702255
0.926,1.001278746163493,0.07527874616349306
2.42,2.101856877919449,-0.31814312208055107
2.348,2.10359321881108,-0.2444067811889199
1.688,1.3832192578308464,-0.3047807421691535
1.544,1.921827927300323,0.3778279273003229
0.64,0.910346988022793,0.270346988022793
0.8,1.2736681489112736,0.4736681489112735
3.222,3.5185203288461535,0.29652032884615354
3.704,3.0956837794999514,-0.6083162205000487
1.813,2.1381579090958063,0.32515790909580633
1.142,1.1430621687534555,0.0010621687534555502
1.125,1.7085229733762575,0.5835229733762575
1.581,1.6071100537140015,0.026110053714001547
2.777,3.0565195661522484,0.27951956615224827
1.542,1.5248019643350317,-0.01719803566496836
1.05,0.9900131335222596,-0.05998686647774043
2.865,2.2422179577748995,-0.6227820422251007
1.902,1.1678753383352452,-0.7341246616647548
0.631,0.7341003685743547,0.10310036857435467
1.899,1.9479563014088825,0.04895630140888252
0.571,0.7234893391310752,0.1524893391310752
2.821,2.324687091989195,-0.4963129080108053
3.5,2.7139238877552194,-0.7860761122447806
1.739,1.5814487295439006,-0.1575512704560995
2.188,1.7731379897598458,-0.41486201024015434
2.25,2.9796689372404956,0.7296689372404956
1.012,1.151490651568361,0.13949065156836093
1.647,2.212893661202562,0.5658936612025618
1.32,1.3551555663445851,0.035155566344585054
2.455,1.7427942295185015,-0.7122057704814986
2.542,2.1673033603393534,-0.37469663966064637
3.015,2.7576063781220834,-0.2573936218779167
1.885,2.622453506315989,0.7374535063159888
1.84,1.7010407691048843,-0.13895923089511575
1.018,1.1472498865306577,0.12924988653065772
2.207,3.369277413794537,1.1622774137945373
5.00001,4.7954282604166645,-0.20458173958333514
2.022,2.3119590551944023,0.28995905519440246
3.878,3.186733626194987,-0.6912663738050133
1.142,0.9356511356132172,-0.20634886438678268
0.475,1.1060832105685394,0.6310832105685394
1.548,1.7257448726278397,0.17774487262783967
4.442,4.250324523030108,-0.19167547696989207
5.00001,2.0048880506969877,-2.995121949303012
1.038,1.2050727696555232,0.1670727696555232
0.675,1.6109804255952382,0.9359804255952382
1.568,1.6536218964709442,0.08562189647094409
3.35,3.0226025907738103,-0.32739740922618976
0.756,0.8625655310965639,0.10656553109656386
0.931,1.1343663031337996,0.20336630313379955
1.686,1.7759713204900414,0.08997132049004142
3.988,3.9581643641831867,-0.029835635816813255
3.365,3.4088131886848743,0.04381318868487405
2.309,1.9822201687776566,-0.32677983122234355
2.528,1.9643831991840357,-0.5636168008159643
3.618,3.782242720053187,0.16424272005318707
2.984,2.395770021432677,-0.5882299785673228
1.115,1.3187570274816098,0.20375702748160984
1.514,1.2492689027222421,-0.2647310972777579
1.006,1.1810916775738676,0.17509167757386757
2.356,2.231879876225501,-0.12412012377449866
2.427,2.322081905365681,-0.10491809463431911
0.668,0.8069419095296073,0.13894190952960728
5.00001,3.7971894408882774,-1.2028205591117223
3.74,3.6721978313492065,-0.06780216865079369
2.3,2.587310364187734,0.28731036418773437
1.411,1.4922101947681743,0.08121019476817426
1.703,3.0037981972518697,1.3007981972518696
2.415,2.4367903810486835,0.02179038104868347
0.603,0.5997156612809401,-0.003284338719059865
4.2,2.5898991912091147,-1.6101008087908855
2.247,2.2415367629997487,-0.005463237000251198
1.515,1.8451844075891402,0.33018440758914025
0.821,1.0979220203608568,0.2769220203608569
1.042,1.2316258590004012,0.1896258590004012
3.614,3.9320543499028764,0.3180543499028765
1.875,3.0757447775673263,1.2007447775673263
2.953,2.854930864914157,-0.0980691350858427
2.162,2.250097438886729,0.08809743888672905
0.663,0.7283335920420101,0.06533359204201006
0.98,1.8152237491227268,0.8352237491227268
1.75,1.518118567821068,-0.23188143217893198
4.6,4.19522547220491,-0.40477452779509004
1.226,1.2200595828670049,-0.0059404171329950906
3.357,2.867786799561897,-0.48921320043810335
1.732,3.0388364853634693,1.3068364853634693
2.332,2.4193882138920224,0.08738821389202256
0.842,1.2335108678777826,0.39151086787778266
0.96,1.041884435578719,0.08188443557871894
0.796,0.7691649169415582,-0.026835083058441844
4.466,3.909871646783374,-0.5561283532166263
1.807,1.951815782816352,0.1448157828163521
1.019,0.7885708869460277,-0.23042911305397218
0.774,1.1041937266678588,0.33019372666785873
5.00001,4.013726065476189,-0.9862839345238106
2.434,2.569662632075397,0.13566263207539686
1.414,1.5152714082036365,0.10127140820363656
2.13,2.1232191741059543,-0.006780825894045606
5.00001,2.681185629207648,-2.3188243707923517
2.48,2.692182725828519,0.21218272582851894
1.606,1.8730539182560897,0.2670539182560896
1.435,2.0043877941176467,0.5693877941176466
2.0,2.7758266691404727,0.7758266691404727
1.019,1.349561904851803,0.33056190485180315
2.209,2.104493377416209,-0.10450662258379095
2.538,3.6184066133928567,1.080406613392857
1.516,2.393061288777439,0.8770612887774392
1.334,1.2727993984063737,-0.06120060159362639
1.462,1.5379687226312315,0.07596872263123156
2.94,2.6002504626775087,-0.33974953732249125
0.854,0.9941309274714355,0.14013092747143552
2.083,1.9563581356893345,-0.1266418643106657
3.097,3.125329472319142,0.028329472319141846
1.0,1.3244187184818867,0.32441871848188675
1.734,2.3818428296164162,0.6478428296164163
0.888,0.9784981486587954,0.09049814865879535
3.344,3.2403301166666667,-0.10366988333333316
0.942,0.9995358600709725,0.057535860070972555
1.514,0.9860557736040901,-0.5279442263959099
3.905,4.207056914583331,0.3020569145833316
1.166,2.7842360040064102,1.6182360040064103
1.531,1.5813593795154908,0.050359379515490854
1.746,1.7550437465625233,0.00904374656252327
0.849,1.0068126594269864,0.1578126594269864
1.25,1.3369083710925094,0.08690837109250937
1.625,1.4177011072098966,-0.20729889279010338
5.00001,4.565663379897659,-0.4343466201023407
0.992,0.9982488050786232,0.006248805078623243
4.575,2.9995813478896105,-1.5754186521103897
5.00001,4.715757117857139,-0.2842528821428605
1.488,1.9963743749999996,0.5083743749999996
1.194,1.1922677631839331,-0.0017322368160668233
3.305,2.4340084606576777,-0.8709915393423224
0.647,0.6737240220595121,0.026724022059512076
1.849,1.8263756133299716,-0.022624386670028418
0.824,0.7634170803977944,-0.06058291960220552
4.004,3.9419476618108833,-0.06205233818911626
5.00001,4.951525076013505,-0.04848492398649462
0.435,0.8852168577607393,0.45021685776073933
1.109,1.3778653973191846,0.2688653973191846
0.633,0.5974232894721371,-0.03557671052786293
3.296,3.3655433950320512,0.06954339503205142
0.924,1.1690950914225466,0.2450950914225466
5.00001,3.376860100781294,-1.6231498992187054
1.742,2.1285533172130107,0.38655331721301067
2.016,2.2063059669767116,0.19030596697671154
1.313,1.9150295709525373,0.6020295709525374
2.432,2.307037335006835,-0.124962664993165
1.938,2.7001444369047616,0.7621444369047616
2.743,2.217165812788844,-0.525834187211156
2.175,2.5304289871841936,0.3554289871841938
1.094,1.2330287532141404,0.13902875321414032
1.897,1.8760877716177653,-0.02091222838223472
1.896,1.9093295944492883,0.013329594449288384
1.557,1.7312816077261552,0.1742816077261553
1.763,1.6862635107646227,-0.07673648923537724
2.399,2.312578641511406,-0.086421358488594
1.102,1.085061904871093,-0.016938095128907094
2.025,1.663984304918569,-0.36101569508143094
1.496,1.7934926052195113,0.29749260521951126
2.254,2.790743074541987,0.5367430745419868
2.73,2.765169563988095,0.03516956398809512
2.772,2.7553049677909778,-0.01669503220902202
1.588,1.2317736147322766,-0.35622638526772343
0.651,0.6089035592529973,-0.042096440747002695
1.391,1.1633967187620713,-0.22760328123792872
1.469,1.2777103849153335,-0.19128961508466658
1.366,1.4301184332172323,0.0641184332172322
4.438,4.034887955815019,-0.40311204418498114
0.475,0.7806296251608672,0.3056296251608672
3.722,3.4091881304792437,-0.31281186952075624
0.525,0.9047277023589807,0.3797277023589807
0.813,1.3453297765272363,0.5323297765272363
1.878,1.9941078036620763,0.1161078036620764
2.393,1.6778473007363375,-0.7151526992636623
1.292,1.7574310202380956,0.46543102023809557
1.161,1.978270143849206,0.817270143849206
2.74,3.101062693878038,0.3610626938780377
1.434,1.3474456719419214,-0.0865543280580785
0.875,0.8825577110188213,0.0075577110188213
2.232,2.245356133570673,0.013356133570672668
2.252,2.315260334759958,0.06326033475995807
1.266,1.2391853199670382,-0.026814680032961835
2.422,2.380504049876731,-0.04149595012326923
2.0,2.961496986607143,0.961496986607143
0.684,1.0161889515590614,0.33218895155906136
1.334,1.6014519085627914,0.26745190856279133
1.798,2.132658181880215,0.334658181880215
0.821,1.1514699529796542,0.3304699529796542
2.986,2.7268770060034186,-0.25912299399658156
2.476,2.4084670813403077,-0.06753291865969224
2.311,2.443350890122821,0.13235089012282097
2.895,2.4817577247328084,-0.4132422752671916
1.193,1.7986911880968486,0.6056911880968485
1.886,1.9758945484990753,0.08989454849907541
1.113,0.8932696657463852,-0.21973033425361477
0.955,1.2492935156598275,0.29429351565982753
2.0,2.198142329259273,0.198142329259273
1.837,1.7215002642754598,-0.1154997357245402
0.701,0.7737555706456292,0.07275557064562921
1.863,1.8434570754843207,-0.019542924515679294
5.00001,4.795458478472217,-0.20455152152778222
1.926,1.7767015971759725,-0.1492984028240274
1.521,1.4110305004628345,-0.1099694995371654
1.99,1.5929581631249135,-0.39704183687508654
0.998,1.127764628078911,0.1297646280789111
0.586,0.6793932282084938,0.09339322820849383
2.096,2.397914962775387,0.301914962775387
1.214,1.8323634476174206,0.6183634476174207
2.275,2.4240018992833194,0.14900189928331953
0.559,0.631464207502149,0.07246420750214899
1.732,1.5080345186790616,-0.2239654813209384
2.697,3.0572693378289655,0.3602693378289654
3.783,3.5279952283730163,-0.25500477162698365
1.656,1.5172238138135739,-0.13877618618642606
2.429,2.5501656593059545,0.12116565930595469
2.361,2.210474528801403,-0.15052547119859705
3.083,3.9141325712119985,0.8311325712119983
2.344,2.891725006710472,0.547725006710472
2.608,2.11778225856791,-0.4902177414320903
2.071,1.6928057817418733,-0.3781942182581268
0.561,0.5970992656069682,0.03609926560696819
0.899,0.8465659946749945,-0.05243400532500553
0.877,1.0226092458185903,0.14560924581859025
1.388,1.4889333955056958,0.10093339550569591
0.811,0.7854657519631686,-0.025534248036831464
2.526,2.9172375479437234,0.39123754794372356
1.429,1.648461218321152,0.21946121832115195
0.342,0.6691823756424572,0.32718237564245717
3.394,2.9615729866406957,-0.43242701335930445
1.417,1.3650681714243964,-0.051931828575603634
3.722,2.335459105757838,-1.3865408942421618
1.493,1.8389297710445374,0.34592977104453726
1.89,1.9356003868045655,0.045600386804565574
1.523,1.4470994448260073,-0.07590055517399263
3.219,3.2807629465187587,0.0617629465187588
5.00001,5.000009999999992,-7.993605777301127e-15
2.185,2.3157999546910846,0.13079995469108452
1.962,2.3033569022273257,0.34135690222732573
1.219,1.7901032128574499,0.5711032128574498
5.00001,3.405771737203761,-1.5942382627962388
1.006,0.9807636114534153,-0.02523638854658472
1.375,1.0303117179348429,-0.3446882820651571
0.925,0.7676693707301946,-0.15733062926980546
3.491,3.547249289417027,0.056249289417027004
5.00001,4.365402814609732,-0.6346071853902675
2.764,2.4842565401852568,-0.279743459814743
2.386,2.7365178941465187,0.35051789414651857
5.00001,4.908319326013507,-0.09169067398649222
0.683,0.7753829225316438,0.09238292253164371
0.534,0.6839652292025933,0.14996522920259325
3.531,3.138615019662061,-0.3923849803379391
2.095,1.8954579594597294,-0.1995420405402708
1.748,1.7327503906616766,-0.015249609338323422
3.44,3.6680426222448768,0.2280426222448768
2.389,2.813340680426557,0.42434068042655726
2.964,2.663213195660294,-0.30078680433970595
3.913,4.553306060416664,0.6403060604166639
3.114,2.7375049820571844,-0.3764950179428155
2.672,2.706555339246615,0.03455533924661491
1.796,1.5752005399198068,-0.22079946008019324
1.528,1.316678926276122,-0.21132107372387798
2.185,1.8525246436072673,-0.33247535639273273
1.617,1.7421409960374592,0.1251409960374592
1.739,2.080564487752353,0.34156448775235293
1.506,1.529468894664965,0.023468894664965045
0.992,1.334799182739155,0.342799182739155
0.74,1.2650635046550671,0.5250635046550671
2.528,3.102466409096321,0.574466409096321
1.765,1.8393466563601308,0.07434665636013094
1.479,1.4817911236194359,0.002791123619435787
2.256,2.785469855758674,0.5294698557586743
1.266,1.036146307695652,-0.22985369230434793
0.857,0.9284688051557385,0.0714688051557385
0.579,0.6521965626350374,0.07319656263503749
0.916,0.8990340279815227,-0.016965972018477382
4.466,3.826850326410411,-0.6391496735895892
0.883,0.7133919160528381,-0.16960808394716187
4.07,4.43911124029586,0.36911124029585984
1.089,1.0818338949790651,-0.007166105020934843
5.00001,4.423125353571427,-0.5768846464285726
5.00001,4.624806566071427,-0.375203433928573
0.949,1.5769680460235225,0.6279680460235225
1.872,1.828176523457104,-0.0438234765428962
2.383,2.504457648165809,0.12145764816580895
3.5,4.029425219093931,0.5294252190939313
2.944,2.39283734453602,-0.5511626554639801
1.401,1.547457247119441,0.14645724711944097
1.573,1.4723827258473432,-0.10061727415265675
2.3,2.6433112889655783,0.3433112889655785
1.5,2.154028610697536,0.6540286106975359
4.213,3.7773248482142856,-0.4356751517857145
1.803,2.503171130852568,0.700171130852568
1.552,1.5730281283179726,0.021028128317972516
0.875,4.497873399553569,3.622873399553569
1.546,1.9259466059969377,0.37994660599693764
1.977,1.929316320314901,-0.04768367968509901
3.243,2.955538610674962,-0.28746138932503795
0.906,1.1599736976174557,0.2539736976174557
2.21,2.741087191092604,0.5310871910926038
2.91,2.8630064459148032,-0.0469935540851969
2.526,2.107948806123198,-0.4180511938768019
2.476,2.702758127064929,0.22675812706492904
1.381,1.8296435208592943,0.44864352085929426
5.00001,4.328306296005814,-0.6717037039941856
4.638,3.457775546503852,-1.1802244534961477
3.359,3.426804583062765,0.06780458306276493
2.414,2.2989491984009782,-0.11505080159902192
1.143,1.1252070964531264,-0.017792903546873573
1.027,1.2027952692099562,0.17579526920995625
0.875,1.1771545000324226,0.3021545000324226
2.707,2.4416062435615102,-0.2653937564384896
1.768,1.6610106767933395,-0.10698932320666055
0.706,0.7454873497490787,0.03948734974907875
1.215,2.0062921625307375,0.7912921625307374
2.205,2.7002312948280953,0.49523129482809525
5.00001,4.537303468154759,-0.4627065318452406
1.114,1.0331210530354542,-0.0808789469645459
1.618,1.415213410850703,-0.20278658914929704
1.224,1.3175537011942102,0.09355370119421025
4.208,3.956648771446079,-0.2513512285539212
2.542,2.6580261657124717,0.11602616571247193
1.018,2.1757158637985663,1.1577158637985663
0.842,1.030212755463012,0.18821275546301208
0.864,0.9907056752973731,0.1267056752973731
2.375,2.5430430275399534,0.16804302753995337
3.125,1.9320801413392164,-1.1929198586607836
3.204,3.3418420476428823,0.1378420476428821
0.882,1.1094247696559703,0.22742476965597025
3.492,3.976110718894316,0.4841107188943159
0.574,0.6494025817080943,0.07540258170809433
1.446,1.8311883779761904,0.38518837797619043
0.621,0.6565208851636959,0.03552088516369589
0.599,0.7772014524542963,0.1782014524542963
0.915,1.2239689528181765,0.3089689528181765
2.464,1.9621058928571429,-0.5018941071428571
1.749,1.7584681765665628,0.009468176566562736
1.911,1.6303842220446843,-0.2806157779553158
5.00001,2.5058340558068215,-2.494175944193178
3.986,3.677622427083334,-0.30837757291666623
2.566,2.282537441584949,-0.28346255841505075
1.844,1.5525054428119751,-0.29149455718802497
1.125,1.223136605899789,0.09813660589978901
1.278,1.4826322331570105,0.2046322331570105
1.487,1.530213617387511,0.04321361738751084
1.279,1.7213731459967199,0.44237314599671995
1.86,2.180013244803214,0.3200132448032138
1.674,1.2661457117200325,-0.4078542882799674
0.425,0.7935588035714284,0.3685588035714284
1.11,1.3094884612553666,0.19948846125536646
2.607,2.603965263588976,-0.0030347364110241415
0.728,0.7259513246121596,-0.0020486753878403707
2.77,1.4317873904914533,-1.3382126095085467
1.0,1.4268986665133476,0.4268986665133476
4.74,3.843677210416665,-0.8963227895833352
1.102,1.2303781880581615,0.12837818805816137
4.543,4.775328788095236,0.23232878809523605
0.918,1.3317146134166427,0.4137146134166426
1.798,1.7706274914998261,-0.02737250850017392
0.875,1.478166554807609,0.6031665548076091
1.161,1.1841873660681252,0.023187366068125215
1.28,1.4788381624146596,0.19883816241465957
0.779,0.8346363074073111,0.05563630740731107
1.231,1.4190948580539715,0.18809485805397141
0.797,0.9220452099946106,0.12504520999461055
1.121,1.231921871332613,0.110921871332613
2.864,3.1390285117334056,0.2750285117334057
2.149,2.409647959605276,0.26064795960527576
2.341,2.4899609225824073,0.14896092258240712
0.544,0.7709435358993117,0.2269435358993117
2.201,1.8781414950827529,-0.3228585049172472
1.719,2.3980675043049002,0.6790675043049001
2.576,2.6156517776971233,0.03965177769712325
2.051,2.103642098595849,0.052642098595848896
1.117,1.4218849914762628,0.3048849914762628
1.911,2.1494896085336355,0.23848960853363543
0.225,1.417987765425806,1.1929877654258059
2.147,1.815527199591599,-0.3314728004084009
4.459,2.6438609505567228,-1.8151390494432769
2.808,2.9057457472672663,0.09774574726726648
3.259,3.4229995871002052,0.16399958710020535
3.167,3.176362505110631,0.00936250511063097
1.167,1.8460208447829274,0.6790208447829273
1.397,1.9815310198094394,0.5845310198094393
1.25,1.651537959728873,0.4015379597288731
1.604,1.7570001633719314,0.15300016337193134
1.188,1.3304481082484518,0.1424481082484519
0.225,1.138097189169549,0.9130971891695491
0.667,0.662143640873016,-0.004856359126984011
1.625,2.0463917311801656,0.4213917311801656
1.266,1.0815047045549009,-0.18449529544509913
1.046,1.2078344194537518,0.16183441945375177
1.705,2.886571060309429,1.181571060309429
1.614,1.7030782971758671,0.08907829717586702
3.273,2.9011678871314754,-0.3718321128685247
3.116,2.9413574462726118,-0.17464255372738835
1.921,1.875075847000252,-0.04592415299974806
1.959,3.62058634892857,1.6615863489285698
0.936,1.1401645650315333,0.20416456503153324
4.417,3.9366501711309523,-0.48034982886904753
2.387,2.110316643036546,-0.27668335696345414
2.508,2.8878110190298005,0.3798110190298005
2.01,1.9260132786954618,-0.08398672130453799
3.642,2.486853593825417,-1.155146406174583
2.122,2.3388921853624582,0.21689218536245836
2.03,2.1557706765379985,0.12577067653799867
1.525,1.4294252763624207,-0.09557472363757924
2.277,2.526896722543502,0.24989672254350204
3.941,2.585570306639755,-1.3554296933602448
2.273,2.766009943673379,0.4930099436733788
0.755,0.8220240426776106,0.06702404267761064
2.006,1.7469497592196954,-0.25905024078030436
4.308,4.34157715864948,0.03357715864948041
0.544,0.7430398661554485,0.19903986615544844
0.988,1.019535493736637,0.031535493736637
0.936,1.146467756262558,0.21046775626255798
1.713,1.7523925699397533,0.039392569939753264
2.12,2.237720269003747,0.1177202690037471
0.797,1.0356428850039,0.23864288500389985
4.13,3.9794450000000006,-0.15055499999999933
2.254,2.192285696636968,-0.06171430336303185
1.59,1.6410318908982666,0.05103189089826654
2.356,2.319393575727075,-0.03660642427292471
1.905,1.8655486417436653,-0.03945135825633472
2.621,2.3089541327853462,-0.31204586721465377
2.927,2.782525079761904,-0.14447492023809616
1.808,2.061900403497444,0.2539004034974439
1.382,2.5835351598024667,1.2015351598024668
2.23,2.1584961606011737,-0.07150383939882632
3.181,3.055226939235999,-0.12577306076400108
2.225,2.4244627094436795,0.1994627094436794
3.534,2.72408831296779,-0.8099116870322098
2.494,2.284656619588744,-0.20934338041125633
1.272,1.1809407692659615,-0.09105923073403854
1.261,1.2049830917164015,-0.0560169082835984
1.333,1.1951585520922672,-0.13784144790773278
5.00001,4.113824496486005,-0.8861855035139943
2.186,2.866605369097674,0.6806053690976741
1.388,1.4277399417325127,0.03973994173251283
2.25,2.3566461654852633,0.10664616548526329
3.0,2.198692494342379,-0.8013075056576211
1.052,1.1302354533116505,0.0782354533116505
1.554,1.7029357088507406,0.1489357088507406
1.209,1.4130802047736353,0.2040802047736352
1.427,1.3801292305992623,-0.046870769400737755
3.26,2.888826025792331,-0.37117397420766896
1.509,1.6692539438594882,0.16025394385948832
3.389,1.6030578999618215,-1.7859421000381783
2.215,2.151050683429118,-0.06394931657088199
0.887,0.8666225441651436,-0.020377455834856395
1.62,2.1141415766382314,0.49414157663823133
2.867,3.392256281890409,0.525256281890409
1.279,1.4090192690992747,0.13001926909927475
2.209,2.634209915922253,0.4252099159222529
1.471,1.1834094293859954,-0.2875905706140047
1.125,1.9560090452047458,0.8310090452047458
1.399,1.3807017299938091,-0.018298270006190887
2.175,1.3895715986784434,-0.7854284013215564
1.931,2.1866282391792136,0.2556282391792135
1.117,1.0422761760305113,-0.07472382396948873
3.91,3.4977844111056675,-0.41221558889433263
2.954,2.4206687452635207,-0.5333312547364795
3.212,2.2322029633887217,-0.9797970366112785
0.439,0.8814162999999999,0.44241629999999993
1.543,1.6876315505262778,0.14463155052627785
1.914,1.7222481815844006,-0.1917518184155993
1.024,1.0861129399693616,0.062112939969361625
1.648,1.6248369928326416,-0.023163007167358307
1.488,1.448029492386327,-0.039970507613672934
1.334,1.5794990071929442,0.24549900719294415
2.198,2.1971252688901366,-0.0008747311098633581
5.00001,3.08212553482114,-1.9178844651788598
2.841,2.4945089808186833,-0.34649101918131686
1.629,1.5894668897031594,-0.03953311029684059
3.534,2.574920343418677,-0.9590796565813227
1.625,1.7611762772657644,0.13617627726576442
2.177,2.08758681324989,-0.08941318675011001
1.12,1.1421801183068427,0.022180118306842633
2.113,2.5546040329450928,0.44160403294509276
2.875,3.245882628125469,0.3708826281254689
0.731,0.9656026654142152,0.23460266541421526
2.691,3.2229672241911826,0.5319672241911828
0.706,0.8507468798319907,0.14474687983199075
2.128,2.5585586971549548,0.43055869715495465
0.526,0.5518969422560487,0.02589694225604866
0.683,1.0407354058250178,0.3577354058250177
1.726,2.0388689229411394,0.31286892294113944
0.543,0.5568750689929204,0.013875068992920347
2.824,3.592944094026598,0.7689440940265984
1.213,1.818635011457435,0.6056350114574349
0.675,1.0436814280296334,0.36868142802963333
2.38,2.314924224655277,-0.06507577534472286
2.581,2.550011486652236,-0.03098851334776409
2.077,1.370350493699716,-0.706649506300284
1.5,1.8383217670978778,0.33832176709787776
2.741,2.469888794813967,-0.27111120518603293
2.109,3.040407208836303,0.931407208836303
0.886,3.122300445448862,2.2363004454488618
0.955,0.9744250073858234,0.019425007385823423
2.882,3.331835498985204,0.44983549898520403
3.901,4.273420188541664,0.37242018854166403
1.381,1.740236490022935,0.359236490022935
2.314,2.147941063753982,-0.16605893624601809
1.633,1.770117071659253,0.1371170716592529
2.996,3.2493823052547937,0.25338230525479366
0.559,0.7462459189898507,0.18724591898985066
1.259,1.1913605892167474,-0.06763941078325253
3.906,3.846452349305462,-0.059547650694538046
2.21,2.461546779215474,0.2515467792154742
0.711,1.1704085119408119,0.4594085119408119
0.751,0.9997395231270108,0.24873952312701075
2.357,2.3473118223317,-0.009688177668300213
3.064,3.2278356682106777,0.16383566821067763
3.379,3.3791903472222224,0.00019034722222244227
1.668,1.714821551965067,0.04682155196506699
3.361,3.230284502795816,-0.1307154972041844
1.568,1.5018081141774717,-0.06619188582252833
1.655,2.258684897403995,0.6036848974039948
3.31,3.4136847215794726,0.1036847215794725
0.542,0.9728220315774913,0.4308220315774912
1.455,1.4911218084152855,0.03612180841528545
5.00001,5.000009999999992,-7.993605777301127e-15
0.746,0.9565900349122689,0.2105900349122689
1.96,2.0628517312383345,0.10285173123833458
1.003,1.1516618575590751,0.14866185755907524
5.00001,4.292157209451183,-0.7078527905488166
1.652,1.5225544708539944,-0.1294455291460055
2.087,2.2402422761477743,0.15324227614777408
2.554,2.6045140559832847,0.050514055983284845
0.685,0.6094378906966572,-0.07556210930334284
1.232,1.216744023260769,-0.01525597673923107
1.414,1.479472559116023,0.06547255911602301
2.524,2.7387296638128857,0.21472966381288572
1.317,1.0109219516882406,-0.30607804831175933
2.75,2.615901443767017,-0.13409855623298306
5.00001,3.568450852946068,-1.4315591470539317
1.453,1.1479535834707553,-0.3050464165292448
1.476,1.6185716297981654,0.1425716297981654
3.94,4.142029753411172,0.2020297534111717
1.804,1.8968628583524865,0.09286285835248642
1.775,1.7199737152155137,-0.055026284784486235
3.325,2.7343640486256215,-0.5906359513743786
1.909,2.1724812847078154,0.2634812847078154
1.873,1.43920240307026,-0.43379759692974007
3.244,2.1499228597874236,-1.0940771402125766
1.625,1.4016231579998732,-0.22337684200012675
0.969,1.0115782113351077,0.04257821133510775
1.289,1.1397694709095025,-0.1492305290904974
2.817,2.618845124840807,-0.19815487515919328
0.547,0.5917515075060019,0.044751507506001875
2.553,3.6004717581349213,1.0474717581349213
2.75,1.6417631957636558,-1.1082368042363442
3.343,2.5760915480040407,-0.7669084519959593
1.261,0.9291772666857309,-0.33182273331426904
2.542,2.4957968720238095,-0.046203127976190306
5.00001,5.000009999999992,-7.993605777301127e-15
2.397,2.5407594876317066,0.14375948763170676
1.875,2.138554748039785,0.26355474803978485
5.00001,4.882073079166662,-0.11793692083333784
2.833,3.1945130151511973,0.36151301515119716
0.829,0.9422622508525096,0.11326225085250963
2.75,2.879781321870232,0.12978132187023217
2.084,2.0185235652449025,-0.06547643475509757
1.261,1.5448732583720168,0.28387325837201693
5.00001,4.0617465316964285,-0.9382634683035711
1.225,1.143249328453305,-0.08175067154669513
2.25,1.0196186386603674,-1.2303813613396326
2.715,2.862773820084548,0.1477738200845482
1.672,1.641829771073494,-0.030170228926506004
1.689,1.8743063392800363,0.18530633928003626
1.194,1.5174501241714813,0.32345012417148133
1.274,1.5941414845708022,0.32014148457080216
1.853,2.2420537513528136,0.3890537513528136
1.323,1.2156144016756456,-0.10738559832435435
2.399,2.0185556132177136,-0.3804443867822864
0.68,0.8661595114792877,0.18615951147928766
4.714,4.556927422103552,-0.15707257789644835
1.456,1.4118609748242092,-0.044139025175790714
1.086,0.9510102391894865,-0.13498976081051361
0.761,0.7933529342355604,0.032352934235560404
3.017,3.4493551981079067,0.4323551981079068
1.325,1.2475543171106427,-0.07744568288935727
0.533,0.5276960153373491,-0.005303984662650918
1.304,1.4081948875209758,0.10419488752097572
1.339,1.2557348126111965,-0.08326518738880351
2.932,2.730161163131402,-0.20183883686859794
1.618,1.7777734300654688,0.15977343006546874
1.625,1.1972331215344112,-0.4277668784655888
2.521,2.7677385774106367,0.24673857741063676
2.624,2.234900318803562,-0.38909968119643823
2.172,2.1592664750369424,-0.012733524963057796
2.944,2.69630082405872,-0.2476991759412801
1.217,1.1890617003116897,-0.02793829968831041
2.445,2.822911750703677,0.3779117507036771
1.03,1.4419284443202702,0.4119284443202702
2.051,1.9650922715515975,-0.08590772844840266
3.315,3.6742654591889576,0.3592654591889577
3.006,2.670672863640235,-0.33532713635976474
1.658,1.4828852707815072,-0.1751147292184927
0.535,0.6684275092364534,0.1334275092364534
0.593,0.6860628990421347,0.09306289904213472
0.788,0.8985387125953036,0.11053871259530357
5.00001,4.548541966812007,-0.451468033187993
1.428,1.4224317984631507,-0.005568201536849227
0.535,0.6380199120203268,0.10301991202032679
0.943,1.5868649743948986,0.6438649743948986
1.969,3.3107070695771554,1.3417070695771554
1.332,1.3633642872874827,0.03136428728748264
0.633,0.9039123919853242,0.27091239198532424
2.246,2.5181937558281673,0.2721937558281673
2.786,4.0827959626303505,1.2967959626303505
1.236,1.5006400679563485,0.26464006795634853
2.293,2.0975928824086507,-0.19540711759134943
2.449,2.0320758862860133,-0.4169241137139865
1.346,2.206452946366864,0.860452946366864
0.54,0.644132057873423,0.10413205787342295
1.617,1.8351119609593838,0.2181119609593838
2.184,2.013204307749373,-0.17079569225062707
0.66,0.9311308250709531,0.2711308250709531
0.982,1.0675574164494825,0.08555741644948256
1.907,1.9008914663635195,-0.006108533636480562
5.00001,4.267952601190472,-0.7320573988095278
1.963,1.7804777367129259,-0.18252226328707422
3.152,2.7938451666666673,-0.35815483333333287
1.589,2.0115519091117218,0.4225519091117218
1.589,1.547234245169702,-0.041765754830297874
1.286,2.3875388967261912,1.1015388967261912
0.932,0.9952660141562987,0.06326601415629862
0.976,1.7325452793220428,0.7565452793220429
0.938,0.6761695167131303,-0.26183048328686964
2.361,2.2629898136912145,-0.09801018630878566
1.125,0.7398126688796457,-0.3851873311203543
0.952,1.130146151466997,0.17814615146699708
3.216,3.3656976402332726,0.14969764023327237
1.281,1.4486349725579346,0.1676349725579347
1.511,1.6160795046152505,0.10507950461525062
0.713,0.9265358592254573,0.21353585922545737
1.14,1.4005533050816676,0.26055330508166774
1.78,1.6892816224363294,-0.09071837756367063
1.491,1.354059359056123,-0.13694064094387715
2.67,3.2674947842053825,0.5974947842053826
3.033,3.365390303530458,0.3323903035304583
1.742,2.0194422504075713,0.2774422504075713
2.241,2.4845764132049277,0.24357641320492762
1.212,1.1934046181141498,-0.018595381885850193
2.75,3.3049047885710308,0.5549047885710308
1.598,1.2872263584679209,-0.3107736415320792
1.326,1.4940535585070664,0.16805355850706638
1.833,1.4849796864544225,-0.3480203135455775
3.286,1.547770557161442,-1.738229442838558
2.063,2.4578167978180656,0.39481679781806545
1.2,1.2686200603779427,0.06862006037794277
3.429,2.5962468670137917,-0.8327531329862081
2.195,2.9255053343671897,0.7305053343671899
3.149,2.0359000595799777,-1.1130999404200224
4.131,4.1597655962301605,0.028765596230160284
2.227,2.230239002205793,0.0032390022057930956
2.178,2.688041962883714,0.5100419628837143
1.094,1.8062762831456998,0.7122762831456997
2.857,3.6386127279933547,0.7816127279933545
2.415,2.7360010274388555,0.3210010274388555
5.00001,5.000009999999992,-7.993605777301127e-15
2.688,1.8881652272593932,-0.799834772740607
2.533,2.098263166399573,-0.4347368336004269
3.512,4.486139313961036,0.9741393139610364
0.875,1.4827031356837608,0.6077031356837608
1.75,1.7792101200810513,0.029210120081051283
2.802,2.673978774251117,-0.12802122574888308
3.844,2.866266803804977,-0.9777331961950231
0.818,0.9971424750052215,0.1791424750052215
2.542,2.5949420397429845,0.052942039742984726
2.908,2.6375782251831152,-0.2704217748168847
0.98,1.2441179940008475,0.26411799400084757
2.846,2.41153427613871,-0.4344657238612899
1.953,1.6975373771270021,-0.2554626228729979
2.714,3.1242869804409295,0.4102869804409295
2.576,2.578344837445605,0.002344837445604764
0.45,0.5474115218131393,0.09741152181313933
4.123,4.384351823768294,0.2613518237682939
0.981,1.0524557849225373,0.07145578492253735
4.713,3.6804037428197396,-1.0325962571802605
3.289,3.0274854373178055,-0.26151456268219464
1.844,1.8121094872132495,-0.03189051278675059
0.987,1.4940991537674437,0.5070991537674437
2.162,2.1559093643988265,-0.0060906356011734
1.319,1.329665152019141,0.010665152019140978
1.115,1.212240863139757,0.097240863139757
2.865,2.600727674274404,-0.26427232572559634
2.849,3.160275888888889,0.3112758888888889
2.08,1.8460806622627555,-0.2339193377372446
2.487,2.7911665795448073,0.3041665795448072
1.36,1.2647564692091475,-0.09524353079085257
4.869,3.7151156735703807,-1.153884326429619
1.708,1.581983663946592,-0.1260163360534079
4.513,3.2573947394755876,-1.2556052605244123
3.482,2.831227934157442,-0.6507720658425584
5.00001,4.394330372023807,-0.6056796279761922
1.533,1.844535956347635,0.311535956347635
2.776,2.695259865382881,-0.08074013461711882
1.065,1.0728569243182733,0.00785692431827334
1.575,2.202639253856627,0.6276392538566269
1.523,1.4790801435434662,-0.043919856456533735
3.205,3.315010889830691,0.11001088983069085
0.567,0.6376944374131075,0.07069443741310755
1.32,1.150298272362644,-0.16970172763735603
2.004,2.0686926414363103,0.06469264143631026
1.932,1.8025737286206112,-0.12942627137938878
1.414,1.7480905945211493,0.3340905945211494
3.041,3.460254133928572,0.41925413392857225
1.938,1.8886180211178765,-0.04938197888212348
0.626,0.6494670068066369,0.023467006806636936
0.527,0.7226298333207772,0.1956298333207772
2.683,2.274866823168984,-0.4081331768310159
0.721,0.7123458178617492,-0.008654182138250754
0.539,0.8319991826065131,0.29299918260651303
2.558,2.7159373235915045,0.1579373235915047
5.00001,3.8602409116071406,-1.139769088392859
5.00001,4.875472740178571,-0.12453725982142849
1.8,2.571998586611465,0.7719985866114649
2.735,2.8375707781437725,0.10257077814377258
2.448,2.9079724295785234,0.45997242957852347
0.5,0.625954221423667,0.12595422142366697
1.424,1.2700060377436857,-0.15399396225631423
0.561,0.6664338156389633,0.10543381563896326
0.865,0.8673787599400082,0.002378759940008246
1.222,1.262411105939498,0.04041110593949804
1.875,2.248247311745023,0.3732473117450228
1.111,1.1404437472064406,0.029443747206440607
0.546,0.5133157858831016,-0.03268421411689848
2.257,2.2705692007460447,0.013569200746044618
1.098,0.9845668904157943,-0.11343310958420583
1.917,2.151760874320933,0.23476087432093284
2.225,2.400159037222827,0.17515903722282689
1.525,1.9488343788995117,0.4238343788995118
2.931,3.4648860274075792,0.5338860274075792
2.056,2.0214873098857065,-0.03451269011429359
3.092,2.5800190272806782,-0.5119809727193219
1.413,1.563851233986453,0.15085123398645295
2.157,2.0489903275935695,-0.10800967240643056
0.55,0.8118642857780742,0.2618642857780742
3.563,3.947836540458529,0.384836540458529
5.00001,4.996745951013505,-0.003264048986494572
1.297,1.2445373257555925,-0.052462674244407426
5.00001,4.9586035624999925,-0.041406437500007165
1.304,1.4132826595329782,0.10928265953297811
3.138,2.681727223703833,-0.4562727762961667
1.792,1.5977379508328275,-0.1942620491671725
1.825,2.016500487942849,0.19150048794284902
5.00001,4.639469476320204,-0.36054052367979583
1.55,0.9786972527472526,-0.5713027472527474
2.825,3.5827401324915598,0.7577401324915596
4.964,4.289971875103021,-0.6740281248969797
3.138,2.769852981097668,-0.3681470189023317
5.00001,4.942824544270826,-0.057185455729173995
3.203,2.682562143225241,-0.520437856774759
1.125,1.890517540277704,0.7655175402777039
1.162,1.111738039262375,-0.0502619607376249
1.635,1.6190546057027333,-0.015945394297266713
1.969,1.9170318322022157,-0.05196816779778435
3.103,2.3322254238573676,-0.7707745761426326
0.979,1.2935359385661633,0.31453593856616335
2.109,2.25294389236368,0.14394389236368
2.515,2.5367925355135745,0.021792535513574407
2.142,2.263735389533479,0.12173538953347895
5.00001,5.000009999999992,-7.993605777301127e-15
2.298,2.6413194207438924,0.3433194207438923
1.975,1.5773563032450035,-0.39764369675499656
1.481,1.8931145555536948,0.4121145555536947
1.279,1.0763273666632842,-0.2026726333367157
2.447,2.2362472483425675,-0.21075275165743257
1.453,1.744565947691895,0.29156594769189503
0.945,1.203911843423216,0.25891184342321616
2.533,2.007799171024667,-0.5252008289753327
1.476,2.102572696508792,0.6265726965087919
3.294,2.787345259840011,-0.506654740159989
1.649,1.5201794191320375,-0.12882058086796255
3.097,2.8709504920923665,-0.22604950790763345
1.13,1.5310558321053365,0.4010558321053366
2.291,2.5951822452235347,0.30418224522353476
2.213,2.8635174575596203,0.6505174575596202
4.708,3.903503422453349,-0.8044965775466513
1.168,1.180449178422262,0.012449178422262008
5.00001,4.224366216529303,-0.7756437834706968
1.617,3.0714072726923076,1.4544072726923076
0.95,1.029314748722527,0.07931474872252697
2.917,2.937491447826063,0.02049144782606316
0.699,0.7280091281080803,0.029009128108080318
1.023,0.976656611352561,-0.04634338864743892
1.087,1.043004397484879,-0.04399560251512091
0.901,1.1465837244186976,0.24558372441869758
5.00001,2.254415080275697,-2.7455949197243026
1.438,1.695678670609631,0.257678670609631
1.946,1.4218590932276818,-0.5241409067723182
2.477,2.6281671832974816,0.1511671832974817
4.7,3.6819200348214274,-1.0180799651785728
5.00001,4.64607044175287,-0.35393955824712986
5.00001,3.0285220426587305,-1.9714879573412691
2.269,2.4964116110597154,0.2274116110597153
3.66,3.3584961609196773,-0.30150383908032286
5.00001,5.000009999999992,-7.993605777301127e-15
2.16,2.101436340707821,-0.05856365929217899
1.542,1.9149352444324674,0.3729352444324674
1.128,1.2197985848979844,0.09179858489798454
1.39,2.012916280577617,0.6229162805776169
3.728,3.853988767545109,0.1259887675451088
0.927,0.990931175597772,0.06393117559777195
0.909,1.0796447715120132,0.17064477151201318
2.067,1.9433650640476876,-0.12363493595231256
1.993,1.7400712284326687,-0.2529287715673314
0.665,0.6432128109758106,-0.021787189024189413
1.335,1.6054557284315163,0.27045572843151633
0.933,1.0423481754350188,0.10934817543501874
3.709,3.7729732501874396,0.06397325018743949
1.573,1.9841386949957003,0.4111386949957003
2.155,2.4079749405032276,0.2529749405032278
2.731,2.2172425819071075,-0.5137574180928923
0.691,0.8302817587742102,0.13928175877421023
1.25,0.8815320218199861,-0.36846797818001387
4.116,4.007216605678161,-0.10878339432183903
1.238,1.3863888291377306,0.14838882913773066
2.015,1.9531543801137414,-0.061845619886258696
2.325,1.9841634246422626,-0.3408365753577376
0.946,1.4908250178640803,0.5448250178640803
1.258,1.8245531660647405,0.5665531660647405
0.607,0.776234413964629,0.16923441396462902
1.75,2.2159121009440286,0.4659121009440286
0.795,0.9641072092231893,0.16910720922318923
1.396,1.429373781202049,0.033373781202049146
0.912,1.564040375302385,0.652040375302385
1.697,1.6456100642064744,-0.05138993579352569
4.025,3.2352194289542036,-0.7897805710457968
3.905,3.9799341803571435,0.07493418035714372
0.775,1.4476974206349207,0.6726974206349207
3.281,2.7003988879933365,-0.5806011120066636
2.65,2.2780045072522004,-0.3719954927477995
1.125,1.577403774981146,0.45240377498114603
2.148,2.1376371820454056,-0.010362817954594483
1.78,2.0092631574157713,0.2292631574157713
2.115,1.6308715392248387,-0.4841284607751615
2.715,2.9247274081073926,0.20972740810739277
2.635,2.578359922248114,-0.05664007775188562
5.00001,4.136782299288813,-0.863227700711187
1.784,2.3613090206961784,0.5773090206961784
1.523,1.615893247114584,0.09289324711458402
3.359,3.3798016011895875,0.020801601189587515
2.701,2.8439649693385176,0.14296496933851754
2.394,2.2243327588858506,-0.16966724111414955
2.197,2.398005681284198,0.20100568128419782
1.662,1.9976354322337602,0.33563543223376024
0.705,0.9748352199009412,0.2698352199009413
3.267,3.403044942728956,0.1360449427289563
2.337,2.0217655525593448,-0.31523444744065543
1.856,1.8401282647673267,-0.01587173523267338
1.525,1.3078720128135393,-0.21712798718646065
3.715,3.6420125234313447,-0.07298747656865512
4.538,4.97529475664682,0.4372947566468195
2.449,2.991703745039688,0.5427037450396881
2.25,1.8485447383455866,-0.40145526165441336
2.544,2.0916819904254953,-0.45231800957450474
2.047,2.1436762478399736,0.09667624783997342
1.431,1.4485257336291542,0.017525733629154105
3.608,3.031764442021232,-0.5762355579787681
0.62,0.7385087269840591,0.11850872698405912
0.768,0.6640398934489302,-0.1039601065510698
3.736,4.113282767587192,0.3772827675871917
2.642,2.4856717640634005,-0.1563282359365994
0.675,1.4839189288634853,0.8089189288634853
1.844,2.5102312437533487,0.6662312437533486
5.00001,4.6532666962797595,-0.3467433037202401
3.117,3.322949215150133,0.2059492151501332
2.414,2.0046022505779866,-0.40939774942201357
2.944,3.669195604948822,0.725195604948822
3.81,3.904426963536939,0.09442696353693902
3.4,3.071811846265727,-0.3281881537342728
0.634,0.7022775296057611,0.06827752960576106
2.185,2.3178859441405892,0.13288594414058919
4.333,3.2523755384436646,-1.0806244615563356
1.71,1.8553853212699434,0.1453853212699434
1.246,1.2720382346360004,0.026038234636000412
0.654,0.9295699869457049,0.2755699869457049
0.883,0.7683458208628399,-0.11465417913716014
1.762,1.8748645506444976,0.11286455064449763
1.954,1.9025576574000134,-0.05144234259998659
1.024,1.0905085247495008,0.06650852474950075
5.00001,3.9553371961241885,-1.044672803875811
1.862,2.111286153499278,0.24928615349927785
1.198,1.381532568661217,0.18353256866121703
2.786,3.20313598125,0.41713598124999995
1.686,1.974372217500258,0.2883722175002581
0.969,1.2247373552748204,0.25573735527482044
0.75,0.8263809881243617,0.07638098812436167
1.764,1.6873790913850126,-0.07662090861498738
4.427,3.277886945475543,-1.1491130545244568
3.338,3.019052615247359,-0.31894738475264095
0.862,1.0024321690444622,0.1404321690444622
5.00001,4.114196025496033,-0.885813974503967
1.452,1.2796841695771333,-0.1723158304228667
1.042,1.4620346371773072,0.42003463717730716
1.079,1.3489668884464316,0.2699668884464317
3.034,2.398309578630955,-0.6356904213690449
2.491,2.2949949145633366,-0.1960050854366635
2.277,2.328474414985293,0.05147441498529304
2.039,2.0768464593392224,0.03784645933922226
1.346,1.7226882764237612,0.3766882764237611
4.261,4.137504044733437,-0.12349595526656287
0.958,1.6391502671387754,0.6811502671387755
0.475,0.8463763227276363,0.3713763227276363
1.469,1.9473181635419323,0.47831816354193224
1.918,1.83388478218615,-0.08411521781385001
0.985,1.3845631426949345,0.39956314269493454
3.49,3.1286826950154336,-0.3613173049845666
1.227,1.6120506907672785,0.3850506907672784
5.00001,4.86432943055555,-0.13568056944444962
1.871,1.97184049077491,0.10084049077491009
2.54,2.305491374729335,-0.23450862527066496
2.65,2.0064727718846376,-0.6435272281153623
2.171,2.3093616199570532,0.13836161995705343
1.297,1.3733180598536119,0.07631805985361195
2.125,2.1794320401022076,0.05443204010220759
3.007,2.9382487190395445,-0.06875128096045557
1.853,2.594781580722856,0.7417815807228558
1.326,1.3757151037436093,0.04971510374360921
2.25,2.2769312643726254,0.026931264372625385
2.811,3.553426615356396,0.7424266153563961
1.875,1.8840333911727787,0.009033391172778682
3.5,1.7299593549723107,-1.7700406450276893
1.265,1.4627117950898025,0.19771179508980263
1.334,1.3317843359700086,-0.0022156640299915153
2.045,2.059512304875489,0.014512304875489157
2.15,2.675222800338325,0.5252228003383252
2.282,2.5110937376480997,0.2290937376480997
1.601,1.7225399858648238,0.12153998586482384
1.625,1.6067991938416113,-0.018200806158388705
1.408,1.887829765368922,0.4798297653689221
3.407,3.1172082573504087,-0.2897917426495913
4.6,3.9004903848443226,-0.699509615155677
1.925,1.8387006821602359,-0.08629931783976419
1.264,1.5965898669751302,0.33258986697513016
1.694,1.752765978056443,0.058765978056443124
1.04,1.0999224813941622,0.05992248139416212
0.902,0.9029920414310924,0.0009920414310923276
0.878,0.8361928492649753,-0.04180715073502472
1.839,2.0613953256958686,0.22239532569586862
3.202,3.830440187499999,0.628440187499999
1.74,1.610843276561295,-0.129156723438705
1.25,1.3051810317000476,0.05518103170004762
0.703,0.836063084996088,0.133063084996088
1.208,1.4216853198890989,0.2136853198890989
2.605,2.206358438879086,-0.3986415611209142
4.316,4.5644139174014295,0.2484139174014297
3.5,2.040527139700577,-1.4594728602994231
1.182,1.5573851614357865,0.3753851614357866
1.094,1.2857674081821404,0.19176740818214033
2.706,2.980680951839828,0.2746809518398279
5.00001,4.8873314583333265,-0.11267854166667313
4.348,2.948172637240177,-1.3998273627598228
2.398,2.822630909106371,0.4246309091063707
0.521,0.5000994106760286,-0.02090058932397143
1.3,1.2157554557365722,-0.08424454426342787
1.792,1.3190643593881974,-0.4729356406118026
0.929,1.060612403951413,0.13161240395141305
3.08,2.1936802505387005,-0.8863197494612995
3.522,4.147924030342741,0.6259240303427416
0.956,1.5735211456482117,0.6175211456482117
1.367,1.5655167526873952,0.19851675268739521
1.155,1.5188593390796543,0.3638593390796543
2.335,2.572315564476832,0.2373155644768321
3.5,2.7996187434948965,-0.7003812565051035
2.736,2.7891634838969264,0.053163483896926156
2.353,2.5895815660573835,0.23658156605738334
5.00001,4.557179715179689,-0.4428302848203103
0.632,0.8094549505597588,0.1774549505597588
1.177,1.2431320445575893,0.06613204455758925
2.631,3.0417257143849215,0.41072571438492167
4.815,4.001231403959224,-0.8137685960407763
